countryterritoryCode,continentExp,countriesAndTerritories,dateRep,total_cases,cases,new_cases_smoothed,total_deaths,deaths,new_deaths_smoothed,total_cases_per_million,new_cases_per_million,new_cases_smoothed_per_million,total_deaths_per_million,new_deaths_per_million,new_deaths_smoothed_per_million,reproduction_rate,icu_patients,icu_patients_per_million,hosp_patients,hosp_patients_per_million,weekly_icu_admissions,weekly_icu_admissions_per_million,weekly_hosp_admissions,weekly_hosp_admissions_per_million,total_tests,new_tests,total_tests_per_thousand,new_tests_per_thousand,new_tests_smoothed,new_tests_smoothed_per_thousand,positive_rate,tests_per_case,tests_units,total_vaccinations,new_vaccinations,new_vaccinations_smoothed,total_vaccinations_per_hundred,new_vaccinations_smoothed_per_million,stringency_index,popData2019,population_density,median_age,aged_65_older,aged_70_older,gdp_per_capita,extreme_poverty,cardiovasc_death_rate,diabetes_prevalence,female_smokers,male_smokers,handwashing_facilities,hospital_beds_per_thousand,life_expectancy,human_development_index
ARG,South America,Argentina,2020-01-01,,,,,,,,,,,,,,,,,,,,,,4,4,0,0,,,,,people tested,,,,,,0,45195777,16,32,11,7,18934,1,191,6,16,28,,5,77,1
ARG,South America,Argentina,2020-01-02,,,,,,,,,,,,,,,,,,,,,,14,10,0,0,,,,,people tested,,,,,,0,45195777,16,32,11,7,18934,1,191,6,16,28,,5,77,1
ARG,South America,Argentina,2020-01-03,,,,,,,,,,,,,,,,,,,,,,19,5,0,0,,,,,people tested,,,,,,0,45195777,16,32,11,7,18934,1,191,6,16,28,,5,77,1
ARG,South America,Argentina,2020-01-04,,,,,,,,,,,,,,,,,,,,,,31,12,0,0,,,,,people tested,,,,,,0,45195777,16,32,11,7,18934,1,191,6,16,28,,5,77,1
ARG,South America,Argentina,2020-01-05,,,,,,,,,,,,,,,,,,,,,,41,10,0,0,,,,,people tested,,,,,,0,45195777,16,32,11,7,18934,1,191,6,16,28,,5,77,1
ARG,South America,Argentina,2020-01-06,,,,,,,,,,,,,,,,,,,,,,94,53,0,0,,,,,people tested,,,,,,0,45195777,16,32,11,7,18934,1,191,6,16,28,,5,77,1
ARG,South America,Argentina,2020-01-07,,,,,,,,,,,,,,,,,,,,,,122,28,0,0,,,,,people tested,,,,,,0,45195777,16,32,11,7,18934,1,191,6,16,28,,5,77,1
ARG,South America,Argentina,2020-01-08,,,,,,,,,,,,,,,,,,,,,,126,4,0,0,17,0,,,people tested,,,,,,0,45195777,16,32,11,7,18934,1,191,6,16,28,,5,77,1
ARG,South America,Argentina,2020-01-09,,,,,,,,,,,,,,,,,,,,,,127,1,0,0,16,0,,,people tested,,,,,,0,45195777,16,32,11,7,18934,1,191,6,16,28,,5,77,1
ARG,South America,Argentina,2020-01-10,,,,,,,,,,,,,,,,,,,,,,204,77,0,0,26,0,,,people tested,,,,,,0,45195777,16,32,11,7,18934,1,191,6,16,28,,5,77,1
ARG,South America,Argentina,2020-01-11,,,,,,,,,,,,,,,,,,,,,,,,,,27,0,,,people tested,,,,,,0,45195777,16,32,11,7,18934,1,191,6,16,28,,5,77,1
ARG,South America,Argentina,2020-01-12,,,,,,,,,,,,,,,,,,,,,,241,37,0,0,29,0,,,people tested,,,,,,0,45195777,16,32,11,7,18934,1,191,6,16,28,,5,77,1
ARG,South America,Argentina,2020-01-13,,,,,,,,,,,,,,,,,,,,,,,,,,21,0,,,people tested,,,,,,0,45195777,16,32,11,7,18934,1,191,6,16,28,,5,77,1
ARG,South America,Argentina,2020-01-14,,,,,,,,,,,,,,,,,,,,,,242,1,0,0,17,0,,,people tested,,,,,,0,45195777,16,32,11,7,18934,1,191,6,16,28,,5,77,1
ARG,South America,Argentina,2020-01-15,,,,,,,,,,,,,,,,,,,,,,,,,,17,0,,,people tested,,,,,,0,45195777,16,32,11,7,18934,1,191,6,16,28,,5,77,1
ARG,South America,Argentina,2020-01-16,,,,,,,,,,,,,,,,,,,,,,,,,,16,0,,,people tested,,,,,,0,45195777,16,32,11,7,18934,1,191,6,16,28,,5,77,1
ARG,South America,Argentina,2020-01-17,,,,,,,,,,,,,,,,,,,,,,,,,,5,0,,,people tested,,,,,,0,45195777,16,32,11,7,18934,1,191,6,16,28,,5,77,1
ARG,South America,Argentina,2020-01-18,,,,,,,,,,,,,,,,,,,,,,,,,,3,0,,,people tested,,,,,,0,45195777,16,32,11,7,18934,1,191,6,16,28,,5,77,1
ARG,South America,Argentina,2020-01-19,,,,,,,,,,,,,,,,,,,,,,,,,,0,0,,,people tested,,,,,,0,45195777,16,32,11,7,18934,1,191,6,16,28,,5,77,1
ARG,South America,Argentina,2020-01-20,,,,,,,,,,,,,,,,,,,,,,,,,,0,0,,,people tested,,,,,,0,45195777,16,32,11,7,18934,1,191,6,16,28,,5,77,1
ARG,South America,Argentina,2020-01-21,,,,,,,,,,,,,,,,,,,,,,243,1,0,0,0,0,,,people tested,,,,,,0,45195777,16,32,11,7,18934,1,191,6,16,28,,5,77,1
ARG,South America,Argentina,2020-01-22,,,,,,,,,,,,,,,,,,,,,,244,1,0,0,0,0,,,people tested,,,,,,0,45195777,16,32,11,7,18934,1,191,6,16,28,,5,77,1
ARG,South America,Argentina,2020-01-23,,,,,,,,,,,,,,,,,,,,,,,,,,0,0,,,people tested,,,,,,11,45195777,16,32,11,7,18934,1,191,6,16,28,,5,77,1
ARG,South America,Argentina,2020-01-24,,,,,,,,,,,,,,,,,,,,,,,,,,0,0,,,people tested,,,,,,11,45195777,16,32,11,7,18934,1,191,6,16,28,,5,77,1
ARG,South America,Argentina,2020-01-25,,,,,,,,,,,,,,,,,,,,,,,,,,0,0,,,people tested,,,,,,11,45195777,16,32,11,7,18934,1,191,6,16,28,,5,77,1
ARG,South America,Argentina,2020-01-26,,,,,,,,,,,,,,,,,,,,,,,,,,0,0,,,people tested,,,,,,11,45195777,16,32,11,7,18934,1,191,6,16,28,,5,77,1
ARG,South America,Argentina,2020-01-27,,,,,,,,,,,,,,,,,,,,,,,,,,0,0,,,people tested,,,,,,11,45195777,16,32,11,7,18934,1,191,6,16,28,,5,77,1
ARG,South America,Argentina,2020-01-28,,,,,,,,,,,,,,,,,,,,,,245,1,0,0,0,0,,,people tested,,,,,,11,45195777,16,32,11,7,18934,1,191,6,16,28,,5,77,1
ARG,South America,Argentina,2020-01-29,,,,,,,,,,,,,,,,,,,,,,,,,,0,0,,,people tested,,,,,,11,45195777,16,32,11,7,18934,1,191,6,16,28,,5,77,1
ARG,South America,Argentina,2020-01-30,,,,,,,,,,,,,,,,,,,,,,247,2,0,0,0,0,,,people tested,,,,,,11,45195777,16,32,11,7,18934,1,191,6,16,28,,5,77,1
ARG,South America,Argentina,2020-01-31,,,,,,,,,,,,,,,,,,,,,,249,2,0,0,1,0,,,people tested,,,,,,11,45195777,16,32,11,7,18934,1,191,6,16,28,,5,77,1
ARG,South America,Argentina,2020-02-01,,,,,,,,,,,,,,,,,,,,,,,,,,1,0,,,people tested,,,,,,11,45195777,16,32,11,7,18934,1,191,6,16,28,,5,77,1
ARG,South America,Argentina,2020-02-02,,,,,,,,,,,,,,,,,,,,,,250,1,0,0,1,0,,,people tested,,,,,,11,45195777,16,32,11,7,18934,1,191,6,16,28,,5,77,1
ARG,South America,Argentina,2020-02-03,,,,,,,,,,,,,,,,,,,,,,251,1,0,0,1,0,,,people tested,,,,,,11,45195777,16,32,11,7,18934,1,191,6,16,28,,5,77,1
ARG,South America,Argentina,2020-02-04,,,,,,,,,,,,,,,,,,,,,,252,1,0,0,1,0,,,people tested,,,,,,11,45195777,16,32,11,7,18934,1,191,6,16,28,,5,77,1
ARG,South America,Argentina,2020-02-05,,,,,,,,,,,,,,,,,,,,,,,,,,1,0,,,people tested,,,,,,11,45195777,16,32,11,7,18934,1,191,6,16,28,,5,77,1
ARG,South America,Argentina,2020-02-06,,,,,,,,,,,,,,,,,,,,,,,,,,1,0,,,people tested,,,,,,11,45195777,16,32,11,7,18934,1,191,6,16,28,,5,77,1
ARG,South America,Argentina,2020-02-07,,,,,,,,,,,,,,,,,,,,,,253,1,0,0,1,0,,,people tested,,,,,,11,45195777,16,32,11,7,18934,1,191,6,16,28,,5,77,1
ARG,South America,Argentina,2020-02-08,,,,,,,,,,,,,,,,,,,,,,,,,,1,0,,,people tested,,,,,,11,45195777,16,32,11,7,18934,1,191,6,16,28,,5,77,1
ARG,South America,Argentina,2020-02-09,,,,,,,,,,,,,,,,,,,,,,,,,,1,0,,,people tested,,,,,,11,45195777,16,32,11,7,18934,1,191,6,16,28,,5,77,1
ARG,South America,Argentina,2020-02-10,,,,,,,,,,,,,,,,,,,,,,255,2,0,0,1,0,,,people tested,,,,,,11,45195777,16,32,11,7,18934,1,191,6,16,28,,5,77,1
ARG,South America,Argentina,2020-02-11,,,,,,,,,,,,,,,,,,,,,,258,3,0,0,1,0,,,people tested,,,,,,11,45195777,16,32,11,7,18934,1,191,6,16,28,,5,77,1
ARG,South America,Argentina,2020-02-12,,,,,,,,,,,,,,,,,,,,,,265,7,0,0,2,0,,,people tested,,,,,,11,45195777,16,32,11,7,18934,1,191,6,16,28,,5,77,1
ARG,South America,Argentina,2020-02-13,,,,,,,,,,,,,,,,,,,,,,,,,,2,0,,,people tested,,,,,,11,45195777,16,32,11,7,18934,1,191,6,16,28,,5,77,1
ARG,South America,Argentina,2020-02-14,,,,,,,,,,,,,,,,,,,,,,,,,,2,0,,,people tested,,,,,,11,45195777,16,32,11,7,18934,1,191,6,16,28,,5,77,1
ARG,South America,Argentina,2020-02-15,,,,,,,,,,,,,,,,,,,,,,,,,,2,0,,,people tested,,,,,,11,45195777,16,32,11,7,18934,1,191,6,16,28,,5,77,1
ARG,South America,Argentina,2020-02-16,,,,,,,,,,,,,,,,,,,,,,,,,,2,0,,,people tested,,,,,,11,45195777,16,32,11,7,18934,1,191,6,16,28,,5,77,1
ARG,South America,Argentina,2020-02-17,,,,,,,,,,,,,,,,,,,,,,,,,,2,0,,,people tested,,,,,,11,45195777,16,32,11,7,18934,1,191,6,16,28,,5,77,1
ARG,South America,Argentina,2020-02-18,,,,,,,,,,,,,,,,,,,,,,,,,,1,0,,,people tested,,,,,,11,45195777,16,32,11,7,18934,1,191,6,16,28,,5,77,1
ARG,South America,Argentina,2020-02-19,,,,,,,,,,,,,,,,,,,,,,,,,,0,0,,,people tested,,,,,,11,45195777,16,32,11,7,18934,1,191,6,16,28,,5,77,1
ARG,South America,Argentina,2020-02-20,,,,,,,,,,,,,,,,,,,,,,267,2,0,0,0,0,,,people tested,,,,,,11,45195777,16,32,11,7,18934,1,191,6,16,28,,5,77,1
ARG,South America,Argentina,2020-02-21,,,,,,,,,,,,,,,,,,,,,,,,,,0,0,,,people tested,,,,,,11,45195777,16,32,11,7,18934,1,191,6,16,28,,5,77,1
ARG,South America,Argentina,2020-02-22,,,,,,,,,,,,,,,,,,,,,,,,,,0,0,,,people tested,,,,,,11,45195777,16,32,11,7,18934,1,191,6,16,28,,5,77,1
ARG,South America,Argentina,2020-02-23,,,,,,,,,,,,,,,,,,,,,,,,,,0,0,,,people tested,,,,,,11,45195777,16,32,11,7,18934,1,191,6,16,28,,5,77,1
ARG,South America,Argentina,2020-02-24,,,,,,,,,,,,,,,,,,,,,,,,,,0,0,,,people tested,,,,,,11,45195777,16,32,11,7,18934,1,191,6,16,28,,5,77,1
ARG,South America,Argentina,2020-02-25,,,,,,,,,,,,,,,,,,,,,,268,1,0,0,0,0,,,people tested,,,,,,11,45195777,16,32,11,7,18934,1,191,6,16,28,,5,77,1
ARG,South America,Argentina,2020-02-26,,,,,,,,,,,,,,,,,,,,,,,,,,1,0,,,people tested,,,,,,11,45195777,16,32,11,7,18934,1,191,6,16,28,,5,77,1
ARG,South America,Argentina,2020-02-27,,,,,,,,,,,,,,,,,,,,,,273,5,0,0,1,0,,,people tested,,,,,,11,45195777,16,32,11,7,18934,1,191,6,16,28,,5,77,1
ARG,South America,Argentina,2020-02-28,,,,,,,,,,,,,,,,,,,,,,282,9,0,0,2,0,,,people tested,,,,,,11,45195777,16,32,11,7,18934,1,191,6,16,28,,5,77,1
ARG,South America,Argentina,2020-02-29,,,,,,,,,,,,,,,,,,,,,,,,,,2,0,,,people tested,,,,,,11,45195777,16,32,11,7,18934,1,191,6,16,28,,5,77,1
ARG,South America,Argentina,2020-03-01,,,,,,,,,,,,,,,,,,,,,,,,,,3,0,,,people tested,,,,,,11,45195777,16,32,11,7,18934,1,191,6,16,28,,5,77,1
ARG,South America,Argentina,2020-03-02,,,,,,,,,,,,,,,,,,,,,,288,6,0,0,3,0,,,people tested,,,,,,11,45195777,16,32,11,7,18934,1,191,6,16,28,,5,77,1
ARG,South America,Argentina,2020-03-03,1,1,,,,,0,0,,,,,,,,,,,,,,295,7,0,0,4,0,,,people tested,,,,,,11,45195777,16,32,11,7,18934,1,191,6,16,28,,5,77,1
ARG,South America,Argentina,2020-03-04,1,0,,,,,0,0,,,,,,,,,,,,,,301,6,0,0,4,0,,,people tested,,,,,,11,45195777,16,32,11,7,18934,1,191,6,16,28,,5,77,1
ARG,South America,Argentina,2020-03-05,1,0,,,,,0,0,,,,,,,,,,,,,,308,7,0,0,5,0,,,people tested,,,,,,11,45195777,16,32,11,7,18934,1,191,6,16,28,,5,77,1
ARG,South America,Argentina,2020-03-06,2,1,,,,,0,0,,,,,,,,,,,,,,318,10,0,0,5,0,,,people tested,,,,,,11,45195777,16,32,11,7,18934,1,191,6,16,28,,5,77,1
ARG,South America,Argentina,2020-03-07,8,6,,,,,0,0,,,,,,,,,,,,,,325,7,0,0,6,0,,,people tested,,,,,,11,45195777,16,32,11,7,18934,1,191,6,16,28,,5,77,1
ARG,South America,Argentina,2020-03-08,12,4,2,1,1,0,0,0,0,0,0,0,,,,,,,,,,351,26,0,0,9,0,0,5,people tested,,,,,,11,45195777,16,32,11,7,18934,1,191,6,16,28,,5,77,1
ARG,South America,Argentina,2020-03-09,12,0,2,1,0,0,0,0,0,0,0,0,,,,,,,,,,364,13,0,0,11,0,0,6,people tested,,,,,,11,45195777,16,32,11,7,18934,1,191,6,16,28,,5,77,1
ARG,South America,Argentina,2020-03-10,17,5,2,1,0,0,0,0,0,0,0,0,,,,,,,,,,400,36,0,0,15,0,0,7,people tested,,,,,,11,45195777,16,32,11,7,18934,1,191,6,16,28,,5,77,1
ARG,South America,Argentina,2020-03-11,19,2,3,1,0,0,0,0,0,0,0,0,,,,,,,,,,431,31,0,0,19,0,0,7,people tested,,,,,,25,45195777,16,32,11,7,18934,1,191,6,16,28,,5,77,1
ARG,South America,Argentina,2020-03-12,19,0,3,1,0,0,0,0,0,0,0,0,,,,,,,,,,475,44,0,0,24,0,0,9,people tested,,,,,,25,45195777,16,32,11,7,18934,1,191,6,16,28,,5,77,1
ARG,South America,Argentina,2020-03-13,31,12,4,2,1,0,1,0,0,0,0,0,,,,,,,,,,559,84,0,0,34,0,0,8,people tested,,,,,,25,45195777,16,32,11,7,18934,1,191,6,16,28,,5,77,1
ARG,South America,Argentina,2020-03-14,34,3,4,2,0,0,1,0,0,0,0,0,,,,,,,,,,609,50,0,0,41,0,0,11,people tested,,,,,,25,45195777,16,32,11,7,18934,1,191,6,16,28,,5,77,1
ARG,South America,Argentina,2020-03-15,45,11,5,2,0,0,1,0,0,0,0,0,,,,,,,,,,690,81,0,0,48,0,0,10,people tested,,,,,,25,45195777,16,32,11,7,18934,1,191,6,16,28,,5,77,1
ARG,South America,Argentina,2020-03-16,56,11,6,2,0,0,1,0,0,0,0,0,,,,,,,,,,789,99,0,0,61,0,0,10,people tested,,,,,,42,45195777,16,32,11,7,18934,1,191,6,16,28,,5,77,1
ARG,South America,Argentina,2020-03-17,68,12,7,2,0,0,2,0,0,0,0,0,,,,,,,,,,913,124,0,0,73,0,0,10,people tested,,,,,,42,45195777,16,32,11,7,18934,1,191,6,16,28,,5,77,1
ARG,South America,Argentina,2020-03-18,79,11,9,2,0,0,2,0,0,0,0,0,,,,,,,,,,1105,192,0,0,96,0,0,11,people tested,,,,,,42,45195777,16,32,11,7,18934,1,191,6,16,28,,5,77,1
ARG,South America,Argentina,2020-03-19,97,18,11,3,1,0,2,0,0,0,0,0,,,,,,,,,,1243,138,0,0,110,0,0,10,people tested,,,,,,75,45195777,16,32,11,7,18934,1,191,6,16,28,,5,77,1
ARG,South America,Argentina,2020-03-20,128,31,14,3,0,0,3,1,0,0,0,0,,,,,,,,,,1458,215,0,0,128,0,0,9,people tested,,,,,,89,45195777,16,32,11,7,18934,1,191,6,16,28,,5,77,1
ARG,South America,Argentina,2020-03-21,158,30,18,4,1,0,3,1,0,0,0,0,2,,,,,,,,,1754,296,0,0,164,0,0,9,people tested,,,,,,89,45195777,16,32,11,7,18934,1,191,6,16,28,,5,77,1
ARG,South America,Argentina,2020-03-22,266,108,32,4,0,0,6,2,1,0,0,0,2,,,,,,,,,1975,221,0,0,184,0,0,6,people tested,,,,,,89,45195777,16,32,11,7,18934,1,191,6,16,28,,5,77,1
ARG,South America,Argentina,2020-03-23,301,35,35,4,0,0,7,1,1,0,0,0,2,,,,,,,,,2237,262,0,0,207,0,0,6,people tested,,,,,,100,45195777,16,32,11,7,18934,1,191,6,16,28,,5,77,1
ARG,South America,Argentina,2020-03-24,387,86,46,6,2,1,9,2,1,0,0,0,2,,,,,,,,,2623,386,0,0,244,0,0,5,people tested,,,,,,100,45195777,16,32,11,7,18934,1,191,6,16,28,,5,77,1
ARG,South America,Argentina,2020-03-25,387,0,44,8,2,1,9,0,1,0,0,0,2,,,,,,,,,3064,441,0,0,280,0,0,6,people tested,,,,,,100,45195777,16,32,11,7,18934,1,191,6,16,28,,5,77,1
ARG,South America,Argentina,2020-03-26,502,115,58,9,1,1,11,3,1,0,0,0,2,,,,,,,,,3544,480,0,0,329,0,0,6,people tested,,,,,,100,45195777,16,32,11,7,18934,1,191,6,16,28,,5,77,1
ARG,South America,Argentina,2020-03-27,589,87,66,13,4,1,13,2,1,0,0,0,2,,,,,,,,,3907,363,0,0,350,0,0,5,people tested,,,,,,100,45195777,16,32,11,7,18934,1,191,6,16,28,,5,77,1
ARG,South America,Argentina,2020-03-28,690,101,76,18,5,2,15,2,2,0,0,0,2,,,,,,,,,4314,407,0,0,366,0,0,5,people tested,,,,,,100,45195777,16,32,11,7,18934,1,191,6,16,28,,5,77,1
ARG,South America,Argentina,2020-03-29,745,55,68,19,1,2,16,1,2,0,0,0,2,,,,,,,,,4934,620,0,0,423,0,0,6,people tested,,,,,,100,45195777,16,32,11,7,18934,1,191,6,16,28,,5,77,1
ARG,South America,Argentina,2020-03-30,820,75,74,23,4,3,18,2,2,1,0,0,2,,,,,,,,,5463,529,0,0,461,0,0,6,people tested,,,,,,100,45195777,16,32,11,7,18934,1,191,6,16,28,,5,77,1
ARG,South America,Argentina,2020-03-31,1054,234,95,27,4,3,23,5,2,1,0,0,2,,,,,,,,,6052,589,0,0,490,0,0,5,people tested,,,,,,100,45195777,16,32,11,7,18934,1,191,6,16,28,,5,77,1
ARG,South America,Argentina,2020-04-01,1054,0,95,28,1,3,23,0,2,1,0,0,2,,,,,,,,,6979,927,0,0,559,0,0,6,people tested,,,,,,100,45195777,16,32,11,7,18934,1,191,6,16,28,,5,77,1
ARG,South America,Argentina,2020-04-02,1133,79,90,36,8,4,25,2,2,1,0,0,2,,,,,,,,,8271,1292,0,0,675,0,0,8,people tested,,,,,,100,45195777,16,32,11,7,18934,1,191,6,16,28,,5,77,1
ARG,South America,Argentina,2020-04-03,1265,132,97,39,3,4,28,3,2,1,0,0,1,,,,,,,,,9518,1247,0,0,802,0,0,8,people tested,,,,,,100,45195777,16,32,11,7,18934,1,191,6,16,28,,5,77,1
ARG,South America,Argentina,2020-04-04,1451,186,109,43,4,4,32,4,2,1,0,0,1,,,,,,,,,10608,1090,0,0,899,0,0,8,people tested,,,,,,100,45195777,16,32,11,7,18934,1,191,6,16,28,,5,77,1
ARG,South America,Argentina,2020-04-05,1451,0,101,44,1,4,32,0,2,1,0,0,1,,,,,,,,,11433,825,0,0,928,0,0,9,people tested,,,,,,100,45195777,16,32,11,7,18934,1,191,6,16,28,,5,77,1
ARG,South America,Argentina,2020-04-06,1554,103,105,48,4,4,34,2,2,1,0,0,1,,,,,,,,,12521,1088,0,0,1008,0,0,10,people tested,,,,,,100,45195777,16,32,11,7,18934,1,191,6,16,28,,5,77,1
ARG,South America,Argentina,2020-04-07,1628,74,82,56,8,4,36,2,2,1,0,0,1,,,,,,,,,13900,1379,0,0,1121,0,0,14,people tested,,,,,,100,45195777,16,32,11,7,18934,1,191,6,16,28,,5,77,1
ARG,South America,Argentina,2020-04-08,1715,87,94,63,7,5,38,2,2,1,0,0,1,,,,,,,,,15434,1534,0,0,1208,0,0,13,people tested,,,,,,100,45195777,16,32,11,7,18934,1,191,6,16,28,,5,77,1
ARG,South America,Argentina,2020-04-09,1795,80,95,72,9,5,40,2,2,2,0,0,1,,,,,,,,,16865,1431,0,0,1228,0,0,13,people tested,,,,,,100,45195777,16,32,11,7,18934,1,191,6,16,28,,5,77,1
ARG,South America,Argentina,2020-04-10,1975,180,101,82,10,6,44,4,2,2,0,0,1,,,,,,,,,18100,1235,0,0,1226,0,0,12,people tested,,,,,,100,45195777,16,32,11,7,18934,1,191,6,16,28,,5,77,1
ARG,South America,Argentina,2020-04-11,1975,0,75,83,1,6,44,0,2,2,0,0,1,,,,,,,,,19435,1335,0,0,1261,0,0,17,people tested,,,,,,100,45195777,16,32,11,7,18934,1,191,6,16,28,,5,77,1
ARG,South America,Argentina,2020-04-12,2142,167,99,90,7,7,47,4,2,2,0,0,1,,,,,,,,,20494,1059,0,0,1294,0,0,13,people tested,,,,,,100,45195777,16,32,11,7,18934,1,191,6,16,28,,5,77,1
ARG,South America,Argentina,2020-04-13,2208,66,93,97,7,7,49,1,2,2,0,0,1,,,,,,,,,21909,1415,0,0,1341,0,0,14,people tested,,,,,,100,45195777,16,32,11,7,18934,1,191,6,16,28,,5,77,1
ARG,South America,Argentina,2020-04-14,2277,69,93,102,5,7,50,2,2,2,0,0,1,,,,,,,,,23577,1668,1,0,1382,0,0,15,people tested,,,,,,100,45195777,16,32,11,7,18934,1,191,6,16,28,,5,77,1
ARG,South America,Argentina,2020-04-15,2443,166,104,111,9,7,54,4,2,2,0,0,1,,,,,,,,,25271,1694,1,0,1405,0,0,14,people tested,,,,,,100,45195777,16,32,11,7,18934,1,191,6,16,28,,5,77,1
ARG,South America,Argentina,2020-04-16,2571,128,111,115,4,6,57,3,2,3,0,0,1,,,,,,,,,27007,1736,1,0,1449,0,0,13,people tested,,,,,,100,45195777,16,32,11,7,18934,1,191,6,16,28,,5,77,1
ARG,South America,Argentina,2020-04-17,2669,98,99,123,8,6,59,2,2,3,0,0,1,,,,,,,,,28712,1705,1,0,1516,0,0,15,people tested,,,,,,100,45195777,16,32,11,7,18934,1,191,6,16,28,,5,77,1
ARG,South America,Argentina,2020-04-18,2758,89,112,129,6,7,61,2,2,3,0,0,1,,,,,,,,,30350,1638,1,0,1559,0,0,14,people tested,,,,,,100,45195777,16,32,11,7,18934,1,191,6,16,28,,5,77,1
ARG,South America,Argentina,2020-04-19,2839,81,100,132,3,6,63,2,2,3,0,0,1,,,,,,,,,31532,1182,1,0,1577,0,0,16,people tested,,,,,,100,45195777,16,32,11,7,18934,1,191,6,16,28,,5,77,1
ARG,South America,Argentina,2020-04-20,2941,102,105,136,4,6,65,2,2,3,0,0,1,,,,,,,,,33350,1818,1,0,1634,0,0,16,people tested,,,,,,100,45195777,16,32,11,7,18934,1,191,6,16,28,,5,77,1
ARG,South America,Argentina,2020-04-21,3031,90,108,147,11,6,67,2,2,3,0,0,1,,,,,,,,,35624,2274,1,0,1721,0,0,16,people tested,,,,,,100,45195777,16,32,11,7,18934,1,191,6,16,28,,5,77,1
ARG,South America,Argentina,2020-04-22,3144,113,100,152,5,6,70,2,2,3,0,0,1,,,,,,,,,37626,2002,1,0,1765,0,0,18,people tested,,,,,,100,45195777,16,32,11,7,18934,1,191,6,16,28,,5,77,1
ARG,South America,Argentina,2020-04-23,3435,291,123,165,13,7,76,6,3,4,0,0,1,,,,,,,,,39801,2175,1,0,1828,0,0,15,people tested,,,,,,100,45195777,16,32,11,7,18934,1,191,6,16,28,,5,77,1
ARG,South America,Argentina,2020-04-24,3607,172,134,176,11,8,80,4,3,4,0,0,1,,,,,,,,,42254,2453,1,0,1935,0,0,14,people tested,,,,,,100,45195777,16,32,11,7,18934,1,191,6,16,28,,5,77,1
ARG,South America,Argentina,2020-04-25,3780,173,146,185,9,8,84,4,3,4,0,0,1,,,,,,,,,44309,2055,1,0,1994,0,0,14,people tested,,,,,,100,45195777,16,32,11,7,18934,1,191,6,16,28,,5,77,1
ARG,South America,Argentina,2020-04-26,3892,112,150,192,7,9,86,2,3,4,0,0,1,,,,,,,,,45714,1405,1,0,2026,0,0,14,people tested,,,,,,98,45195777,16,32,11,7,18934,1,191,6,16,28,,5,77,1
ARG,South America,Argentina,2020-04-27,4003,111,152,197,5,9,89,2,3,4,0,0,1,,,,,,,,,47494,1780,1,0,2021,0,0,13,people tested,,,,,,89,45195777,16,32,11,7,18934,1,191,6,16,28,,5,77,1
ARG,South America,Argentina,2020-04-28,4127,124,157,207,10,9,91,3,3,5,0,0,1,,,,,,,,,49603,2109,1,0,1997,0,0,13,people tested,,,,,,89,45195777,16,32,11,7,18934,1,191,6,16,28,,5,77,1
ARG,South America,Argentina,2020-04-29,4285,158,163,214,7,9,95,3,4,5,0,0,1,,,,,,,,,51975,2372,1,0,2050,0,0,13,people tested,,,,,,89,45195777,16,32,11,7,18934,1,191,6,16,28,,5,77,1
ARG,South America,Argentina,2020-04-30,4428,143,142,218,4,8,98,3,3,5,0,0,1,,,,,,,,,54165,2190,1,0,2052,0,0,14,people tested,,,,,,89,45195777,16,32,11,7,18934,1,191,6,16,28,,5,77,1
ARG,South America,Argentina,2020-05-01,4532,104,132,225,7,7,100,2,3,5,0,0,1,,,,,,,,,56596,2431,1,0,2049,0,0,16,people tested,,,,,,89,45195777,16,32,11,7,18934,1,191,6,16,28,,5,77,1
ARG,South America,Argentina,2020-05-02,4681,149,129,237,12,7,104,3,3,5,0,0,1,,,,,,,,,58484,1888,1,0,2025,0,0,16,people tested,,,,,,89,45195777,16,32,11,7,18934,1,191,6,16,28,,5,77,1
ARG,South America,Argentina,2020-05-03,4783,102,127,246,9,8,106,2,3,5,0,0,1,,,,,,,,,60321,1837,1,0,2087,0,0,16,people tested,,,,,,89,45195777,16,32,11,7,18934,1,191,6,16,28,,5,77,1
ARG,South America,Argentina,2020-05-04,4887,104,126,260,14,9,108,2,3,6,0,0,1,,,,,,,,,62720,2399,1,0,2175,0,0,17,people tested,,,,,,89,45195777,16,32,11,7,18934,1,191,6,16,28,,5,77,1
ARG,South America,Argentina,2020-05-05,5020,133,128,264,4,8,111,3,3,6,0,0,1,,,,,,,,,66018,3298,1,0,2345,0,0,18,people tested,,,,,,89,45195777,16,32,11,7,18934,1,191,6,16,28,,5,77,1
ARG,South America,Argentina,2020-05-06,5208,188,132,273,9,8,115,4,3,6,0,0,1,,,,,,,,,69148,3130,2,0,2453,0,0,19,people tested,,,,,,89,45195777,16,32,11,7,18934,1,191,6,16,28,,5,77,1
ARG,South America,Argentina,2020-05-07,5371,163,135,282,9,9,119,4,3,6,0,0,1,,,,,,,,,72337,3189,2,0,2596,0,0,19,people tested,,,,,,89,45195777,16,32,11,7,18934,1,191,6,16,28,,5,77,1
ARG,South America,Argentina,2020-05-08,5611,240,154,293,11,10,124,5,3,6,0,0,1,,,,,,,,,75348,3011,2,0,2679,0,0,17,people tested,,,,,,89,45195777,16,32,11,7,18934,1,191,6,16,28,,5,77,1
ARG,South America,Argentina,2020-05-09,5776,165,156,300,7,9,128,4,3,7,0,0,1,,,,,,,,,78368,3020,2,0,2841,0,0,18,people tested,,,,,,89,45195777,16,32,11,7,18934,1,191,6,16,28,,5,77,1
ARG,South America,Argentina,2020-05-10,6034,258,179,305,5,8,134,6,4,7,0,0,1,,,,,,,,,80255,1887,2,0,2848,0,0,16,people tested,,,,,,89,45195777,16,32,11,7,18934,1,191,6,16,28,,5,77,1
ARG,South America,Argentina,2020-05-11,6278,244,199,314,9,8,139,5,4,7,0,0,1,,,,,,,,,83137,2882,2,0,2917,0,0,15,people tested,,,,,,94,45195777,16,32,11,7,18934,1,191,6,16,28,,5,77,1
ARG,South America,Argentina,2020-05-12,6563,285,220,319,5,8,145,6,5,7,0,0,1,,,,,,,,,86220,3083,2,0,2886,0,0,13,people tested,,,,,,91,45195777,16,32,11,7,18934,1,191,6,16,28,,5,77,1
ARG,South America,Argentina,2020-05-13,6879,316,239,329,10,8,152,7,5,7,0,0,1,,,,,,,,,89913,3693,2,0,2966,0,0,12,people tested,,,,,,91,45195777,16,32,11,7,18934,1,191,6,16,28,,5,77,1
ARG,South America,Argentina,2020-05-14,7134,255,252,353,24,10,158,6,6,8,1,0,1,,,,,,,,,93421,3508,2,0,3012,0,0,12,people tested,,,,,,91,45195777,16,32,11,7,18934,1,191,6,16,28,,5,77,1
ARG,South America,Argentina,2020-05-15,7479,345,267,356,3,9,165,8,6,8,0,0,1,,,,,,,,,97120,3699,2,0,3110,0,0,12,people tested,,,,,,91,45195777,16,32,11,7,18934,1,191,6,16,28,,5,77,1
ARG,South America,Argentina,2020-05-16,7805,326,290,363,7,9,173,7,6,8,0,0,1,,,,,,,,,100360,3240,2,0,3142,0,0,11,people tested,,,,,,91,45195777,16,32,11,7,18934,1,191,6,16,28,,5,77,1
ARG,South America,Argentina,2020-05-17,8068,263,291,373,10,10,179,6,6,8,0,0,1,,,,,,,,,102703,2343,2,0,3207,0,0,11,people tested,,,,,,91,45195777,16,32,11,7,18934,1,191,6,16,28,,5,77,1
ARG,South America,Argentina,2020-05-18,8371,303,299,382,9,10,185,7,7,8,0,0,1,,,,,,,,,106179,3476,2,0,3292,0,0,11,people tested,,,,,,91,45195777,16,32,11,7,18934,1,191,6,16,28,,5,77,1
ARG,South America,Argentina,2020-05-19,8809,438,321,393,11,11,195,10,7,9,0,0,1,,,,,,,,,110977,4798,2,0,3537,0,0,11,people tested,,,,,,91,45195777,16,32,11,7,18934,1,191,6,16,28,,5,77,1
ARG,South America,Argentina,2020-05-20,9283,474,343,403,10,11,205,10,8,9,0,0,1,,,,,,,,,115910,4933,3,0,3714,0,0,11,people tested,,,,,,91,45195777,16,32,11,7,18934,1,191,6,16,28,,5,77,1
ARG,South America,Argentina,2020-05-21,9931,648,400,416,13,9,220,14,9,9,0,0,1,,,,,,,,,120983,5073,3,0,3937,0,0,10,people tested,,,,,,91,45195777,16,32,11,7,18934,1,191,6,16,28,,5,77,1
ARG,South America,Argentina,2020-05-22,10649,718,453,433,17,11,236,16,10,10,0,0,1,,,,,,,,,125824,4841,3,0,4101,0,0,9,people tested,,,,,,91,45195777,16,32,11,7,18934,1,191,6,16,28,,5,77,1
ARG,South America,Argentina,2020-05-23,11353,704,507,445,12,12,251,16,11,10,0,0,1,,,,,,,,,129818,3994,3,0,4208,0,0,8,people tested,,,,,,91,45195777,16,32,11,7,18934,1,191,6,16,28,,5,77,1
ARG,South America,Argentina,2020-05-24,12076,723,573,452,7,11,267,16,13,10,0,0,1,,,,,,,,,133118,3300,3,0,4345,0,0,8,people tested,,,,,,91,45195777,16,32,11,7,18934,1,191,6,16,28,,5,77,1
ARG,South America,Argentina,2020-05-25,12628,552,608,467,15,12,279,12,13,10,0,0,1,,,,,,,,,136781,3663,3,0,4372,0,0,7,people tested,,,,,,91,45195777,16,32,11,7,18934,1,191,6,16,28,,5,77,1
ARG,South America,Argentina,2020-05-26,13228,600,631,484,17,13,293,13,14,11,0,0,1,,,,,,,,,140902,4121,3,0,4275,0,0,7,people tested,,,,,,91,45195777,16,32,11,7,18934,1,191,6,16,28,,5,77,1
ARG,South America,Argentina,2020-05-27,13933,705,664,500,16,14,308,16,15,11,0,0,1,,,,,,,,,145684,4782,3,0,4253,0,0,6,people tested,,,,,,91,45195777,16,32,11,7,18934,1,191,6,16,28,,5,77,1
ARG,South America,Argentina,2020-05-28,14702,769,682,508,8,13,325,17,15,11,0,0,1,,,,,,,,,150598,4914,3,0,4231,0,0,6,people tested,,,,,,91,45195777,16,32,11,7,18934,1,191,6,16,28,,5,77,1
ARG,South America,Argentina,2020-05-29,15419,717,681,520,12,12,341,16,15,12,0,0,1,,,,,,,,,156137,5539,3,0,4330,0,0,6,people tested,,,,,,91,45195777,16,32,11,7,18934,1,191,6,16,28,,5,77,1
ARG,South America,Argentina,2020-05-30,16214,795,694,528,8,12,359,18,15,12,0,0,1,,,,,,,,,160700,4563,4,0,4412,0,0,6,people tested,,,,,,91,45195777,16,32,11,7,18934,1,191,6,16,28,,5,77,1
ARG,South America,Argentina,2020-05-31,16851,637,682,539,11,12,373,14,15,12,0,0,1,,,,,,,,,163833,3133,4,0,4388,0,0,6,people tested,,,,,,91,45195777,16,32,11,7,18934,1,191,6,16,28,,5,77,1
ARG,South America,Argentina,2020-06-01,17415,564,684,556,17,13,385,12,15,12,0,0,1,,,,,,,,,168097,4264,4,0,4474,0,0,6,people tested,,,,,,91,45195777,16,32,11,7,18934,1,191,6,16,28,,5,77,1
ARG,South America,Argentina,2020-06-02,18319,904,727,569,13,12,405,20,16,13,0,0,1,,,,,,,,,172754,4657,4,0,4550,0,0,6,people tested,,,,,,91,45195777,16,32,11,7,18934,1,191,6,16,28,,5,77,1
ARG,South America,Argentina,2020-06-03,19268,949,762,583,14,12,426,21,17,13,0,0,1,,,,,,,,,178115,5361,4,0,4633,0,0,6,people tested,,,,,,91,45195777,16,32,11,7,18934,1,191,6,16,28,,5,77,1
ARG,South America,Argentina,2020-06-04,20197,929,785,608,25,14,447,21,17,13,1,0,1,,,,,,,,,183170,5055,4,0,4653,0,0,6,people tested,,,,,,91,45195777,16,32,11,7,18934,1,191,6,16,28,,5,77,1
ARG,South America,Argentina,2020-06-05,21037,840,803,632,24,16,465,19,18,14,1,0,1,,,,,,,,,188574,5404,4,0,4634,0,0,6,people tested,,,,,,89,45195777,16,32,11,7,18934,1,191,6,16,28,,5,77,1
ARG,South America,Argentina,2020-06-06,22020,983,829,648,16,17,487,22,18,14,0,0,1,,,,,,,,,193716,5142,4,0,4717,0,0,6,people tested,,,,,,89,45195777,16,32,11,7,18934,1,191,6,16,28,,5,77,1
ARG,South America,Argentina,2020-06-07,22794,774,849,664,16,18,504,17,19,15,0,0,1,,,,,,,,,196377,2661,4,0,4649,0,0,6,people tested,,,,,,89,45195777,16,32,11,7,18934,1,191,6,16,28,,5,77,1
ARG,South America,Argentina,2020-06-08,23620,826,886,693,29,20,523,18,20,15,1,0,1,,,,,,,,,201221,4844,4,0,4732,0,0,5,people tested,,,,,,89,45195777,16,32,11,7,18934,1,191,6,16,28,,5,77,1
ARG,South America,Argentina,2020-06-09,24761,1141,920,717,24,21,548,25,20,16,1,0,1,,,,,,,,,206999,5778,5,0,4892,0,0,5,people tested,,,,,,89,45195777,16,32,11,7,18934,1,191,6,16,28,,5,77,1
ARG,South America,Argentina,2020-06-10,25987,1226,960,735,18,22,575,27,21,16,0,0,1,,,,,,,,,213354,6355,5,0,5034,0,0,5,people tested,,,,,,89,45195777,16,32,11,7,18934,1,191,6,16,28,,5,77,1
ARG,South America,Argentina,2020-06-11,27373,1386,1025,765,30,22,606,31,23,17,1,0,1,,,,,,,,,220012,6658,5,0,5263,0,0,5,people tested,,,,,,89,45195777,16,32,11,7,18934,1,191,6,16,28,,5,77,1
ARG,South America,Argentina,2020-06-12,28764,1391,1104,785,20,22,636,31,24,17,0,0,1,,,,,,,,,227413,7401,5,0,5548,0,0,5,people tested,,,,,,89,45195777,16,32,11,7,18934,1,191,6,16,28,,5,77,1
ARG,South America,Argentina,2020-06-13,30295,1531,1182,815,30,24,670,34,26,18,1,1,1,,,,,,,,,233920,6507,5,0,5743,0,0,5,people tested,,,,,,89,45195777,16,32,11,7,18934,1,191,6,16,28,,5,77,1
ARG,South America,Argentina,2020-06-14,31577,1282,1255,833,18,24,699,28,28,18,0,1,1,,,,,,,,,238346,4426,5,0,5996,0,0,5,people tested,,,,,,89,45195777,16,32,11,7,18934,1,191,6,16,28,,5,77,1
ARG,South America,Argentina,2020-06-15,32785,1208,1309,854,21,23,725,27,29,19,0,1,1,,,,,,,,,243100,4754,5,0,5983,0,0,5,people tested,,,,,,89,45195777,16,32,11,7,18934,1,191,6,16,28,,5,77,1
ARG,South America,Argentina,2020-06-16,34159,1374,1343,878,24,23,756,30,30,19,1,1,1,,,,,,,,,249533,6433,6,0,6076,0,0,4,people tested,,,,,,89,45195777,16,32,11,7,18934,1,191,6,16,28,,5,77,1
ARG,South America,Argentina,2020-06-17,35552,1393,1366,913,35,25,787,31,30,20,1,1,1,,,,,,,,,257233,7700,6,0,6268,0,0,5,people tested,,,,,,89,45195777,16,32,11,7,18934,1,191,6,16,28,,5,77,1
ARG,South America,Argentina,2020-06-18,37510,1958,1448,948,35,26,830,43,32,21,1,1,1,,,,,,,,,265543,8310,6,0,6504,0,0,4,people tested,,,,,,89,45195777,16,32,11,7,18934,1,191,6,16,28,,5,77,1
ARG,South America,Argentina,2020-06-19,39570,2060,1544,979,31,28,876,46,34,22,1,1,1,,,,,,,,,273906,8363,6,0,6642,0,0,4,people tested,,,,,,89,45195777,16,32,11,7,18934,1,191,6,16,28,,5,77,1
ARG,South America,Argentina,2020-06-20,41204,1634,1558,992,13,25,912,36,34,22,0,1,1,,,,,,,,,282116,8210,6,0,6885,0,0,4,people tested,,,,,,89,45195777,16,32,11,7,18934,1,191,6,16,28,,5,77,1
ARG,South America,Argentina,2020-06-21,42785,1581,1601,1011,19,25,947,35,35,22,0,1,1,,,,,,,,,287739,5623,6,0,7056,0,0,4,people tested,,,,,,89,45195777,16,32,11,7,18934,1,191,6,16,28,,5,77,1
ARG,South America,Argentina,2020-06-22,44931,2146,1735,1043,32,27,994,47,38,23,1,1,1,,,,,,,,,295326,7587,7,0,7461,0,0,4,people tested,,,,,,89,45195777,16,32,11,7,18934,1,191,6,16,28,,5,77,1
ARG,South America,Argentina,2020-06-23,47203,2272,1863,1078,35,29,1044,50,41,24,1,1,1,,,,,,,,,304534,9208,7,0,7857,0,0,4,people tested,,,,,,89,45195777,16,32,11,7,18934,1,191,6,16,28,,5,77,1
ARG,South America,Argentina,2020-06-24,49851,2648,2043,1116,38,29,1103,59,45,25,1,1,1,,,,,,,,,313515,8981,7,0,8040,0,0,4,people tested,,,,,,89,45195777,16,32,11,7,18934,1,191,6,16,28,,5,77,1
ARG,South America,Argentina,2020-06-25,52457,2606,2135,1150,34,29,1161,58,47,25,1,1,1,,,,,,,,,323140,9625,7,0,8228,0,0,4,people tested,,,,,,89,45195777,16,32,11,7,18934,1,191,6,16,28,,5,77,1
ARG,South America,Argentina,2020-06-26,55343,2886,2253,1184,34,29,1225,64,50,26,1,1,1,,,,,,,,,333214,10074,7,0,8473,0,0,4,people tested,,,,,,89,45195777,16,32,11,7,18934,1,191,6,16,28,,5,77,1
ARG,South America,Argentina,2020-06-27,57744,2401,2363,1207,23,31,1278,53,52,27,1,1,1,,,,,,,,,341479,8265,8,0,8480,0,0,4,people tested,,,,,,89,45195777,16,32,11,7,18934,1,191,6,16,28,,5,77,1
ARG,South America,Argentina,2020-06-28,59933,2189,2450,1232,25,32,1326,48,54,27,1,1,1,,,,,,,,,346868,5389,8,0,8447,0,0,3,people tested,,,,,,89,45195777,16,32,11,7,18934,1,191,6,16,28,,5,77,1
ARG,South America,Argentina,2020-06-29,62268,2335,2477,1280,48,34,1378,52,55,28,1,1,1,,,,,,,,,354635,7767,8,0,8473,0,0,3,people tested,,,,,,89,45195777,16,32,11,7,18934,1,191,6,16,28,,5,77,1
ARG,South America,Argentina,2020-06-30,64530,2262,2475,1307,27,33,1428,50,55,29,1,1,1,,,,,,,,,363504,8869,8,0,8424,0,0,3,people tested,,,,,,89,45195777,16,32,11,7,18934,1,191,6,16,28,,5,77,1
ARG,South America,Argentina,2020-07-01,67197,2667,2478,1351,44,34,1487,59,55,30,1,1,1,,,,,,,,,372486,8982,8,0,8424,0,0,3,people tested,,,,,,93,45195777,16,32,11,7,18934,1,191,6,16,28,,5,77,1
ARG,South America,Argentina,2020-07-02,69941,2744,2498,1385,34,34,1548,61,55,31,1,1,1,,,,,,,,,381805,9319,8,0,8381,0,0,3,people tested,,,,,,81,45195777,16,32,11,7,18934,1,191,6,16,28,,5,77,1
ARG,South America,Argentina,2020-07-03,72786,2845,2492,1437,52,36,1610,63,55,32,1,1,1,,,,,,,,,391917,10112,9,0,8386,0,0,3,people tested,,,,,,93,45195777,16,32,11,7,18934,1,191,6,16,28,,5,77,1
ARG,South America,Argentina,2020-07-04,75376,2590,2519,1481,44,39,1668,57,56,33,1,1,1,,,,,,,,,401818,9901,9,0,8620,0,0,3,people tested,,,,,,93,45195777,16,32,11,7,18934,1,191,6,16,28,,5,77,1
ARG,South America,Argentina,2020-07-05,77815,2439,2555,1507,26,39,1722,54,57,33,1,1,1,,,,,,,,,407721,5903,9,0,8693,0,0,3,people tested,,,,,,93,45195777,16,32,11,7,18934,1,191,6,16,28,,5,77,1
ARG,South America,Argentina,2020-07-06,80447,2632,2597,1582,75,43,1780,58,57,35,2,1,1,,,,,,,,,416235,8514,9,0,8800,0,0,3,people tested,,,,,,93,45195777,16,32,11,7,18934,1,191,6,16,28,,5,77,1
ARG,South America,Argentina,2020-07-07,83426,2979,2699,1644,62,48,1846,66,60,36,1,1,1,,,,,,,,,426574,10339,9,0,9010,0,0,3,people tested,,,,,,93,45195777,16,32,11,7,18934,1,191,6,16,28,,5,77,1
ARG,South America,Argentina,2020-07-08,87030,3604,2833,1694,50,49,1926,80,63,37,1,1,1,,,,,,,,,438567,11993,10,0,9440,0,0,3,people tested,,,,,,93,45195777,16,32,11,7,18934,1,191,6,16,28,,5,77,1
ARG,South America,Argentina,2020-07-09,90693,3663,2965,1720,26,48,2007,81,66,38,1,1,1,,,,,,,,,449573,11006,10,0,9681,0,0,3,people tested,,,,,,93,45195777,16,32,11,7,18934,1,191,6,16,28,,5,77,1
ARG,South America,Argentina,2020-07-10,94060,3367,3039,1774,54,48,2081,74,67,39,1,1,1,,,,,,,,,459806,10233,10,0,9698,0,0,3,people tested,,,,,,93,45195777,16,32,11,7,18934,1,191,6,16,28,,5,77,1
ARG,South America,Argentina,2020-07-11,97509,3449,3162,1810,36,47,2157,76,70,40,1,1,1,,,,,,,,,469391,9585,10,0,9653,0,0,3,people tested,,,,,,93,45195777,16,32,11,7,18934,1,191,6,16,28,,5,77,1
ARG,South America,Argentina,2020-07-12,100166,2657,3193,1845,35,48,2216,59,71,41,1,1,1,,,,,,,,,476104,6713,11,0,9769,0,0,3,people tested,,,,,,93,45195777,16,32,11,7,18934,1,191,6,16,28,,5,77,1
ARG,South America,Argentina,2020-07-13,103265,3099,3260,1903,58,46,2285,69,72,42,1,1,1,,,,,,,,,486226,10122,11,0,9999,0,0,3,people tested,,,,,,93,45195777,16,32,11,7,18934,1,191,6,16,28,,5,77,1
ARG,South America,Argentina,2020-07-14,106910,3645,3355,1968,65,46,2365,81,74,44,1,1,1,,,,,,,,,498480,12254,11,0,10272,0,0,3,people tested,,,,,,93,45195777,16,32,11,7,18934,1,191,6,16,28,,5,77,1
ARG,South America,Argentina,2020-07-15,111146,4236,3445,2050,82,51,2459,94,76,45,2,1,1,,,,,,,,,511031,12551,11,0,10352,0,0,3,people tested,,,,,,93,45195777,16,32,11,7,18934,1,191,6,16,28,,5,77,1
ARG,South America,Argentina,2020-07-16,114783,3637,3441,2112,62,56,2540,80,76,47,1,1,1,,,,,,,,,523456,12425,12,0,10555,0,0,3,people tested,,,,,,93,45195777,16,32,11,7,18934,1,191,6,16,28,,5,77,1
ARG,South America,Argentina,2020-07-17,119301,4518,3606,2178,66,58,2640,100,80,48,1,1,1,,,,,,,,,537102,13646,12,0,11042,0,0,3,people tested,,,,,,93,45195777,16,32,11,7,18934,1,191,6,16,28,,5,77,1
ARG,South America,Argentina,2020-07-18,122524,3223,3574,2220,42,59,2711,71,79,49,1,1,1,,,,,,,,,549501,12399,12,0,11444,0,0,3,people tested,,,,,,93,45195777,16,32,11,7,18934,1,191,6,16,28,,5,77,1
ARG,South America,Argentina,2020-07-19,126755,4231,3798,2260,40,59,2805,94,84,50,1,1,1,,,,,,,,,557957,8456,12,0,11693,0,0,3,people tested,,,,,,93,45195777,16,32,11,7,18934,1,191,6,16,28,,5,77,1
ARG,South America,Argentina,2020-07-20,130774,4019,3930,2373,113,67,2894,89,87,53,2,1,1,,,,,,,,,570279,12322,13,0,12008,0,0,3,people tested,,,,,,91,45195777,16,32,11,7,18934,1,191,6,16,28,,5,77,1
ARG,South America,Argentina,2020-07-21,136118,5344,4173,2490,117,75,3012,118,92,55,3,2,1,,,,,,,,,584413,14134,13,0,12276,0,0,3,people tested,,,,,,91,45195777,16,32,11,7,18934,1,191,6,16,28,,5,77,1
ARG,South America,Argentina,2020-07-22,141900,5782,4393,2588,98,77,3140,128,97,57,2,2,1,,,,,,,,,599621,15208,13,0,12656,0,0,3,people tested,,,,,,91,45195777,16,32,11,7,18934,1,191,6,16,28,,5,77,1
ARG,South America,Argentina,2020-07-23,148027,6127,4749,2702,114,84,3275,136,105,60,3,2,1,,,,,,,,,614490,14869,14,0,13005,0,0,3,people tested,,,,,,91,45195777,16,32,11,7,18934,1,191,6,16,28,,5,77,1
ARG,South America,Argentina,2020-07-24,153520,5493,4888,2807,105,90,3397,122,108,62,2,2,1,,,,,,,,,630017,15527,14,0,13274,0,0,3,people tested,,,,,,91,45195777,16,32,11,7,18934,1,191,6,16,28,,5,77,1
ARG,South America,Argentina,2020-07-25,158334,4814,5116,2893,86,96,3503,107,113,64,2,2,1,,,,,,,,,643092,13075,14,0,13370,0,0,3,people tested,,,,,,91,45195777,16,32,11,7,18934,1,191,6,16,28,,5,77,1
ARG,South America,Argentina,2020-07-26,162526,4192,5110,2939,46,97,3596,93,113,65,1,2,1,,,,,,,,,652682,9590,14,0,13532,0,0,3,people tested,,,,,,91,45195777,16,32,11,7,18934,1,191,6,16,28,,5,77,1
ARG,South America,Argentina,2020-07-27,167416,4890,5235,3059,120,98,3704,108,116,68,3,2,1,,,,,,,,,666091,13409,15,0,13687,0,0,3,people tested,,,,,,91,45195777,16,32,11,7,18934,1,191,6,16,28,,5,77,1
ARG,South America,Argentina,2020-07-28,173355,5939,5320,3179,120,98,3836,131,118,70,3,2,1,,,,,,,,,682016,15925,15,0,13943,0,0,3,people tested,,,,,,91,45195777,16,32,11,7,18934,1,191,6,16,28,,5,77,1
ARG,South America,Argentina,2020-07-29,178996,5641,5299,3288,109,100,3960,125,117,73,2,2,1,,,,,,,,,698863,16847,15,0,14177,0,0,3,people tested,,,,,,91,45195777,16,32,11,7,18934,1,191,6,16,28,,5,77,1
ARG,South America,Argentina,2020-07-30,185373,6377,5335,3441,153,106,4102,141,118,76,3,2,1,,,,,,,,,715342,16479,16,0,14407,0,0,3,people tested,,,,,,91,45195777,16,32,11,7,18934,1,191,6,16,28,,5,77,1
ARG,South America,Argentina,2020-07-31,191302,5929,5397,3543,102,105,4233,131,119,78,2,2,1,,,,,,,,,733227,17885,16,0,14744,0,0,3,people tested,,,,,,91,45195777,16,32,11,7,18934,1,191,6,16,28,,5,77,1
ARG,South America,Argentina,2020-08-01,196543,5241,5458,3596,53,100,4349,116,121,80,1,2,1,,,,,,,,,746638,13411,17,0,14792,0,0,3,people tested,,,,,,91,45195777,16,32,11,7,18934,1,191,6,16,28,,5,77,1
ARG,South America,Argentina,2020-08-02,201919,5376,5628,3648,52,101,4468,119,125,81,1,2,1,,,,,,,,,758272,11634,17,0,15084,0,0,3,people tested,,,,,,91,45195777,16,32,11,7,18934,1,191,6,16,28,,5,77,1
ARG,South America,Argentina,2020-08-03,206743,4824,5618,3813,165,108,4574,107,124,84,4,2,1,,,,,,,,,773699,15427,17,0,15373,0,0,3,people tested,,,,,,89,45195777,16,32,11,7,18934,1,191,6,16,28,,5,77,1
ARG,South America,Argentina,2020-08-04,213535,6792,5740,3979,166,114,4725,150,127,88,4,3,1,,,,,,,,,792146,18447,18,0,15733,0,0,3,people tested,,,,,,89,45195777,16,32,11,7,18934,1,191,6,16,28,,5,77,1
ARG,South America,Argentina,2020-08-05,220682,7147,5955,4106,127,117,4883,158,132,91,3,3,1,,,,,,,,,811692,19546,18,0,16118,0,0,3,people tested,,,,,,89,45195777,16,32,11,7,18934,1,191,6,16,28,,5,77,1
ARG,South America,Argentina,2020-08-06,228195,7513,6117,4251,145,116,5049,166,135,94,3,3,1,,,,,,,,,831411,19719,18,0,16581,0,0,3,people tested,,,,,,89,45195777,16,32,11,7,18934,1,191,6,16,28,,5,77,1
ARG,South America,Argentina,2020-08-07,235677,7482,6339,4411,160,124,5215,166,140,98,4,3,1,,,,,,,,,851588,20177,19,0,16909,0,0,3,people tested,,,,,,88,45195777,16,32,11,7,18934,1,191,6,16,28,,5,77,1
ARG,South America,Argentina,2020-08-08,241811,6134,6467,4523,112,132,5350,136,143,100,2,3,1,,,,,,,,,869018,17430,19,0,17483,0,0,3,people tested,,,,,,88,45195777,16,32,11,7,18934,1,191,6,16,28,,5,77,1
ARG,South America,Argentina,2020-08-09,246499,4688,6369,4606,83,137,5454,104,141,102,2,3,1,,,,,,,,,880540,11522,19,0,17467,0,0,3,people tested,,,,,,88,45195777,16,32,11,7,18934,1,191,6,16,28,,5,77,1
ARG,South America,Argentina,2020-08-10,253868,7369,6732,4764,158,136,5617,163,149,105,3,3,1,,,,,,,,,898315,17775,20,0,17802,0,0,3,people tested,,,,,,88,45195777,16,32,11,7,18934,1,191,6,16,28,,5,77,1
ARG,South America,Argentina,2020-08-11,260911,7043,6768,5004,240,146,5773,156,150,111,5,3,1,,,,,,,,,919563,21248,20,0,18202,0,0,3,people tested,,,,,,88,45195777,16,32,11,7,18934,1,191,6,16,28,,5,77,1
ARG,South America,Argentina,2020-08-12,268574,7663,6842,5213,209,158,5942,170,151,115,5,3,1,,,,,,,,,940677,21114,21,0,18426,0,0,3,people tested,,,,,,88,45195777,16,32,11,7,18934,1,191,6,16,28,,5,77,1
ARG,South America,Argentina,2020-08-13,276072,7498,6840,5362,149,159,6108,166,151,119,3,4,1,,,,,,,,,961298,20621,21,0,18555,0,0,3,people tested,,,,,,88,45195777,16,32,11,7,18934,1,191,6,16,28,,5,77,1
ARG,South America,Argentina,2020-08-14,282437,6365,6680,5527,165,159,6249,141,148,122,4,4,1,,,,,,,,,982494,21196,22,0,18701,0,0,3,people tested,,,,,,88,45195777,16,32,11,7,18934,1,191,6,16,28,,5,77,1
ARG,South America,Argentina,2020-08-15,289100,6663,6756,5637,110,159,6397,147,149,125,2,4,1,,,,,,,,,1000782,18288,22,0,18823,0,0,3,people tested,,,,,,88,45195777,16,32,11,7,18934,1,191,6,16,28,,5,77,1
ARG,South America,Argentina,2020-08-16,294569,5469,6867,5703,66,157,6518,121,152,126,1,3,1,,,,,,,,,1012369,11587,22,0,18833,0,0,3,people tested,,,,,,88,45195777,16,32,11,7,18934,1,191,6,16,28,,5,77,1
ARG,South America,Argentina,2020-08-17,299126,4557,6465,5814,111,150,6618,101,143,129,2,3,1,,,,,,,,,1026752,14383,23,0,18348,0,0,3,people tested,,,,,,88,45195777,16,32,11,7,18934,1,191,6,16,28,,5,77,1
ARG,South America,Argentina,2020-08-18,305966,6840,6436,6048,234,149,6770,151,142,134,5,3,1,,,,,,,,,1044051,17299,23,0,17784,0,0,3,people tested,,,,,,88,45195777,16,32,11,7,18934,1,191,6,16,28,,5,77,1
ARG,South America,Argentina,2020-08-19,312659,6693,6298,6330,282,160,6918,148,139,140,6,4,1,,,,,,,,,1063774,19723,24,0,17585,0,0,3,people tested,,,,,,88,45195777,16,32,11,7,18934,1,191,6,16,28,,5,77,1
ARG,South America,Argentina,2020-08-20,320884,8225,6402,6517,187,165,7100,182,142,144,4,4,1,,,,,,,,,1084565,20791,24,0,17610,0,0,3,people tested,,,,,,88,45195777,16,32,11,7,18934,1,191,6,16,28,,5,77,1
ARG,South America,Argentina,2020-08-21,329043,8159,6658,6730,213,172,7280,181,147,149,5,4,1,,,,,,,,,1105458,20893,24,0,17566,0,0,3,people tested,,,,,,88,45195777,16,32,11,7,18934,1,191,6,16,28,,5,77,1
ARG,South America,Argentina,2020-08-22,336802,7759,6815,6848,118,173,7452,172,151,152,3,4,1,,,,,,,,,1123307,17849,25,0,17504,0,0,3,people tested,,,,,,88,45195777,16,32,11,7,18934,1,191,6,16,28,,5,77,1
ARG,South America,Argentina,2020-08-23,342154,5352,6798,6985,137,183,7570,118,150,155,3,4,1,,,,,,,,,1135275,11968,25,0,17558,0,0,3,people tested,,,,,,88,45195777,16,32,11,7,18934,1,191,6,16,28,,5,77,1
ARG,South America,Argentina,2020-08-24,350867,8713,7392,7366,381,222,7763,193,164,163,8,5,1,,,,,,,,,1154817,19542,26,0,18295,0,0,2,people tested,,,,,,88,45195777,16,32,11,7,18934,1,191,6,16,28,,5,77,1
ARG,South America,Argentina,2020-08-25,359638,8771,7667,7563,197,216,7957,194,170,167,4,5,1,,,,,,,,,1176547,21730,26,0,18928,0,0,2,people tested,,,,,,88,45195777,16,32,11,7,18934,1,191,6,16,28,,5,77,1
ARG,South America,Argentina,2020-08-26,370188,10550,8218,7839,276,216,8191,233,182,173,6,5,1,,,,,,,,,1199817,23270,27,1,19435,0,0,2,people tested,,,,,,88,45195777,16,32,11,7,18934,1,191,6,16,28,,5,77,1
ARG,South America,Argentina,2020-08-27,380292,10104,8487,8050,211,219,8414,224,188,178,5,5,1,,,,,,,,,1224340,24523,27,1,19968,0,0,2,people tested,,,,,,88,45195777,16,32,11,7,18934,1,191,6,16,28,,5,77,1
ARG,South America,Argentina,2020-08-28,392009,11717,8995,8271,221,220,8674,259,199,183,5,5,1,,,,,,,,,1248724,24384,28,1,20467,0,0,2,people tested,,,,,,88,45195777,16,32,11,7,18934,1,191,6,16,28,,5,77,1
ARG,South America,Argentina,2020-08-29,401239,9230,9205,8353,82,215,8878,204,204,185,2,5,1,,,,,,,,,1268459,19735,28,0,20736,0,0,2,people tested,,,,,,88,45195777,16,32,11,7,18934,1,191,6,16,28,,5,77,1
ARG,South America,Argentina,2020-08-30,408426,7187,9467,8457,104,210,9037,159,209,187,2,5,1,,,,,,,,,1284099,15640,28,0,21261,0,0,2,people tested,,,,,,88,45195777,16,32,11,7,18934,1,191,6,16,28,,5,77,1
ARG,South America,Argentina,2020-08-31,417735,9309,9553,8660,203,185,9243,206,211,192,4,4,1,,,,,,,,,1304415,20316,29,0,21371,0,0,2,people tested,,,,,,88,45195777,16,32,11,7,18934,1,191,6,16,28,,5,77,1
ARG,South America,Argentina,2020-09-01,428239,10504,9800,8919,259,194,9475,232,217,197,6,4,1,,,,,,,,,1328157,23742,29,1,21659,0,0,2,people tested,,,,,,88,45195777,16,32,11,7,18934,1,191,6,16,28,,5,77,1
ARG,South America,Argentina,2020-09-02,439172,10933,9855,9118,199,183,9717,242,218,202,4,4,1,,,,,,,,,1351679,23522,30,1,21695,0,0,2,people tested,,,,,,88,45195777,16,32,11,7,18934,1,191,6,16,28,,5,77,1
ARG,South America,Argentina,2020-09-03,451198,12026,10129,9361,243,187,9983,266,224,207,5,4,1,,,,,,,,,1375261,23582,30,1,21560,0,0,2,people tested,,,,,,88,45195777,16,32,11,7,18934,1,191,6,16,28,,5,77,1
ARG,South America,Argentina,2020-09-04,461882,10684,9982,9623,262,193,10220,236,221,213,6,4,1,,,,,,,,,1398820,23559,31,1,21442,0,0,2,people tested,,,,,,88,45195777,16,32,11,7,18934,1,191,6,16,28,,5,77,1
ARG,South America,Argentina,2020-09-05,471806,9924,10081,9739,116,198,10439,220,223,215,3,4,1,,,,,,,,,1420203,21383,31,0,21678,0,0,2,people tested,,,,,,88,45195777,16,32,11,7,18934,1,191,6,16,28,,5,77,1
ARG,South America,Argentina,2020-09-06,478792,6986,10052,9859,120,200,10594,155,222,218,3,4,1,,,,,,,,,1433568,13365,32,0,21353,0,0,2,people tested,,,,,,88,45195777,16,32,11,7,18934,1,191,6,16,28,,5,77,1
ARG,South America,Argentina,2020-09-07,488007,9215,10039,10129,270,210,10798,204,222,224,6,5,1,,,,,,,,,1454719,21151,32,0,21472,0,0,2,people tested,,,,,,88,45195777,16,32,11,7,18934,1,191,6,16,28,,5,77,1
ARG,South America,Argentina,2020-09-08,500034,12027,10256,10405,276,212,11064,266,227,230,6,5,1,,,,,,,,,1479190,24471,33,1,21576,0,0,2,people tested,,,,,,88,45195777,16,32,11,7,18934,1,191,6,16,28,,5,77,1
ARG,South America,Argentina,2020-09-09,512293,12259,10446,10658,253,220,11335,271,231,236,6,5,1,,,,,,,,,1505851,26661,33,1,22025,0,0,2,people tested,,,,,,88,45195777,16,32,11,7,18934,1,191,6,16,28,,5,77,1
ARG,South America,Argentina,2020-09-10,524198,11905,10429,10907,249,221,11598,263,231,241,6,5,1,,,,,,,,,1531534,25683,34,1,22325,0,0,2,people tested,,,,,,88,45195777,16,32,11,7,18934,1,191,6,16,28,,5,77,1
ARG,South America,Argentina,2020-09-11,535705,11507,10546,11148,241,218,11853,255,233,247,5,5,1,,,,,,,,,1559053,27519,34,1,22890,1,0,2,people tested,,,,,,88,45195777,16,32,11,7,18934,1,191,6,16,28,,5,77,1
ARG,South America,Argentina,2020-09-12,546481,10776,10668,11263,115,218,12091,238,236,249,3,5,1,,,,,,,,,1580912,21859,35,0,22958,1,0,2,people tested,,,,,,88,45195777,16,32,11,7,18934,1,191,6,16,28,,5,77,1
ARG,South America,Argentina,2020-09-13,555537,9056,10964,11352,89,213,12292,200,243,251,2,5,1,,,,,,,,,1595886,14974,35,0,23188,1,0,2,people tested,,,,,,88,45195777,16,32,11,7,18934,1,191,6,16,28,,5,77,1
ARG,South America,Argentina,2020-09-14,565446,9909,11063,11667,315,220,12511,219,245,258,7,5,1,,,,,,,,,1619125,23239,36,1,23487,1,0,2,people tested,,,,,,88,45195777,16,32,11,7,18934,1,191,6,16,28,,5,77,1
ARG,South America,Argentina,2020-09-15,577338,11892,11043,11852,185,207,12774,263,244,262,4,5,1,,,,,,,,,1643552,24427,36,1,23480,1,0,2,people tested,,,,,,88,45195777,16,32,11,7,18934,1,191,6,16,28,,5,77,1
ARG,South America,Argentina,2020-09-16,589012,11674,10960,12116,264,208,13032,258,242,268,6,5,1,,,,,,,,,1669034,25482,37,1,23312,1,0,2,people tested,,,,,,88,45195777,16,32,11,7,18934,1,191,6,16,28,,5,77,1
ARG,South America,Argentina,2020-09-17,601713,12701,11074,12460,344,222,13313,281,245,276,8,5,1,,,,,,,,,1695546,26512,38,1,23430,1,0,2,people tested,,,,,,88,45195777,16,32,11,7,18934,1,191,6,16,28,,5,77,1
ARG,South America,Argentina,2020-09-18,613658,11945,11136,12656,196,215,13578,264,246,280,4,5,1,,,,,,,,,1722571,27025,38,1,23360,1,0,2,people tested,,,,,,88,45195777,16,32,11,7,18934,1,191,6,16,28,,5,77,1
ARG,South America,Argentina,2020-09-19,622934,9276,10922,12799,143,219,13783,205,242,283,3,5,1,,,,,,,,,1743957,21386,39,0,23292,1,0,2,people tested,,,,,,88,45195777,16,32,11,7,18934,1,191,6,16,28,,5,77,1
ARG,South America,Argentina,2020-09-20,631365,8431,10833,13053,254,243,13970,187,240,289,6,5,1,,,,,,,,,1757164,13207,39,0,23040,1,0,2,people tested,,,,,,88,45195777,16,32,11,7,18934,1,191,6,16,28,,5,77,1
ARG,South America,Argentina,2020-09-21,640147,8782,10672,13482,429,259,14164,194,236,298,9,6,1,,,,,,,,,1778207,21043,39,0,22726,1,0,2,people tested,,,,,,88,45195777,16,32,11,7,18934,1,191,6,16,28,,5,77,1
ARG,South America,Argentina,2020-09-22,652174,12027,10691,13952,470,300,14430,266,237,309,10,7,1,,,,,,,,,1802912,24705,40,1,22766,1,0,2,people tested,,,,,,88,45195777,16,32,11,7,18934,1,191,6,16,28,,5,77,1
ARG,South America,Argentina,2020-09-23,664799,12625,10827,14376,424,323,14709,279,240,318,9,7,1,,,,,,,,,1829521,26609,40,1,22927,1,0,2,people tested,,,,,,88,45195777,16,32,11,7,18934,1,191,6,16,28,,5,77,1
ARG,South America,Argentina,2020-09-24,678266,13467,10936,14766,390,329,15007,298,242,327,9,7,1,,,,,,,,,1856013,26492,41,1,22924,1,0,2,people tested,,,,,,88,45195777,16,32,11,7,18934,1,191,6,16,28,,5,77,1
ARG,South America,Argentina,2020-09-25,691235,12969,11082,15208,442,365,15294,287,245,336,10,8,1,,,,,,,,,1883405,27392,42,1,22976,1,0,2,people tested,,,,,,88,45195777,16,32,11,7,18934,1,191,6,16,28,,5,77,1
ARG,South America,Argentina,2020-09-26,702484,11249,11364,15543,335,392,15543,249,251,344,7,9,1,,,,,,,,,1904001,20596,42,0,22863,1,0,2,people tested,,,,,,88,45195777,16,32,11,7,18934,1,191,6,16,28,,5,77,1
ARG,South America,Argentina,2020-09-27,711325,8841,11423,15749,206,385,15739,196,253,348,5,9,1,,,,,,,,,1918686,14685,42,0,23075,1,0,2,people tested,,,,,,88,45195777,16,32,11,7,18934,1,191,6,16,28,,5,77,1
ARG,South America,Argentina,2020-09-28,723132,11807,11855,16113,364,376,16000,261,262,357,8,8,1,,,,,,,,,1942086,23400,43,1,23411,1,1,2,people tested,,,,,,88,45195777,16,32,11,7,18934,1,191,6,16,28,,5,77,1
ARG,South America,Argentina,2020-09-29,736609,13477,12062,16519,406,367,16298,298,267,365,9,8,1,,,,,,,,,1970230,28144,44,1,23903,1,1,2,people tested,,,,,,88,45195777,16,32,11,7,18934,1,191,6,16,28,,5,77,1
ARG,South America,Argentina,2020-09-30,751001,14392,12315,16937,418,366,16617,318,272,375,9,8,1,,,,,,,,,1999236,29006,44,1,24245,1,1,2,people tested,,,,,,88,45195777,16,32,11,7,18934,1,191,6,16,28,,5,77,1
ARG,South America,Argentina,2020-10-01,765002,14001,12391,20288,3351,789,16926,310,274,449,74,17,1,,,,,,,,,2028430,29194,45,1,24631,1,1,2,people tested,,,,,,88,45195777,16,32,11,7,18934,1,191,6,16,28,,5,77,1
ARG,South America,Argentina,2020-10-02,779689,14687,12636,20599,311,770,17251,325,280,456,7,17,1,,,,,,,,,2058839,30409,46,1,25062,1,1,2,people tested,,,,,,88,45195777,16,32,11,7,18934,1,191,6,16,28,,5,77,1
ARG,South America,Argentina,2020-10-03,790818,11129,12619,20795,196,750,17498,246,279,460,4,17,1,,,,,,,,,2082912,24073,46,1,25559,1,0,2,people tested,,,,,,88,45195777,16,32,11,7,18934,1,191,6,16,28,,5,77,1
ARG,South America,Argentina,2020-10-04,798486,7668,12452,21018,223,753,17667,170,276,465,5,17,1,,,,,,,,,2096388,13476,46,0,25386,1,0,2,people tested,,,,,,88,45195777,16,32,11,7,18934,1,191,6,16,28,,5,77,1
ARG,South America,Argentina,2020-10-05,809728,11242,12371,21468,450,765,17916,249,274,475,10,17,1,,,,,,,,,2121684,25296,47,1,25657,1,0,2,people tested,,,,,,88,45195777,16,32,11,7,18934,1,191,6,16,28,,5,77,1
ARG,South America,Argentina,2020-10-06,824468,14740,12551,21827,359,758,18242,326,278,483,8,17,1,,,,,,,,,2153431,31747,48,1,26172,1,0,2,people tested,,,,,,88,45195777,16,32,11,7,18934,1,191,6,16,28,,5,77,1
ARG,South America,Argentina,2020-10-07,840915,16447,12845,22226,399,756,18606,364,284,492,9,17,1,,,,,,,,,2184265,30834,48,1,26433,1,0,2,people tested,,,,,,88,45195777,16,32,11,7,18934,1,191,6,16,28,,5,77,1
ARG,South America,Argentina,2020-10-08,856369,15454,13052,22710,484,346,18948,342,289,502,11,8,1,,,,,,,,,2216523,32258,49,1,26870,1,0,2,people tested,,,,,,88,45195777,16,32,11,7,18934,1,191,6,16,28,,5,77,1
ARG,South America,Argentina,2020-10-09,871468,15099,13111,23225,515,375,19282,334,290,514,11,8,1,,,,,,,,,2251022,34499,50,1,27455,1,0,2,people tested,,,,,,88,45195777,16,32,11,7,18934,1,191,6,16,28,,5,77,1
ARG,South America,Argentina,2020-10-10,883882,12414,13295,23581,356,398,19557,275,294,522,8,9,1,,,,,,,,,2275190,24168,50,1,27468,1,0,2,people tested,,,,,,83,45195777,16,32,11,7,18934,1,191,6,16,28,,5,77,1
ARG,South America,Argentina,2020-10-11,894206,10324,13674,23868,287,407,19785,228,303,528,6,9,1,,,,,,,,,2290644,15454,51,0,27751,1,0,2,people tested,,,,,,83,45195777,16,32,11,7,18934,1,191,6,16,28,,5,77,1
ARG,South America,Argentina,2020-10-12,903730,9524,13429,24186,318,388,19996,211,297,535,7,9,1,,,,,,,,,2307419,16775,51,0,26534,1,1,2,people tested,,,,,,83,45195777,16,32,11,7,18934,1,191,6,16,28,,5,77,1
ARG,South America,Argentina,2020-10-13,917035,13305,13224,24572,386,392,20290,294,293,544,9,9,1,,,,,,,,,2335833,28414,52,1,26057,1,1,2,people tested,,,,,,83,45195777,16,32,11,7,18934,1,191,6,16,28,,5,77,1
ARG,South America,Argentina,2020-10-14,931967,14932,13007,24921,349,385,20621,330,288,551,8,9,1,,,,,,,,,2370241,34408,52,1,26568,1,0,2,people tested,,,,,,83,45195777,16,32,11,7,18934,1,191,6,16,28,,5,77,1
ARG,South America,Argentina,2020-10-15,949063,17096,13242,25342,421,376,20999,378,293,561,9,8,1,,,,,,,,,2403993,33752,53,1,26781,1,0,2,people tested,,,,,,83,45195777,16,32,11,7,18934,1,191,6,16,28,,5,77,1
ARG,South America,Argentina,2020-10-16,965609,16546,13449,25723,381,357,21365,366,298,569,8,8,1,,,,,,,,,2438073,34080,54,1,26722,1,1,2,people tested,,,,,,83,45195777,16,32,11,7,18934,1,191,6,16,28,,5,77,1
ARG,South America,Argentina,2020-10-17,979119,13510,13605,26107,384,361,21664,299,301,578,8,8,1,,,,,,,,,2467371,29298,55,1,27454,1,0,2,people tested,,,,,,83,45195777,16,32,11,7,18934,1,191,6,16,28,,5,77,1
ARG,South America,Argentina,2020-10-18,989680,10561,13639,26267,160,343,21898,234,302,581,4,8,1,,,,,,,,,2481327,13956,55,0,27240,1,1,2,people tested,,,,,,83,45195777,16,32,11,7,18934,1,191,6,16,28,,5,77,1
ARG,South America,Argentina,2020-10-19,1002662,12982,14133,26716,449,361,22185,287,313,591,10,8,1,,,,,,,,,2512769,31442,56,1,29336,1,0,2,people tested,,,,,,83,45195777,16,32,11,7,18934,1,191,6,16,28,,5,77,1
ARG,South America,Argentina,2020-10-20,1018999,16337,14566,27100,384,361,22546,361,322,600,8,8,1,,,,,,,,,2545103,32334,56,1,29896,1,0,2,people tested,,,,,,83,45195777,16,32,11,7,18934,1,191,6,16,28,,5,77,1
ARG,South America,Argentina,2020-10-21,1037325,18326,15051,27519,419,371,22952,405,333,609,9,8,1,,,,,,,,,2581368,36265,57,1,30161,1,0,2,people tested,,,,,,83,45195777,16,32,11,7,18934,1,191,6,16,28,,5,77,1
ARG,South America,Argentina,2020-10-22,1053650,16325,14941,27957,438,374,23313,361,331,619,10,8,1,,,,,,,,,2616628,35260,58,1,30376,1,0,2,people tested,,,,,,83,45195777,16,32,11,7,18934,1,191,6,16,28,,5,77,1
ARG,South America,Argentina,2020-10-23,1069368,15718,14823,28338,381,374,23661,348,328,627,8,8,1,,,,,,,,,2649707,33079,59,1,30233,1,0,2,people tested,,,,,,83,45195777,16,32,11,7,18934,1,191,6,16,28,,5,77,1
ARG,South America,Argentina,2020-10-24,1081336,11968,14602,28613,275,358,23926,265,323,633,6,8,1,,,,,,,,,2673421,23714,59,1,29436,1,0,2,people tested,,,,,,83,45195777,16,32,11,7,18934,1,191,6,16,28,,5,77,1
ARG,South America,Argentina,2020-10-25,1090589,9253,14416,28896,283,376,24130,205,319,639,6,8,1,,,,,,,,,2687377,13956,59,0,29436,1,0,2,people tested,,,,,,80,45195777,16,32,11,7,18934,1,191,6,16,28,,5,77,1
ARG,South America,Argentina,2020-10-26,1102301,11712,14234,29301,405,369,24389,259,315,648,9,8,1,,,,,,,,,2714995,27618,60,1,28889,1,0,2,people tested,,,,,,80,45195777,16,32,11,7,18934,1,191,6,16,28,,5,77,1
ARG,South America,Argentina,2020-10-27,1116609,14308,13944,29730,429,376,24706,317,309,658,9,8,1,,,,,,,,,2745256,30261,61,1,28593,1,0,2,people tested,,,,,,80,45195777,16,32,11,7,18934,1,191,6,16,28,,5,77,1
ARG,South America,Argentina,2020-10-28,1130533,13924,13315,30071,341,365,25014,308,295,665,8,8,1,,,,,,,,,2776201,30945,61,1,27833,1,0,2,people tested,,,,,,82,45195777,16,32,11,7,18934,1,191,6,16,28,,5,77,1
ARG,South America,Argentina,2020-10-29,1143800,13267,12879,30442,371,355,25308,294,285,674,8,8,1,,,,,,,,,2805243,29042,62,1,26945,1,0,2,people tested,,,,,,82,45195777,16,32,11,7,18934,1,191,6,16,28,,5,77,1
ARG,South America,Argentina,2020-10-30,1157179,13379,12544,30792,350,351,25604,296,278,681,8,8,1,,,,,,,,,2834849,29606,63,1,26449,1,0,2,people tested,,,,,,82,45195777,16,32,11,7,18934,1,191,6,16,28,,5,77,1
ARG,South America,Argentina,2020-10-31,1166924,9745,12227,31002,210,341,25819,216,271,686,5,8,1,,,,,,,,,2855630,20781,63,0,26030,1,0,2,people tested,,,,,,82,45195777,16,32,11,7,18934,1,191,6,16,28,,5,77,1
ARG,South America,Argentina,2020-11-01,1173533,6609,11849,31140,138,321,25966,146,262,689,3,7,1,,,,,,,,,2868709,13079,63,0,25905,1,0,2,people tested,,,,,,82,45195777,16,32,11,7,18934,1,191,6,16,28,,5,77,1
ARG,South America,Argentina,2020-11-02,1183131,9598,11547,31623,483,332,26178,212,255,700,11,7,1,,,,,,,,,2892996,24287,64,1,25429,1,0,2,people tested,,,,,,82,45195777,16,32,11,7,18934,1,191,6,16,28,,5,77,1
ARG,South America,Argentina,2020-11-03,1195276,12145,11238,32052,429,332,26447,269,249,709,9,7,1,,,,,,,,,2921605,28609,65,1,25193,1,0,2,people tested,,,,,,82,45195777,16,32,11,7,18934,1,191,6,16,28,,5,77,1
ARG,South America,Argentina,2020-11-04,1205928,10652,10771,32520,468,350,26682,236,238,720,10,8,1,,,,,,,,,2948376,26771,65,1,24596,1,0,2,people tested,,,,,,82,45195777,16,32,11,7,18934,1,191,6,16,28,,5,77,1
ARG,South America,Argentina,2020-11-05,1217028,11100,10461,32766,246,332,26928,246,231,725,5,7,1,,,,,,,,,2979904,31528,66,1,24952,1,0,2,people tested,,,,,,82,45195777,16,32,11,7,18934,1,191,6,16,28,,5,77,1
ARG,South America,Argentina,2020-11-06,1228814,11786,10234,33136,370,335,27189,261,226,733,8,7,1,,,,,,,,,3008540,28636,67,1,24813,1,0,2,people tested,,,,,,79,45195777,16,32,11,7,18934,1,191,6,16,28,,5,77,1
ARG,South America,Argentina,2020-11-07,1236851,8037,9990,33348,212,335,27367,178,221,738,5,7,1,,,,,,,,,3028447,19907,67,0,24688,1,0,2,people tested,,,,,,79,45195777,16,32,11,7,18934,1,191,6,16,28,,5,77,1
ARG,South America,Argentina,2020-11-08,1242182,5331,9807,33560,212,346,27484,118,217,743,5,8,1,,,,,,,,,3041117,12670,67,0,24630,1,0,2,people tested,,,,,,79,45195777,16,32,11,7,18934,1,191,6,16,28,,5,77,1
ARG,South America,Argentina,2020-11-09,1250499,8317,9624,33907,347,326,27668,184,213,750,8,7,1,,,,,,,,,3064963,23846,68,1,24567,1,0,3,people tested,,,,,,79,45195777,16,32,11,7,18934,1,191,6,16,28,,5,77,1
ARG,South America,Argentina,2020-11-10,1262476,11977,9600,34183,276,304,27933,265,212,756,6,7,1,,,,,,,,,3092419,27456,68,1,24402,1,0,2,people tested,,,,,,79,45195777,16,32,11,7,18934,1,191,6,16,28,,5,77,1
ARG,South America,Argentina,2020-11-11,1273356,10880,9633,34531,348,287,28174,241,213,764,8,6,1,,,,,,,,,3120194,27775,69,1,24545,1,0,2,people tested,,,,,,79,45195777,16,32,11,7,18934,1,191,6,16,28,,5,77,1
ARG,South America,Argentina,2020-11-12,1284519,11163,9642,34782,251,288,28421,247,213,770,6,6,1,,,,,,,,,3146882,26688,70,1,23854,1,0,2,people tested,,,,,,79,45195777,16,32,11,7,18934,1,191,6,16,28,,5,77,1
ARG,South America,Argentina,2020-11-13,1296378,11859,9652,35045,263,273,28684,262,214,775,6,6,1,,,,,,,,,3174982,28100,70,1,23777,1,0,2,people tested,,,,,,79,45195777,16,32,11,7,18934,1,191,6,16,28,,5,77,1
ARG,South America,Argentina,2020-11-14,1304846,8468,9714,35307,262,280,28871,187,215,781,6,6,1,,,,,,,,,3194507,19525,71,0,23723,1,0,2,people tested,,,,,,79,45195777,16,32,11,7,18934,1,191,6,16,28,,5,77,1
ARG,South America,Argentina,2020-11-15,1310491,5645,9758,35436,129,268,28996,125,216,784,3,6,1,,,,,,,,,3205634,11127,71,0,23502,1,0,2,people tested,,,,,,79,45195777,16,32,11,7,18934,1,191,6,16,28,,5,77,1
ARG,South America,Argentina,2020-11-16,1318384,7893,9698,35727,291,260,29171,175,215,790,6,6,1,,,,,,,,,3229195,23561,71,1,23462,1,0,2,people tested,,,,,,79,45195777,16,32,11,7,18934,1,191,6,16,28,,5,77,1
ARG,South America,Argentina,2020-11-17,1329005,10621,9504,36106,379,275,29406,235,210,799,8,6,1,,,,,,,,,3254520,25325,72,1,23157,1,0,2,people tested,,,,,,79,45195777,16,32,11,7,18934,1,191,6,16,28,,5,77,1
ARG,South America,Argentina,2020-11-18,1339337,10332,9426,36347,241,259,29634,229,209,804,5,6,1,,,,,,,,,3281656,27136,73,1,23066,1,0,2,people tested,,,,,,79,45195777,16,32,11,7,18934,1,191,6,16,28,,5,77,1
ARG,South America,Argentina,2020-11-19,1349434,10097,9274,36532,185,250,29858,223,205,808,4,6,1,,,,,,,,,3309043,27387,73,1,23166,1,0,2,people tested,,,,,,79,45195777,16,32,11,7,18934,1,191,6,16,28,,5,77,1
ARG,South America,Argentina,2020-11-20,1359042,9608,8952,36790,258,249,30070,213,198,814,6,6,1,,,,,,,,,3335966,26923,74,1,22998,1,0,3,people tested,,,,,,79,45195777,16,32,11,7,18934,1,191,6,16,28,,5,77,1
ARG,South America,Argentina,2020-11-21,1366182,7140,8762,36902,112,228,30228,158,194,816,2,5,1,,,,,,,,,3353340,17374,74,0,22690,1,0,3,people tested,,,,,,79,45195777,16,32,11,7,18934,1,191,6,16,28,,5,77,1
ARG,South America,Argentina,2020-11-22,1370366,4184,8554,37002,100,224,30321,93,189,819,2,5,1,,,,,,,,,3363727,10387,74,0,22585,0,0,3,people tested,,,,,,79,45195777,16,32,11,7,18934,1,191,6,16,28,,5,77,1
ARG,South America,Argentina,2020-11-23,1374631,4265,8035,37122,120,199,30415,94,178,821,3,4,1,,,,,,,,,3375467,11740,75,0,20896,0,0,3,people tested,,,,,,79,45195777,16,32,11,7,18934,1,191,6,16,28,,5,77,1
ARG,South America,Argentina,2020-11-24,1381795,7164,7541,37432,310,189,30574,159,167,828,7,4,1,,,,,,,,,3398937,23470,75,1,20631,0,0,3,people tested,,,,,,79,45195777,16,32,11,7,18934,1,191,6,16,28,,5,77,1
ARG,South America,Argentina,2020-11-25,1390388,8593,7293,37714,282,195,30764,190,161,834,6,4,1,,,,,,,,,3424128,25191,76,1,20353,0,0,3,people tested,,,,,,79,45195777,16,32,11,7,18934,1,191,6,16,28,,5,77,1
ARG,South America,Argentina,2020-11-26,1399431,9043,7142,37941,227,201,30964,200,158,839,5,4,1,,,,,,,,,3449516,25388,76,1,20068,0,0,3,people tested,,,,,,79,45195777,16,32,11,7,18934,1,191,6,16,28,,5,77,1
ARG,South America,Argentina,2020-11-27,1407277,7846,6891,38216,275,204,31137,174,152,846,6,5,1,,,,,,,,,3473425,23909,77,1,19637,0,0,3,people tested,,,,,,79,45195777,16,32,11,7,18934,1,191,6,16,28,,5,77,1
ARG,South America,Argentina,2020-11-28,1413375,6098,6742,38322,106,203,31272,135,149,848,2,4,1,,,,,,,,,3490589,17164,77,0,19607,0,0,3,people tested,,,,,,79,45195777,16,32,11,7,18934,1,191,6,16,28,,5,77,1
ARG,South America,Argentina,2020-11-29,1418807,5432,6920,38473,151,210,31392,120,153,851,3,5,1,,,,,,,,,3499962,9373,77,0,19462,0,0,3,people tested,,,,,,79,45195777,16,32,11,7,18934,1,191,6,16,28,,5,77,1
ARG,South America,Argentina,2020-11-30,1424533,5726,7129,38730,257,230,31519,127,158,857,6,5,1,,,,,,,,,3520914,20952,78,0,20778,0,0,3,people tested,,,,,,79,45195777,16,32,11,7,18934,1,191,6,16,28,,5,77,1
ARG,South America,Argentina,2020-12-01,1432570,8037,7254,38928,198,214,31697,178,160,861,4,5,1,,,,,,,,,3544475,23561,78,1,20791,0,0,3,people tested,,,,,,79,45195777,16,32,11,7,18934,1,191,6,16,28,,5,77,1
ARG,South America,Argentina,2020-12-02,1440103,7533,7102,39156,228,206,31864,167,157,866,5,5,1,,,,,,,,,3567270,22795,79,1,20449,0,0,3,people tested,,,,,,79,45195777,16,32,11,7,18934,1,191,6,16,28,,5,77,1
ARG,South America,Argentina,2020-12-03,1447732,7629,6900,39305,149,195,32032,169,153,870,3,4,1,,,,,,,,,3590438,23168,79,1,20132,0,0,3,people tested,,,,,,79,45195777,16,32,11,7,18934,1,191,6,16,28,,5,77,1
ARG,South America,Argentina,2020-12-04,1454631,6899,6765,39512,207,185,32185,153,150,874,5,4,1,,,,,,,,,3611625,21187,80,0,19743,0,0,3,people tested,,,,,,79,45195777,16,32,11,7,18934,1,191,6,16,28,,5,77,1
ARG,South America,Argentina,2020-12-05,1459832,5201,6637,39632,120,187,32300,115,147,877,3,4,1,,,,,,,,,3626833,15208,80,0,19463,0,0,3,people tested,,,,,,79,45195777,16,32,11,7,18934,1,191,6,16,28,,5,77,1
ARG,South America,Argentina,2020-12-06,1463110,3278,6329,39770,138,185,32373,73,140,880,3,4,1,,,,,,,,,3634649,7816,80,0,19241,0,0,3,people tested,,,,,,79,45195777,16,32,11,7,18934,1,191,6,16,28,,5,77,1
ARG,South America,Argentina,2020-12-07,1466309,3199,5968,39888,118,165,32443,71,132,883,3,4,1,,,,,,,,,3646160,11511,81,0,17892,0,0,3,people tested,,,,,,79,45195777,16,32,11,7,18934,1,191,6,16,28,,5,77,1
ARG,South America,Argentina,2020-12-08,1469919,3610,5336,40009,121,154,32523,80,118,885,3,3,1,,,,,,,,,3656053,9893,81,0,15940,0,0,3,people tested,,,,,,79,45195777,16,32,11,7,18934,1,191,6,16,28,,5,77,1
ARG,South America,Argentina,2020-12-09,1475222,5303,5017,40222,213,152,32641,117,111,890,5,3,1,,,,,,,,,3678385,22332,81,0,15874,0,0,3,people tested,,,,,,79,45195777,16,32,11,7,18934,1,191,6,16,28,,5,77,1
ARG,South America,Argentina,2020-12-10,1482216,6994,4926,40431,209,161,32795,155,109,895,5,4,1,,,,,,,,,3702534,24149,82,1,16014,0,0,3,people tested,,,,,,79,45195777,16,32,11,7,18934,1,191,6,16,28,,5,77,1
ARG,South America,Argentina,2020-12-11,1489328,7112,4957,40606,175,156,32953,157,110,898,4,3,1,,,,,,,,,3726344,23810,82,1,16388,0,0,3,people tested,,,,,,79,45195777,16,32,11,7,18934,1,191,6,16,28,,5,77,1
ARG,South America,Argentina,2020-12-12,1494602,5274,4967,40668,62,148,33070,117,110,900,1,3,1,,,,,,,,,3743959,17615,83,0,16732,0,0,3,people tested,,,,,,79,45195777,16,32,11,7,18934,1,191,6,16,28,,5,77,1
ARG,South America,Argentina,2020-12-13,1498160,3558,5007,40766,98,142,33148,79,111,902,2,3,1,,,,,,,,,3754503,10544,83,0,17122,0,0,3,people tested,,,,,,79,45195777,16,32,11,7,18934,1,191,6,16,28,,5,77,1
ARG,South America,Argentina,2020-12-14,1503222,5062,5273,41041,275,165,33260,112,117,908,6,4,1,,,,,,,,,3776753,22250,84,0,18656,0,0,4,people tested,,,,,,79,45195777,16,32,11,7,18934,1,191,6,16,28,,5,77,1
ARG,South America,Argentina,2020-12-15,1510203,6981,5755,41204,163,171,33415,154,127,912,4,4,1,,,,,,,,,3801402,24649,84,1,20764,0,0,4,people tested,,,,,,79,45195777,16,32,11,7,18934,1,191,6,16,28,,5,77,1
ARG,South America,Argentina,2020-12-16,1517046,6843,5975,41365,161,163,33566,151,132,915,4,4,1,,,,,,,,,3827417,26015,85,1,21290,0,0,4,people tested,,,,,,79,45195777,16,32,11,7,18934,1,191,6,16,28,,5,77,1
ARG,South America,Argentina,2020-12-17,1524372,7326,6022,41534,169,158,33728,162,133,919,4,3,1,,,,,,,,,3855151,27734,85,1,21802,0,0,4,people tested,,,,,,79,45195777,16,32,11,7,18934,1,191,6,16,28,,5,77,1
ARG,South America,Argentina,2020-12-18,1531374,7002,6007,41672,138,152,33883,155,133,922,3,3,1,,,,,,,,,3884020,28869,86,1,22525,0,0,4,people tested,,,,,,79,45195777,16,32,11,7,18934,1,191,6,16,28,,5,77,1
ARG,South America,Argentina,2020-12-19,1537169,5795,6081,41763,91,156,34011,128,135,924,2,3,1,,,,,,,,,3906079,22059,86,0,23160,1,0,4,people tested,,,,,,79,45195777,16,32,11,7,18934,1,191,6,16,28,,5,77,1
ARG,South America,Argentina,2020-12-20,1541285,4116,6161,41813,50,150,34102,91,136,925,1,3,1,,,,,,,,,3920400,14321,87,0,23700,1,0,4,people tested,,,,,,79,45195777,16,32,11,7,18934,1,191,6,16,28,,5,77,1
ARG,South America,Argentina,2020-12-21,1547138,5853,6274,41997,184,137,34232,130,139,929,4,3,1,,,,,,,,,3949352,28952,87,1,24657,1,0,4,people tested,,,,,,79,45195777,16,32,11,7,18934,1,191,6,16,28,,5,77,1
ARG,South America,Argentina,2020-12-22,1555279,8141,6439,42254,257,150,34412,180,142,935,6,3,1,,,,,,,,,3982441,33089,88,1,25863,1,0,4,people tested,,,,,,79,45195777,16,32,11,7,18934,1,191,6,16,28,,5,77,1
ARG,South America,Argentina,2020-12-23,1563865,8586,6688,42314,60,136,34602,190,148,936,1,3,1,,,,,,,,,4016798,34357,89,1,27054,1,0,4,people tested,,,,,,79,45195777,16,32,11,7,18934,1,191,6,16,28,,5,77,1
ARG,South America,Argentina,2020-12-24,1563865,0,5642,42314,0,111,34602,0,125,936,0,2,1,,,,,,,,,4035843,19045,89,0,25813,1,0,5,people tested,,,,,,79,45195777,16,32,11,7,18934,1,191,6,16,28,,5,77,1
ARG,South America,Argentina,2020-12-25,1574554,10689,6169,42422,108,107,34839,237,136,939,2,2,1,,,,,,,,,4041456,5613,89,0,22491,0,0,4,people tested,,,,,,79,45195777,16,32,11,7,18934,1,191,6,16,28,,5,77,1
ARG,South America,Argentina,2020-12-26,1578267,3713,5871,42501,79,105,34921,82,130,940,2,2,1,,,,,,,,,4064129,22673,90,1,22579,0,0,4,people tested,,,,,,79,45195777,16,32,11,7,18934,1,191,6,16,28,,5,77,1
ARG,South America,Argentina,2020-12-27,1583297,5030,6002,42650,149,120,35032,111,133,944,3,3,1,,,,,,,,,4080578,16449,90,0,22883,1,0,4,people tested,,,,,,79,45195777,16,32,11,7,18934,1,191,6,16,28,,5,77,1
ARG,South America,Argentina,2020-12-28,1590513,7216,6196,42868,218,124,35192,160,137,948,5,3,1,,,,,,,,,4115975,35397,91,1,23803,1,0,4,people tested,,,,,,79,45195777,16,32,11,7,18934,1,191,6,16,28,,5,77,1
ARG,South America,Argentina,2020-12-29,1602163,11650,6698,43018,150,109,35449,258,148,952,3,2,1,,,,,,,,,4154062,38087,92,1,24517,1,0,4,people tested,700,,,0,,79,45195777,16,32,11,7,18934,1,191,6,16,28,,5,77,1
ARG,South America,Argentina,2020-12-30,1613928,11765,7152,43163,145,121,35710,260,158,955,3,3,1,,,,,,,,,4194655,40593,93,1,25408,1,0,4,people tested,,,15656,,346,79,45195777,16,32,11,7,18934,1,191,6,16,28,,5,77,1
ARG,South America,Argentina,2020-12-31,1625514,11586,8807,43245,82,133,35966,256,195,957,2,3,1,,,,,,,,,4220789,26134,93,1,26421,1,0,3,people tested,32013,,15656,0,346,79,45195777,16,32,11,7,18934,1,191,6,16,28,,5,77,1
ARG,South America,Argentina,2021-01-01,1629594,4080,7863,43319,74,128,36056,90,174,958,2,3,1,,,,,,,,,4228293,7504,94,0,26691,1,0,3,people tested,,,11070,,245,79,45195777,16,32,11,7,18934,1,191,6,16,28,,5,77,1
ARG,South America,Argentina,2021-01-02,1634834,5240,8081,43375,56,125,36172,116,179,960,1,3,1,,,,,,,,,4251736,23443,94,1,26801,1,0,3,people tested,,,8776,,194,79,45195777,16,32,11,7,18934,1,191,6,16,28,,5,77,1
ARG,South America,Argentina,2021-01-03,1640718,5884,8203,43482,107,119,36302,130,181,962,2,3,1,,,,,,,,,4271062,19326,95,0,27212,1,0,3,people tested,,,7400,,164,79,45195777,16,32,11,7,18934,1,191,6,16,28,,5,77,1
ARG,South America,Argentina,2021-01-04,1648940,8222,8347,43634,152,109,36484,182,185,965,3,2,1,,,,,,,,,4310343,39281,95,1,27767,1,0,3,people tested,39599,,6483,0,143,79,45195777,16,32,11,7,18934,1,191,6,16,28,,5,77,1
ARG,South America,Argentina,2021-01-05,1662730,13790,8652,43785,151,110,36789,305,191,969,3,2,1,,,,,,,,,4353353,43010,96,1,28470,1,0,3,people tested,,,7984,,177,79,45195777,16,32,11,7,18934,1,191,6,16,28,,5,77,1
ARG,South America,Argentina,2021-01-06,1676171,13441,8892,43976,191,116,37087,297,197,973,4,3,1,,,,,,,,,4398106,44753,97,1,29064,1,0,3,people tested,,,8173,,181,79,45195777,16,32,11,7,18934,1,191,6,16,28,,5,77,1
ARG,South America,Argentina,2021-01-07,1690006,13835,9213,44122,146,125,37393,306,204,976,3,3,1,,,,,,,,,4438629,40523,98,1,31120,1,0,3,people tested,,,8363,,185,79,45195777,16,32,11,7,18934,1,191,6,16,28,,5,77,1
ARG,South America,Argentina,2021-01-08,1703352,13346,10537,44273,151,136,37688,295,233,980,3,3,1,,,,,,,,,4479591,40962,99,1,35900,1,0,3,people tested,107542,,10519,0,233,79,45195777,16,32,11,7,18934,1,191,6,16,28,,5,77,1
ARG,South America,Argentina,2021-01-09,1714409,11057,11368,44417,144,149,37933,245,252,983,3,3,,,,,,,,,,4512420,32829,100,1,37241,1,0,3,people tested,,,11942,,264,79,45195777,16,32,11,7,18934,1,191,6,16,28,,5,77,1
ARG,South America,Argentina,2021-01-10,1722217,7808,11643,44495,78,145,38106,173,258,984,2,3,,,,,,,,,,4532713,20293,100,0,37379,1,0,3,people tested,,,13365,,296,79,45195777,16,32,11,7,18934,1,191,6,16,28,,5,77,1
ARG,South America,Argentina,2021-01-11,1730921,8704,11712,44654,159,146,38298,193,259,988,4,3,,,,,,,,,,4570907,38194,101,1,37223,1,0,3,people tested,,,14788,,327,79,45195777,16,32,11,7,18934,1,191,6,16,28,,5,77,1
ARG,South America,Argentina,2021-01-12,1744704,13783,11711,44848,194,152,38603,305,259,992,4,3,,,,,,,,,,4609972,39065,102,1,36660,1,0,3,people tested,,,14056,,311,,45195777,16,32,11,7,18934,1,191,6,16,28,,5,77,1
ARG,South America,Argentina,2021-01-13,1757429,12725,11608,44983,135,144,38885,282,257,995,3,3,,,,,,,,,,,,,,,,,,,166833,,13323,0,295,,45195777,16,32,11,7,18934,1,191,6,16,28,,5,77,1
ARG,South America,Argentina,2021-01-14,1770715,13286,11530,45125,142,143,39179,294,255,998,3,3,,,,,,,,,,,,,,,,,,,,,13320,,295,,45195777,16,32,11,7,18934,1,191,6,16,28,,5,77,1
ARG,South America,Argentina,2021-01-15,1783047,12332,11385,45227,102,136,39452,273,252,1001,2,3,,,,,,,,,,,,,,,,,,,200759,,13317,0,295,,45195777,16,32,11,7,18934,1,191,6,16,28,,5,77,1
ARG,South America,Argentina,2021-01-16,1791979,8932,11081,45295,68,125,39649,198,245,1002,2,3,,,,,,,,,,,,,,,,,,,,,,,,,45195777,16,32,11,7,18934,1,191,6,16,28,,5,77,1
ARG,South America,Argentina,2021-01-17,1799243,7264,11004,45407,112,130,39810,161,243,1005,2,3,,,,,,,,,,,,,,,,,,,,,,,,,45195777,16,32,11,7,18934,1,191,6,16,28,,5,77,1
ARG,South America,Argentina,2021-01-18,1807428,8185,10930,45832,425,168,39991,181,242,1014,9,4,,,,,,,,,,,,,,,,,,,,,,,,,45195777,16,32,11,7,18934,1,191,6,16,28,,5,77,1
