countryterritoryCode,continentExp,countriesAndTerritories,dateRep,total_cases,cases,new_cases_smoothed,total_deaths,deaths,new_deaths_smoothed,total_cases_per_million,new_cases_per_million,new_cases_smoothed_per_million,total_deaths_per_million,new_deaths_per_million,new_deaths_smoothed_per_million,reproduction_rate,icu_patients,icu_patients_per_million,hosp_patients,hosp_patients_per_million,weekly_icu_admissions,weekly_icu_admissions_per_million,weekly_hosp_admissions,weekly_hosp_admissions_per_million,new_tests,total_tests,total_tests_per_thousand,new_tests_per_thousand,new_tests_smoothed,new_tests_smoothed_per_thousand,positive_rate,tests_per_case,tests_units,total_vaccinations,people_vaccinated,people_fully_vaccinated,total_boosters,new_vaccinations,new_vaccinations_smoothed,total_vaccinations_per_hundred,people_vaccinated_per_hundred,people_fully_vaccinated_per_hundred,total_boosters_per_hundred,new_vaccinations_smoothed_per_million,stringency_index,popData2019,population_density,median_age,aged_65_older,aged_70_older,gdp_per_capita,extreme_poverty,cardiovasc_death_rate,diabetes_prevalence,female_smokers,male_smokers,handwashing_facilities,hospital_beds_per_thousand,life_expectancy,human_development_index,excess_mortality_cumulative_absolute,excess_mortality_cumulative,excess_mortality,excess_mortality_cumulative_per_million
GUY,South America,Guyana,2020-03-12,1,1,,1,1,,1,1,,1,1,,,,,,,,,,,,,,,,,,,,,,,,,,,,,,,25,790329,4,26,5,3,7435,,373,12,,,77,2,70,1,,,,
GUY,South America,Guyana,2020-03-13,1,0,,1,0,,1,0,,1,0,,,,,,,,,,,,,,,,,,,,,,,,,,,,,,,25,790329,4,26,5,3,7435,,373,12,,,77,2,70,1,,,,
GUY,South America,Guyana,2020-03-14,1,0,,1,0,,1,0,,1,0,,,,,,,,,,,,,,,,,,,,,,,,,,,,,,,25,790329,4,26,5,3,7435,,373,12,,,77,2,70,1,,,,
GUY,South America,Guyana,2020-03-15,4,3,,1,0,,5,4,,1,0,,,,,,,,,,,,,,,,,,,,,,,,,,,,,,,25,790329,4,26,5,3,7435,,373,12,,,77,2,70,1,,,,
GUY,South America,Guyana,2020-03-16,4,0,,1,0,,5,0,,1,0,,,,,,,,,,,,,,,,,,,,,,,,,,,,,,,36,790329,4,26,5,3,7435,,373,12,,,77,2,70,1,,,,
GUY,South America,Guyana,2020-03-17,7,3,1,1,0,0,9,4,1,1,0,0,,,,,,,,,,,,,,,,,,,,,,,,,,,,,,36,790329,4,26,5,3,7435,,373,12,,,77,2,70,1,,,,
GUY,South America,Guyana,2020-03-18,7,0,1,1,0,0,9,0,1,1,0,0,,,,,,,,,,,,,,,,,,,,,,,,,,,,,,42,790329,4,26,5,3,7435,,373,12,,,77,2,70,1,,,,
GUY,South America,Guyana,2020-03-19,7,0,1,1,0,0,9,0,1,1,0,0,,,,,,,,,,,,,,,,,,,,,,,,,,,,,,42,790329,4,26,5,3,7435,,373,12,,,77,2,70,1,,,,
GUY,South America,Guyana,2020-03-20,7,0,1,1,0,0,9,0,1,1,0,0,,,,,,,,,,,,,,,,,,,,,,,,,,,,,,42,790329,4,26,5,3,7435,,373,12,,,77,2,70,1,,,,
GUY,South America,Guyana,2020-03-21,7,0,1,1,0,0,9,0,1,1,0,0,,,,,,,,,,,,,,,,,,,,,,,,,,,,,,42,790329,4,26,5,3,7435,,373,12,,,77,2,70,1,,,,
GUY,South America,Guyana,2020-03-22,19,12,2,1,0,0,24,15,3,1,0,0,,,,,,,,,,,,,,,,,,,,,,,,,,,,,,42,790329,4,26,5,3,7435,,373,12,,,77,2,70,1,,,,
GUY,South America,Guyana,2020-03-23,20,1,2,1,0,0,25,1,3,1,0,0,,,,,,,,,,,,,,,,,,,,,,,,,,,,,,42,790329,4,26,5,3,7435,,373,12,,,77,2,70,1,,,,
GUY,South America,Guyana,2020-03-24,5,-15,-0,1,0,0,6,-19,-0,1,0,0,,,,,,,,,,,,,,,,,,,,,,,,,,,,,,42,790329,4,26,5,3,7435,,373,12,,,77,2,70,1,,,,
GUY,South America,Guyana,2020-03-25,5,0,-0,1,0,0,6,0,-0,1,0,0,,,,,,,,,,,,,,,,,,,,,,,,,,,,,,42,790329,4,26,5,3,7435,,373,12,,,77,2,70,1,,,,
GUY,South America,Guyana,2020-03-26,5,0,-0,1,0,0,6,0,-0,1,0,0,,,,,,,,,,,,,,,,,,,,,,,,,,,,,,45,790329,4,26,5,3,7435,,373,12,,,77,2,70,1,,,,
GUY,South America,Guyana,2020-03-27,5,0,-0,1,0,0,6,0,-0,1,0,0,,,,,,,,,,,,,,,,,,,,,,,,,,,,,,48,790329,4,26,5,3,7435,,373,12,,,77,2,70,1,,,,
GUY,South America,Guyana,2020-03-28,8,3,0,1,0,0,10,4,0,1,0,0,,,,,,,,,,,,,,,,,,,,,,,,,,,,,,57,790329,4,26,5,3,7435,,373,12,,,77,2,70,1,,,,
GUY,South America,Guyana,2020-03-29,8,0,-2,1,0,0,10,0,-2,1,0,0,,,,,,,,,,,,,,,,,,,,,,,,,,,,,,57,790329,4,26,5,3,7435,,373,12,,,77,2,70,1,,,,
GUY,South America,Guyana,2020-03-30,8,0,-2,1,0,0,10,0,-2,1,0,0,,,,,,,,,,,,,,,,,,,,,,,,,,,,,,57,790329,4,26,5,3,7435,,373,12,,,77,2,70,1,,,,
GUY,South America,Guyana,2020-03-31,12,4,1,2,1,0,15,5,1,3,1,0,,,,,,,,,,,,,,,,,,,,,,,,,,,,,,57,790329,4,26,5,3,7435,,373,12,,,77,2,70,1,,,,
GUY,South America,Guyana,2020-04-01,19,7,2,2,0,0,24,9,3,3,0,0,,,,,,,,,,,,,,,,,,,,,,,,,,,,,,57,790329,4,26,5,3,7435,,373,12,,,77,2,70,1,,,,
GUY,South America,Guyana,2020-04-02,19,0,2,4,2,0,24,0,3,5,3,1,,,,,,,,,,,,,,,,,,,,,,,,,,,,,,57,790329,4,26,5,3,7435,,373,12,,,77,2,70,1,,,,
GUY,South America,Guyana,2020-04-03,23,4,3,4,0,0,29,5,3,5,0,1,,,,,,,,,,,,,,,,,,,,,,,,,,,,,,85,790329,4,26,5,3,7435,,373,12,,,77,2,70,1,,,,
GUY,South America,Guyana,2020-04-04,23,0,2,4,0,0,29,0,3,5,0,1,,,,,,,,,,,,,,,,,,,,,,,,,,,,,,85,790329,4,26,5,3,7435,,373,12,,,77,2,70,1,,,,
GUY,South America,Guyana,2020-04-05,24,1,2,4,0,0,30,1,3,5,0,1,,,,,,,,,,,,,,,,,,,,,,,,,,,,,,85,790329,4,26,5,3,7435,,373,12,,,77,2,70,1,,,,
GUY,South America,Guyana,2020-04-06,31,7,3,4,0,0,39,9,4,5,0,1,,,,,,,,,,,,,,,,,,,,,,,,,,,,,,85,790329,4,26,5,3,7435,,373,12,,,77,2,70,1,,,,
GUY,South America,Guyana,2020-04-07,33,2,3,5,1,0,42,3,4,6,1,1,,,,,,,,,,,,,,,,,,,,,,,,,,,,,,85,790329,4,26,5,3,7435,,373,12,,,77,2,70,1,,,,
GUY,South America,Guyana,2020-04-08,37,4,3,6,1,1,47,5,3,8,1,1,,,,,,,,,,,,,,,,,,,,,,,,,,,,,,85,790329,4,26,5,3,7435,,373,12,,,77,2,70,1,,,,
GUY,South America,Guyana,2020-04-09,37,0,3,6,0,0,47,0,3,8,0,0,,,,,,,,,,,,,,,,,,,,,,,,,,,,,,87,790329,4,26,5,3,7435,,373,12,,,77,2,70,1,,,,
GUY,South America,Guyana,2020-04-10,37,0,2,6,0,0,47,0,3,8,0,0,,,,,,,,,,,,,,,,,,,,,,,,,,,,,,87,790329,4,26,5,3,7435,,373,12,,,77,2,70,1,,,,
GUY,South America,Guyana,2020-04-11,45,8,3,6,0,0,57,10,4,8,0,0,,,,,,,,,,,,,,,,,,,,,,,,,,,,,,87,790329,4,26,5,3,7435,,373,12,,,77,2,70,1,,,,
GUY,South America,Guyana,2020-04-12,45,0,3,6,0,0,57,0,4,8,0,0,,,,,,,,,,,,,,,,,,,,,,,,,,,,,,87,790329,4,26,5,3,7435,,373,12,,,77,2,70,1,,,,
GUY,South America,Guyana,2020-04-13,45,0,2,6,0,0,57,0,3,8,0,0,,,,,,,,,,,,,,,,,,,,,,,,,,,,,,87,790329,4,26,5,3,7435,,373,12,,,77,2,70,1,,,,
GUY,South America,Guyana,2020-04-14,47,2,2,6,0,0,59,3,3,8,0,0,,,,,,,,,,,,,,,,,,,,,,,,,,,,,,87,790329,4,26,5,3,7435,,373,12,,,77,2,70,1,,,,
GUY,South America,Guyana,2020-04-15,55,8,3,6,0,0,70,10,3,8,0,0,,,,,,,,,,,,,,,,,,,,,,,,,,,,,,87,790329,4,26,5,3,7435,,373,12,,,77,2,70,1,,,,
GUY,South America,Guyana,2020-04-16,55,0,3,6,0,0,70,0,3,8,0,0,,,,,,,,,,,,,,,,,,,,,,,,,,,,,,87,790329,4,26,5,3,7435,,373,12,,,77,2,70,1,,,,
GUY,South America,Guyana,2020-04-17,63,8,4,6,0,0,80,10,5,8,0,0,,,,,,,,,,,,,,,,,,,,,,,,,,,,,,87,790329,4,26,5,3,7435,,373,12,,,77,2,70,1,,,,
GUY,South America,Guyana,2020-04-18,63,0,3,6,0,0,80,0,3,8,0,0,,,,,,,,,,,,,,,,,,,,,,,,,,,,,,87,790329,4,26,5,3,7435,,373,12,,,77,2,70,1,,,,
GUY,South America,Guyana,2020-04-19,65,2,3,7,1,0,82,3,4,9,1,0,,,,,,,,,,,,,,,,,,,,,,,,,,,,,,87,790329,4,26,5,3,7435,,373,12,,,77,2,70,1,,,,
GUY,South America,Guyana,2020-04-20,65,0,3,7,0,0,82,0,4,9,0,0,,,,,,,,,,,,,,,,,,,,,,,,,,,,,,87,790329,4,26,5,3,7435,,373,12,,,77,2,70,1,,,,
GUY,South America,Guyana,2020-04-21,66,1,3,7,0,0,84,1,3,9,0,0,,,,,,,,,,,,,,,,,,,,,,,,,,,,,,87,790329,4,26,5,3,7435,,373,12,,,77,2,70,1,,,,
GUY,South America,Guyana,2020-04-22,67,1,2,7,0,0,85,1,2,9,0,0,,,,,,,,,,,,,,,,,,,,,,,,,,,,,,87,790329,4,26,5,3,7435,,373,12,,,77,2,70,1,,,,
GUY,South America,Guyana,2020-04-23,70,3,2,7,0,0,89,4,3,9,0,0,,,,,,,,,,,,,,,,,,,,,,,,,,,,,,87,790329,4,26,5,3,7435,,373,12,,,77,2,70,1,,,,
GUY,South America,Guyana,2020-04-24,73,3,1,7,0,0,92,4,2,9,0,0,,,,,,,,,,,,,,,,,,,,,,,,,,,,,,87,790329,4,26,5,3,7435,,373,12,,,77,2,70,1,,,,
GUY,South America,Guyana,2020-04-25,73,0,1,7,0,0,92,0,2,9,0,0,,,,,,,,,,,,,,,,,,,,,,,,,,,,,,87,790329,4,26,5,3,7435,,373,12,,,77,2,70,1,,,,
GUY,South America,Guyana,2020-04-26,74,1,1,8,1,0,94,1,2,10,1,0,,,,,,,,,,,,,,,,,,,,,,,,,,,,,,87,790329,4,26,5,3,7435,,373,12,,,77,2,70,1,,,,
GUY,South America,Guyana,2020-04-27,74,0,1,8,0,0,94,0,2,10,0,0,,,,,,,,,,,,,,,,,,,,,,,,,,,,,,87,790329,4,26,5,3,7435,,373,12,,,77,2,70,1,,,,
GUY,South America,Guyana,2020-04-28,74,0,1,8,0,0,94,0,1,10,0,0,,,,,,,,,,,,,,,,,,,,,,,,,,,,,,87,790329,4,26,5,3,7435,,373,12,,,77,2,70,1,,,,
GUY,South America,Guyana,2020-04-29,78,4,2,8,0,0,99,5,2,10,0,0,,,,,,,,,,,,,,,,,,,,,,,,,,,,,,87,790329,4,26,5,3,7435,,373,12,,,77,2,70,1,,,,
GUY,South America,Guyana,2020-04-30,82,4,2,9,1,0,104,5,2,11,1,0,,,,,,,,,,,,,,,,,,,,,,,,,,,,,,87,790329,4,26,5,3,7435,,373,12,,,77,2,70,1,,,,
GUY,South America,Guyana,2020-05-01,82,0,1,9,0,0,104,0,2,11,0,0,,,,,,,,,,,,,,,,,,,,,,,,,,,,,,87,790329,4,26,5,3,7435,,373,12,,,77,2,70,1,,,,
GUY,South America,Guyana,2020-05-02,82,0,1,9,0,0,104,0,2,11,0,0,,,,,,,,,,,,,,,,,,,,,,,,,,,,,,87,790329,4,26,5,3,7435,,373,12,,,77,2,70,1,,,,
GUY,South America,Guyana,2020-05-03,82,0,1,9,0,0,104,0,1,11,0,0,,,,,,,,,,,,,,,,,,,,,,,,,,,,,,87,790329,4,26,5,3,7435,,373,12,,,77,2,70,1,,,,
GUY,South America,Guyana,2020-05-04,92,10,3,9,0,0,116,13,3,11,0,0,,,,,,,,,,,,,,,,,,,,,,,,,,,,,,87,790329,4,26,5,3,7435,,373,12,,,77,2,70,1,,,,
GUY,South America,Guyana,2020-05-05,93,1,3,10,1,0,118,1,3,13,1,0,,,,,,,,,,,,,,,,,,,,,,,,,,,,,,87,790329,4,26,5,3,7435,,373,12,,,77,2,70,1,,,,
GUY,South America,Guyana,2020-05-06,93,0,2,10,0,0,118,0,3,13,0,0,,,,,,,,,,,,,,,,,,,,,,,,,,,,,,87,790329,4,26,5,3,7435,,373,12,,,77,2,70,1,,,,
GUY,South America,Guyana,2020-05-07,93,0,2,10,0,0,118,0,2,13,0,0,,,,,,,,,,,,,,,,,,,,,,,,,,,,,,87,790329,4,26,5,3,7435,,373,12,,,77,2,70,1,,,,
GUY,South America,Guyana,2020-05-08,94,1,2,10,0,0,119,1,2,13,0,0,,,,,,,,,,,,,,,,,,,,,,,,,,,,,,87,790329,4,26,5,3,7435,,373,12,,,77,2,70,1,,,,
GUY,South America,Guyana,2020-05-09,94,0,2,10,0,0,119,0,2,13,0,0,,,,,,,,,,,,,,,,,,,,,,,,,,,,,,87,790329,4,26,5,3,7435,,373,12,,,77,2,70,1,,,,
GUY,South America,Guyana,2020-05-10,104,10,3,10,0,0,132,13,4,13,0,0,,,,,,,,,,,,,,,,,,,,,,,,,,,,,,87,790329,4,26,5,3,7435,,373,12,,,77,2,70,1,,,,
GUY,South America,Guyana,2020-05-11,109,5,2,10,0,0,138,6,3,13,0,0,1,,,,,,,,,,,,,,,,,,,,,,,,,,,,,87,790329,4,26,5,3,7435,,373,12,,,77,2,70,1,,,,
GUY,South America,Guyana,2020-05-12,113,4,3,10,0,0,143,5,4,13,0,0,1,,,,,,,,,,,,,,,,,,,,,,,,,,,,,87,790329,4,26,5,3,7435,,373,12,,,77,2,70,1,,,,
GUY,South America,Guyana,2020-05-13,113,0,3,10,0,0,143,0,4,13,0,0,1,,,,,,,,,,,,,,,,,,,,,,,,,,,,,87,790329,4,26,5,3,7435,,373,12,,,77,2,70,1,,,,
GUY,South America,Guyana,2020-05-14,113,0,3,10,0,0,143,0,4,13,0,0,1,,,,,,,,,,,,,,,,,,,,,,,,,,,,,87,790329,4,26,5,3,7435,,373,12,,,77,2,70,1,,,,
GUY,South America,Guyana,2020-05-15,116,3,3,10,0,0,147,4,4,13,0,0,1,,,,,,,,,,,,,,,,,,,,,,,,,,,,,87,790329,4,26,5,3,7435,,373,12,,,77,2,70,1,,,,
GUY,South America,Guyana,2020-05-16,117,1,3,10,0,0,148,1,4,13,0,0,1,,,,,,,,,,,,,,,,,,,,,,,,,,,,,87,790329,4,26,5,3,7435,,373,12,,,77,2,70,1,,,,
GUY,South America,Guyana,2020-05-17,117,0,2,10,0,0,148,0,2,13,0,0,1,,,,,,,,,,,,,,,,,,,,,,,,,,,,,87,790329,4,26,5,3,7435,,373,12,,,77,2,70,1,,,,
GUY,South America,Guyana,2020-05-18,124,7,2,10,0,0,157,9,3,13,0,0,1,,,,,,,,,,,,,,,,,,,,,,,,,,,,,87,790329,4,26,5,3,7435,,373,12,,,77,2,70,1,,,,
GUY,South America,Guyana,2020-05-19,125,1,2,10,0,0,158,1,2,13,0,0,1,,,,,,,,,,,,,,,,,,,,,,,,,,,,,87,790329,4,26,5,3,7435,,373,12,,,77,2,70,1,,,,
GUY,South America,Guyana,2020-05-20,125,0,2,10,0,0,158,0,2,13,0,0,1,,,,,,,,,,,,,,,,,,,,,,,,,,,,,87,790329,4,26,5,3,7435,,373,12,,,77,2,70,1,,,,
GUY,South America,Guyana,2020-05-21,127,2,2,10,0,0,161,3,3,13,0,0,1,,,,,,,,,,,,,,,,,,,,,,,,,,,,,87,790329,4,26,5,3,7435,,373,12,,,77,2,70,1,,,,
GUY,South America,Guyana,2020-05-22,127,0,2,10,0,0,161,0,2,13,0,0,1,,,,,,,,,,,,,,,,,,,,,,,,,,,,,87,790329,4,26,5,3,7435,,373,12,,,77,2,70,1,,,,
GUY,South America,Guyana,2020-05-23,127,0,1,10,0,0,161,0,2,13,0,0,1,,,,,,,,,,,,,,,,,,,,,,,,,,,,,87,790329,4,26,5,3,7435,,373,12,,,77,2,70,1,,,,
GUY,South America,Guyana,2020-05-24,135,8,3,10,0,0,171,10,3,13,0,0,1,,,,,,,,,,,,,,,,,,,,,,,,,,,,,87,790329,4,26,5,3,7435,,373,12,,,77,2,70,1,,,,
GUY,South America,Guyana,2020-05-25,137,2,2,11,1,0,173,3,2,14,1,0,1,,,,,,,,,,,,,,,,,,,,,,,,,,,,,87,790329,4,26,5,3,7435,,373,12,,,77,2,70,1,,,,
GUY,South America,Guyana,2020-05-26,139,2,2,11,0,0,176,3,3,14,0,0,1,,,,,,,,,,,,,,,,,,,,,,,,,,,,,87,790329,4,26,5,3,7435,,373,12,,,77,2,70,1,,,,
GUY,South America,Guyana,2020-05-27,139,0,2,11,0,0,176,0,3,14,0,0,1,,,,,,,,,,,,,,,,,,,,,,,,,,,,,87,790329,4,26,5,3,7435,,373,12,,,77,2,70,1,,,,
GUY,South America,Guyana,2020-05-28,150,11,3,11,0,0,190,14,4,14,0,0,1,,,,,,,,,,,,,,,,,,,,,,,,,,,,,87,790329,4,26,5,3,7435,,373,12,,,77,2,70,1,,,,
GUY,South America,Guyana,2020-05-29,150,0,3,11,0,0,190,0,4,14,0,0,1,,,,,,,,,,,,,,,,,,,,,,,,,,,,,87,790329,4,26,5,3,7435,,373,12,,,77,2,70,1,,,,
GUY,South America,Guyana,2020-05-30,152,2,4,12,1,0,192,3,5,15,1,0,1,,,,,,,,,,,,,,,,,,,,,,,,,,,,,87,790329,4,26,5,3,7435,,373,12,,,77,2,70,1,,,,
GUY,South America,Guyana,2020-05-31,153,1,3,12,0,0,194,1,3,15,0,0,1,,,,,,,,,,,,,,,,,,,,,,,,,,,,,87,790329,4,26,5,3,7435,,373,12,,,77,2,70,1,,,,
GUY,South America,Guyana,2020-06-01,153,0,2,12,0,0,194,0,3,15,0,0,1,,,,,,,,,,,,,,,,,,,,,,,,,,,,,87,790329,4,26,5,3,7435,,373,12,,,77,2,70,1,,,,
GUY,South America,Guyana,2020-06-02,153,0,2,12,0,0,194,0,3,15,0,0,1,,,,,,,,,,,,,,,,,,,,,,,,,,,,,87,790329,4,26,5,3,7435,,373,12,,,77,2,70,1,,,,
GUY,South America,Guyana,2020-06-03,153,0,2,12,0,0,194,0,3,15,0,0,1,,,,,,,,,,,,,,,,,,,,,,,,,,,,,87,790329,4,26,5,3,7435,,373,12,,,77,2,70,1,,,,
GUY,South America,Guyana,2020-06-04,153,0,0,12,0,0,194,0,1,15,0,0,1,,,,,,,,,,,,,,,,,,,,,,,,,,,,,87,790329,4,26,5,3,7435,,373,12,,,77,2,70,1,,,,
GUY,South America,Guyana,2020-06-05,153,0,0,12,0,0,194,0,1,15,0,0,1,,,,,,,,,,,,,,,,,,,,,,,,,,,,,87,790329,4,26,5,3,7435,,373,12,,,77,2,70,1,,,,
GUY,South America,Guyana,2020-06-06,154,1,0,12,0,0,195,1,0,15,0,0,1,,,,,,,,,,,,,,,,,,,,,,,,,,,,,87,790329,4,26,5,3,7435,,373,12,,,77,2,70,1,,,,
GUY,South America,Guyana,2020-06-07,154,0,0,12,0,0,195,0,0,15,0,0,1,,,,,,,,,,,,,,,,,,,,,,,,,,,,,87,790329,4,26,5,3,7435,,373,12,,,77,2,70,1,,,,
GUY,South America,Guyana,2020-06-08,154,0,0,12,0,0,195,0,0,15,0,0,1,,,,,,,,,,,,,,,,,,,,,,,,,,,,,83,790329,4,26,5,3,7435,,373,12,,,77,2,70,1,,,,
GUY,South America,Guyana,2020-06-09,156,2,0,12,0,0,197,3,1,15,0,0,1,,,,,,,,,,,,,,,,,,,,,,,,,,,,,83,790329,4,26,5,3,7435,,373,12,,,77,2,70,1,,,,
GUY,South America,Guyana,2020-06-10,156,0,0,12,0,0,197,0,1,15,0,0,1,,,,,,,,,,,,,,,,,,,,,,,,,,,,,83,790329,4,26,5,3,7435,,373,12,,,77,2,70,1,,,,
GUY,South America,Guyana,2020-06-11,158,2,1,12,0,0,200,3,1,15,0,0,1,,,,,,,,,,,,,,,,,,,,,,,,,,,,,83,790329,4,26,5,3,7435,,373,12,,,77,2,70,1,,,,
GUY,South America,Guyana,2020-06-12,159,1,1,12,0,0,201,1,1,15,0,0,1,,,,,,,,,,,,,,,,,,,,,,,,,,,,,83,790329,4,26,5,3,7435,,373,12,,,77,2,70,1,,,,
GUY,South America,Guyana,2020-06-13,159,0,1,12,0,0,201,0,1,15,0,0,1,,,,,,,,,,,,,,,,,,,,,,,,,,,,,83,790329,4,26,5,3,7435,,373,12,,,77,2,70,1,,,,
GUY,South America,Guyana,2020-06-14,159,0,1,12,0,0,201,0,1,15,0,0,1,,,,,,,,,,,,,,,,,,,,,,,,,,,,,83,790329,4,26,5,3,7435,,373,12,,,77,2,70,1,,,,
GUY,South America,Guyana,2020-06-15,159,0,1,12,0,0,201,0,1,15,0,0,1,,,,,,,,,,,,,,,,,,,,,,,,,,,,,83,790329,4,26,5,3,7435,,373,12,,,77,2,70,1,,,,
GUY,South America,Guyana,2020-06-16,171,12,2,12,0,0,216,15,3,15,0,0,1,,,,,,,,,,,,,,,,,,,,,,,,,,,,,83,790329,4,26,5,3,7435,,373,12,,,77,2,70,1,,,,
GUY,South America,Guyana,2020-06-17,171,0,2,12,0,0,216,0,3,15,0,0,1,,,,,,,,,,,,,,,,,,,,,,,,,,,,,80,790329,4,26,5,3,7435,,373,12,,,77,2,70,1,,,,
GUY,South America,Guyana,2020-06-18,183,12,4,12,0,0,232,15,5,15,0,0,1,,,,,,,,,,,,,,,,,,,,,,,,,,,,,80,790329,4,26,5,3,7435,,373,12,,,77,2,70,1,,,,
GUY,South America,Guyana,2020-06-19,183,0,3,12,0,0,232,0,4,15,0,0,1,,,,,,,,,,,,,,,,,,,,,,,,,,,,,80,790329,4,26,5,3,7435,,373,12,,,77,2,70,1,,,,
GUY,South America,Guyana,2020-06-20,183,0,3,12,0,0,232,0,4,15,0,0,1,,,,,,,,,,,,,,,,,,,,,,,,,,,,,80,790329,4,26,5,3,7435,,373,12,,,77,2,70,1,,,,
GUY,South America,Guyana,2020-06-21,184,1,4,12,0,0,233,1,5,15,0,0,1,,,,,,,,,,,,,,,,,,,,,,,,,,,,,80,790329,4,26,5,3,7435,,373,12,,,77,2,70,1,,,,
GUY,South America,Guyana,2020-06-22,205,21,7,12,0,0,259,27,8,15,0,0,1,,,,,,,,,,,,,,,,,,,,,,,,,,,,,80,790329,4,26,5,3,7435,,373,12,,,77,2,70,1,,,,
GUY,South America,Guyana,2020-06-23,206,1,5,12,0,0,261,1,6,15,0,0,1,,,,,,,,,,,,,,,,,,,,,,,,,,,,,80,790329,4,26,5,3,7435,,373,12,,,77,2,70,1,,,,
GUY,South America,Guyana,2020-06-24,209,3,5,12,0,0,264,4,7,15,0,0,1,,,,,,,,,,,,,,,,,,,,,,,,,,,,,80,790329,4,26,5,3,7435,,373,12,,,77,2,70,1,,,,
GUY,South America,Guyana,2020-06-25,215,6,5,12,0,0,272,8,6,15,0,0,1,,,,,,,,,,,,,,,,,,,,,,,,,,,,,80,790329,4,26,5,3,7435,,373,12,,,77,2,70,1,,,,
GUY,South America,Guyana,2020-06-26,215,0,5,12,0,0,272,0,6,15,0,0,1,,,,,,,,,,,,,,,,,,,,,,,,,,,,,80,790329,4,26,5,3,7435,,373,12,,,77,2,70,1,,,,
GUY,South America,Guyana,2020-06-27,230,15,7,12,0,0,291,19,8,15,0,0,1,,,,,,,,,,,,,,,,,,,,,,,,,,,,,80,790329,4,26,5,3,7435,,373,12,,,77,2,70,1,,,,
GUY,South America,Guyana,2020-06-28,230,0,7,12,0,0,291,0,8,15,0,0,1,,,,,,,,,,,,,,,,,,,,,,,,,,,,,80,790329,4,26,5,3,7435,,373,12,,,77,2,70,1,,,,
GUY,South America,Guyana,2020-06-29,235,5,4,12,0,0,297,6,5,15,0,0,1,,,,,,,,,,,,,,,,,,,,,,,,,,,,,80,790329,4,26,5,3,7435,,373,12,,,77,2,70,1,,,,
GUY,South America,Guyana,2020-06-30,245,10,6,12,0,0,310,13,7,15,0,0,1,,,,,,,,,,,,,,,,,,,,,,,,,,,,,80,790329,4,26,5,3,7435,,373,12,,,77,2,70,1,,,,
GUY,South America,Guyana,2020-07-01,248,3,6,13,1,0,314,4,7,16,1,0,1,,,,,,,,,,,,,,,,,,,,,,,,,,,,,80,790329,4,26,5,3,7435,,373,12,,,77,2,70,1,,,,
GUY,South America,Guyana,2020-07-02,250,2,5,14,1,0,316,3,6,18,1,0,1,,,,,,,,,,,,,,,,,,,,,,,,,,,,,80,790329,4,26,5,3,7435,,373,12,,,77,2,70,1,,,,
GUY,South America,Guyana,2020-07-03,256,6,6,14,0,0,324,8,7,18,0,0,1,,,,,,,,,,,,,,,,,,,,,,,,,,,,,77,790329,4,26,5,3,7435,,373,12,,,77,2,70,1,,,,
GUY,South America,Guyana,2020-07-04,272,16,6,14,0,0,344,20,8,18,0,0,1,,,,,,,,,,,,,,,,,,,,,,,,,,,,,77,790329,4,26,5,3,7435,,373,12,,,77,2,70,1,,,,
GUY,South America,Guyana,2020-07-05,273,1,6,15,1,0,345,1,8,19,1,1,1,,,,,,,,,,,,,,,,,,,,,,,,,,,,,77,790329,4,26,5,3,7435,,373,12,,,77,2,70,1,,,,
GUY,South America,Guyana,2020-07-06,273,0,5,15,0,0,345,0,7,19,0,1,1,,,,,,,,,,,,,,,,,,,,,,,,,,,,,77,790329,4,26,5,3,7435,,373,12,,,77,2,70,1,,,,
GUY,South America,Guyana,2020-07-07,284,11,6,16,1,1,359,14,7,20,1,1,1,,,,,,,,,,,,,,,,,,,,,,,,,,,,,77,790329,4,26,5,3,7435,,373,12,,,77,2,70,1,,,,
GUY,South America,Guyana,2020-07-08,284,0,5,16,0,0,359,0,7,20,0,1,1,,,,,,,,,,,,,,,,,,,,,,,,,,,,,77,790329,4,26,5,3,7435,,373,12,,,77,2,70,1,,,,
GUY,South America,Guyana,2020-07-09,286,2,5,16,0,0,362,3,7,20,0,0,1,,,,,,,,,,,,,,,,,,,,,,,,,,,,,77,790329,4,26,5,3,7435,,373,12,,,77,2,70,1,,,,
GUY,South America,Guyana,2020-07-10,290,4,5,16,0,0,367,5,6,20,0,0,1,,,,,,,,,,,,,,,,,,,,,,,,,,,,,77,790329,4,26,5,3,7435,,373,12,,,77,2,70,1,,,,
GUY,South America,Guyana,2020-07-11,291,1,3,17,1,0,368,1,3,22,1,1,1,,,,,,,,,,,,,,,,,,,,,,,,,,,,,77,790329,4,26,5,3,7435,,373,12,,,77,2,70,1,,,,
GUY,South America,Guyana,2020-07-12,297,6,3,17,0,0,376,8,4,22,0,0,1,,,,,,,,,,,,,,,,,,,,,,,,,,,,,77,790329,4,26,5,3,7435,,373,12,,,77,2,70,1,,,,
GUY,South America,Guyana,2020-07-13,300,3,4,17,0,0,380,4,5,22,0,0,1,,,,,,,,,,,,,,,,,,,,,,,,,,,,,77,790329,4,26,5,3,7435,,373,12,,,77,2,70,1,,,,
GUY,South America,Guyana,2020-07-14,308,8,3,17,0,0,390,10,4,22,0,0,1,,,,,,,,,,,,,,,,,,,,,,,,,,,,,77,790329,4,26,5,3,7435,,373,12,,,77,2,70,1,,,,
GUY,South America,Guyana,2020-07-15,313,5,4,18,1,0,396,6,5,23,1,0,1,,,,,,,,,,,,,,,,,,,,,,,,,,,,,77,790329,4,26,5,3,7435,,373,12,,,77,2,70,1,,,,
GUY,South America,Guyana,2020-07-16,315,2,4,19,1,0,399,3,5,24,1,1,1,,,,,,,,,,,,,,,,,,,,,,,,,,,,,77,790329,4,26,5,3,7435,,373,12,,,77,2,70,1,,,,
GUY,South America,Guyana,2020-07-17,320,5,4,19,0,0,405,6,5,24,0,1,1,,,,,,,,,,,,,,,,,,,,,,,,,,,,,77,790329,4,26,5,3,7435,,373,12,,,77,2,70,1,,,,
GUY,South America,Guyana,2020-07-18,327,7,5,19,0,0,414,9,7,24,0,0,1,,,,,,,,,,,,,,,,,,,,,,,,,,,,,77,790329,4,26,5,3,7435,,373,12,,,77,2,70,1,,,,
GUY,South America,Guyana,2020-07-19,336,9,6,19,0,0,425,11,7,24,0,0,1,,,,,,,,,,,,,,,,,,,,,,,,,,,,,77,790329,4,26,5,3,7435,,373,12,,,77,2,70,1,,,,
GUY,South America,Guyana,2020-07-20,337,1,5,19,0,0,426,1,7,24,0,0,1,,,,,,,,,,,,,,,,,,,,,,,,,,,,,77,790329,4,26,5,3,7435,,373,12,,,77,2,70,1,,,,
GUY,South America,Guyana,2020-07-21,339,2,4,19,0,0,429,3,6,24,0,0,1,,,,,,,,,,,,,,,,,,,,,,,,,,,,,77,790329,4,26,5,3,7435,,373,12,,,77,2,70,1,,,,
GUY,South America,Guyana,2020-07-22,350,11,5,19,0,0,443,14,7,24,0,0,1,,,,,,,,,,,,,,,,,,,,,,,,,,,,,77,790329,4,26,5,3,7435,,373,12,,,77,2,70,1,,,,
GUY,South America,Guyana,2020-07-23,351,1,5,19,0,0,444,1,7,24,0,0,1,,,,,,,,,,,,,,,,,,,,,,,,,,,,,77,790329,4,26,5,3,7435,,373,12,,,77,2,70,1,,,,
GUY,South America,Guyana,2020-07-24,352,1,5,20,1,0,445,1,6,25,1,0,1,,,,,,,,,,,,,,,,,,,,,,,,,,,,,77,790329,4,26,5,3,7435,,373,12,,,77,2,70,1,,,,
GUY,South America,Guyana,2020-07-25,360,8,5,20,0,0,456,10,6,25,0,0,1,,,,,,,,,,,,,,,,,,,,,,,,,,,,,77,790329,4,26,5,3,7435,,373,12,,,77,2,70,1,,,,
GUY,South America,Guyana,2020-07-26,370,10,5,20,0,0,468,13,6,25,0,0,1,,,,,,,,,,,,,,,,,,,,,,,,,,,,,77,790329,4,26,5,3,7435,,373,12,,,77,2,70,1,,,,
GUY,South America,Guyana,2020-07-27,389,19,7,20,0,0,492,24,9,25,0,0,1,,,,,,,,,,,,,,,,,,,,,,,,,,,,,77,790329,4,26,5,3,7435,,373,12,,,77,2,70,1,,,,
GUY,South America,Guyana,2020-07-28,396,7,8,20,0,0,501,9,10,25,0,0,1,,,,,,,,,,,,,,,,,,,,,,,,,,,,,77,790329,4,26,5,3,7435,,373,12,,,77,2,70,1,,,,
GUY,South America,Guyana,2020-07-29,398,2,7,20,0,0,504,3,9,25,0,0,1,,,,,,,,,,,,,,,,,,,,,,,,,,,,,77,790329,4,26,5,3,7435,,373,12,,,77,2,70,1,,,,
GUY,South America,Guyana,2020-07-30,401,3,7,20,0,0,507,4,9,25,0,0,1,,,,,,,,,,,,,,,,,,,,,,,,,,,,,77,790329,4,26,5,3,7435,,373,12,,,77,2,70,1,,,,
GUY,South America,Guyana,2020-07-31,413,12,9,20,0,0,523,15,11,25,0,0,1,,,,,,,,,,,,,,,,,,,,,,,,,,,,,77,790329,4,26,5,3,7435,,373,12,,,77,2,70,1,,,,
GUY,South America,Guyana,2020-08-01,430,17,10,20,0,0,544,22,13,25,0,0,1,,,,,,,,,,,,,,,,,,,,,,,,,,,,,76,790329,4,26,5,3,7435,,373,12,,,77,2,70,1,,,,
GUY,South America,Guyana,2020-08-02,474,44,15,21,1,0,600,56,19,27,1,0,1,,,,,,,,,,,,,,,,,,,,,,,,,,,,,76,790329,4,26,5,3,7435,,373,12,,,77,2,70,1,,,,
GUY,South America,Guyana,2020-08-03,474,0,12,21,0,0,600,0,15,27,0,0,1,,,,,,,,,,,,,,,,,,,,,,,,,,,,,76,790329,4,26,5,3,7435,,373,12,,,77,2,70,1,,,,
GUY,South America,Guyana,2020-08-04,497,23,14,22,1,0,629,29,18,28,1,0,1,,,,,,,,,,,,,,,,,,,,,,,,,,,,,76,790329,4,26,5,3,7435,,373,12,,,77,2,70,1,,,,
GUY,South America,Guyana,2020-08-05,509,12,16,22,0,0,644,15,20,28,0,0,1,,,,,,,,,,,,,,,,,,,,,,,,,,,,,76,790329,4,26,5,3,7435,,373,12,,,77,2,70,1,,,,
GUY,South America,Guyana,2020-08-06,538,29,20,22,0,0,681,37,25,28,0,0,1,,,,,,,,,,,,,,,,,,,,,,,,,,,,,76,790329,4,26,5,3,7435,,373,12,,,77,2,70,1,,,,
GUY,South America,Guyana,2020-08-07,538,0,18,22,0,0,681,0,23,28,0,0,1,,,,,,,,,,,,,,,,,,,,,,,,,,,,,76,790329,4,26,5,3,7435,,373,12,,,77,2,70,1,,,,
GUY,South America,Guyana,2020-08-08,554,16,18,22,0,0,701,20,22,28,0,0,1,,,,,,,,,,,,,,,,,,,,,,,,,,,,,76,790329,4,26,5,3,7435,,373,12,,,77,2,70,1,,,,
GUY,South America,Guyana,2020-08-09,568,14,13,22,0,0,719,18,17,28,0,0,1,,,,,,,,,,,,,,,,,,,,,,,,,,,,,76,790329,4,26,5,3,7435,,373,12,,,77,2,70,1,,,,
GUY,South America,Guyana,2020-08-10,568,0,13,22,0,0,719,0,17,28,0,0,1,,,,,,,,,,,,,,,,,,,,,,,,,,,,,76,790329,4,26,5,3,7435,,373,12,,,77,2,70,1,,,,
GUY,South America,Guyana,2020-08-11,602,34,15,22,0,0,762,43,19,28,0,0,1,,,,,,,,,,,,,,,,,,,,,,,,,,,,,76,790329,4,26,5,3,7435,,373,12,,,77,2,70,1,,,,
GUY,South America,Guyana,2020-08-12,623,21,16,22,0,0,788,27,21,28,0,0,1,,,,,,,,,,,,,,,,,,,,,,,,,,,,,76,790329,4,26,5,3,7435,,373,12,,,77,2,70,1,,,,
GUY,South America,Guyana,2020-08-13,631,8,13,22,0,0,798,10,17,28,0,0,1,,,,,,,,,,,,,,,,,,,,,,,,,,,,,76,790329,4,26,5,3,7435,,373,12,,,77,2,70,1,,,,
GUY,South America,Guyana,2020-08-14,649,18,16,22,0,0,821,23,20,28,0,0,1,,,,,,,,,,,,,,,,,,,,,,,,,,,,,73,790329,4,26,5,3,7435,,373,12,,,77,2,70,1,,,,
GUY,South America,Guyana,2020-08-15,674,25,17,22,0,0,853,32,22,28,0,0,1,,,,,,,,,,,,,,,,,,,,,,,,,,,,,73,790329,4,26,5,3,7435,,373,12,,,77,2,70,1,,,,
GUY,South America,Guyana,2020-08-16,709,35,20,23,1,0,897,44,25,29,1,0,1,,,,,,,,,,,,,,,,,,,,,,,,,,,,,73,790329,4,26,5,3,7435,,373,12,,,77,2,70,1,,,,
GUY,South America,Guyana,2020-08-17,709,0,20,23,0,0,897,0,25,29,0,0,1,,,,,,,,,,,,,,,,,,,,,,,,,,,,,73,790329,4,26,5,3,7435,,373,12,,,77,2,70,1,,,,
GUY,South America,Guyana,2020-08-18,737,28,19,25,2,0,933,35,24,32,3,1,1,,,,,,,,,,,,,,,,,,,,,,,,,,,,,73,790329,4,26,5,3,7435,,373,12,,,77,2,70,1,,,,
GUY,South America,Guyana,2020-08-19,776,39,22,27,2,1,982,49,28,34,3,1,1,,,,,,,,,,,,,,,,,,,,,,,,,,,,,73,790329,4,26,5,3,7435,,373,12,,,77,2,70,1,,,,
GUY,South America,Guyana,2020-08-20,846,70,31,29,2,1,1070,89,39,37,3,1,1,,,,,,,,,,,,,,,,,,,,,,,,,,,,,73,790329,4,26,5,3,7435,,373,12,,,77,2,70,1,,,,
GUY,South America,Guyana,2020-08-21,881,35,33,30,1,1,1115,44,42,38,1,1,1,,,,,,,,,,,,,,,,,,,,,,,,,,,,,73,790329,4,26,5,3,7435,,373,12,,,77,2,70,1,,,,
GUY,South America,Guyana,2020-08-22,925,44,36,31,1,1,1170,56,45,39,1,2,1,,,,,,,,,,,,,,,,,,,,,,,,,,,,,73,790329,4,26,5,3,7435,,373,12,,,77,2,70,1,,,,
GUY,South America,Guyana,2020-08-23,955,30,35,31,0,1,1208,38,44,39,0,1,1,,,,,,,,,,,,,,,,,,,,,,,,,,,,,73,790329,4,26,5,3,7435,,373,12,,,77,2,70,1,,,,
GUY,South America,Guyana,2020-08-24,1029,74,46,31,0,1,1302,94,58,39,0,1,1,,,,,,,,,,,,,,,,,,,,,,,,,,,,,73,790329,4,26,5,3,7435,,373,12,,,77,2,70,1,,,,
GUY,South America,Guyana,2020-08-25,1060,31,46,31,0,1,1341,39,58,39,0,1,1,,,,,,,,,,,,,,,,,,,,,,,,,,,,,73,790329,4,26,5,3,7435,,373,12,,,77,2,70,1,,,,
GUY,South America,Guyana,2020-08-26,1093,33,45,31,0,1,1383,42,57,39,0,1,1,,,,,,,,,,,,,,,,,,,,,,,,,,,,,73,790329,4,26,5,3,7435,,373,12,,,77,2,70,1,,,,
GUY,South America,Guyana,2020-08-27,1140,47,42,32,1,0,1442,59,53,40,1,1,1,,,,,,,,,,,,,,,,,,,,,,,,,,,,,73,790329,4,26,5,3,7435,,373,12,,,77,2,70,1,,,,
GUY,South America,Guyana,2020-08-28,1180,40,43,35,3,1,1493,51,54,44,4,1,1,,,,,,,,,,,,,,,,,,,,,,,,,,,,,73,790329,4,26,5,3,7435,,373,12,,,77,2,70,1,,,,
GUY,South America,Guyana,2020-08-29,1184,4,37,35,0,1,1498,5,47,44,0,1,1,,,,,,,,,,,,,,,,,,,,,,,,,,,,,73,790329,4,26,5,3,7435,,373,12,,,77,2,70,1,,,,
GUY,South America,Guyana,2020-08-30,1234,50,40,36,1,1,1561,63,50,46,1,1,1,,,,,,,,,,,,,,,,,,,,,,,,,,,,,73,790329,4,26,5,3,7435,,373,12,,,77,2,70,1,,,,
GUY,South America,Guyana,2020-08-31,1306,72,40,39,3,1,1652,91,50,49,4,1,1,,,,,,,,,,,,,,,,,,,,,,,,,,,,,73,790329,4,26,5,3,7435,,373,12,,,77,2,70,1,,,,
GUY,South America,Guyana,2020-09-01,1373,67,45,41,2,1,1737,85,57,52,3,2,1,,,,,,,,,,,,,,,,,,,,,,,,,,,,,73,790329,4,26,5,3,7435,,373,12,,,77,2,70,1,,,,
GUY,South America,Guyana,2020-09-02,1382,9,41,41,0,1,1749,11,52,52,0,2,1,,,,,,,,,,,,,,,,,,,,,,,,,,,,,73,790329,4,26,5,3,7435,,373,12,,,77,2,70,1,,,,
GUY,South America,Guyana,2020-09-03,1401,19,37,44,3,2,1773,24,47,56,4,2,1,,,,,,,,,,,,,,,,,,,,,,,,,,,,,73,790329,4,26,5,3,7435,,373,12,,,77,2,70,1,,,,
GUY,South America,Guyana,2020-09-04,1401,0,32,44,0,1,1773,0,40,56,0,2,1,,,,,,,,,,,,,,,,,,,,,,,,,,,,,73,790329,4,26,5,3,7435,,373,12,,,77,2,70,1,,,,
GUY,South America,Guyana,2020-09-05,1459,58,39,46,2,2,1846,73,50,58,3,2,1,,,,,,,,,,,,,,,,,,,,,,,,,,,,,73,790329,4,26,5,3,7435,,373,12,,,77,2,70,1,,,,
GUY,South America,Guyana,2020-09-06,1468,9,33,46,0,1,1857,11,42,58,0,2,1,,,,,,,,,,,,,,,,,,,,,,,,,,,,,73,790329,4,26,5,3,7435,,373,12,,,77,2,70,1,,,,
GUY,South America,Guyana,2020-09-07,1560,92,36,47,1,1,1974,116,46,59,1,1,1,,,,,,,,,,,,,,,,,,,,,,,,,,,,,73,790329,4,26,5,3,7435,,373,12,,,77,2,70,1,,,,
GUY,South America,Guyana,2020-09-08,1613,53,34,48,1,1,2041,67,43,61,1,1,1,,,,,,,,,,,,,,,,,,,,,,,,,,,,,73,790329,4,26,5,3,7435,,373,12,,,77,2,70,1,,,,
GUY,South America,Guyana,2020-09-09,1703,90,46,48,0,1,2155,114,58,61,0,1,1,,,,,,,,,,,,,,,,,,,,,,,,,,,,,75,790329,4,26,5,3,7435,,373,12,,,77,2,70,1,,,,
GUY,South America,Guyana,2020-09-10,1750,47,50,49,1,1,2214,59,63,62,1,1,1,,,,,,,,,,,,,,,,,,,,,,,,,,,,,75,790329,4,26,5,3,7435,,373,12,,,77,2,70,1,,,,
GUY,South America,Guyana,2020-09-11,1763,13,52,52,3,1,2231,16,65,66,4,1,1,,,,,,,,,,,,,,,,,,,,,,,,,,,,,75,790329,4,26,5,3,7435,,373,12,,,77,2,70,1,,,,
GUY,South America,Guyana,2020-09-12,1812,49,50,54,2,1,2293,62,64,68,3,1,1,,,,,,,,,,,,,,,,,,,,,,,,,,,,,75,790329,4,26,5,3,7435,,373,12,,,77,2,70,1,,,,
GUY,South America,Guyana,2020-09-13,1853,41,55,56,2,1,2345,52,70,71,3,2,1,,,,,,,,,,,,,,,,,,,,,,,,,,,,,75,790329,4,26,5,3,7435,,373,12,,,77,2,70,1,,,,
GUY,South America,Guyana,2020-09-14,1884,31,46,56,0,1,2384,39,59,71,0,2,1,,,,,,,,,,,,,,,,,,,,,,,,,,,,,75,790329,4,26,5,3,7435,,373,12,,,77,2,70,1,,,,
GUY,South America,Guyana,2020-09-15,1958,74,49,58,2,1,2477,94,62,73,3,2,1,,,,,,,,,,,,,,,,,,,,,,,,,,,,,75,790329,4,26,5,3,7435,,373,12,,,77,2,70,1,,,,
GUY,South America,Guyana,2020-09-16,1958,0,36,58,0,1,2477,0,46,73,0,2,1,,,,,,,,,,,,,,,,,,,,,,,,,,,,,75,790329,4,26,5,3,7435,,373,12,,,77,2,70,1,,,,
GUY,South America,Guyana,2020-09-17,2027,69,40,60,2,2,2565,87,50,76,3,2,1,,,,,,,,,,,,,,,,,,,,,,,,,,,,,75,790329,4,26,5,3,7435,,373,12,,,77,2,70,1,,,,
GUY,South America,Guyana,2020-09-18,2102,75,48,62,2,1,2660,95,61,78,3,2,1,,,,,,,,,,,,,,,,,,,,,,,,,,,,,75,790329,4,26,5,3,7435,,373,12,,,77,2,70,1,,,,
GUY,South America,Guyana,2020-09-19,2168,66,51,64,2,1,2743,84,64,81,3,2,1,,,,,,,,,,,,,,,,,,,,,,,,,,,,,75,790329,4,26,5,3,7435,,373,12,,,77,2,70,1,,,,
GUY,South America,Guyana,2020-09-20,2269,101,59,64,0,1,2871,128,75,81,0,1,1,,,,,,,,,,,,,,,,,,,,,,,,,,,,,75,790329,4,26,5,3,7435,,373,12,,,77,2,70,1,,,,
GUY,South America,Guyana,2020-09-21,2402,133,74,65,1,1,3039,168,94,82,1,2,1,,,,,,,,,,,,,,,,,,,,,,,,,,,,,75,790329,4,26,5,3,7435,,373,12,,,77,2,70,1,,,,
GUY,South America,Guyana,2020-09-22,2437,35,68,67,2,1,3084,44,87,85,3,2,1,,,,,,,,,,,,,,,,,,,,,,,,,,,,,79,790329,4,26,5,3,7435,,373,12,,,77,2,70,1,,,,
GUY,South America,Guyana,2020-09-23,2535,98,82,69,2,2,3208,124,104,87,3,2,1,,,,,,,,,,,,,,,,,,,,,,,,,,,,,79,790329,4,26,5,3,7435,,373,12,,,77,2,70,1,,,,
GUY,South America,Guyana,2020-09-24,2579,44,79,71,2,2,3263,56,100,90,3,2,1,,,,,,,,,,,,,,,,,,,,,,,,,,,,,79,790329,4,26,5,3,7435,,373,12,,,77,2,70,1,,,,
GUY,South America,Guyana,2020-09-25,2709,130,87,73,2,2,3428,164,110,92,3,2,1,,,,,,,,,,,,,,,,,,,,,,,,,,,,,79,790329,4,26,5,3,7435,,373,12,,,77,2,70,1,,,,
GUY,South America,Guyana,2020-09-26,2725,16,80,74,1,1,3448,20,101,94,1,2,1,,,,,,,,,,,,,,,,,,,,,,,,,,,,,79,790329,4,26,5,3,7435,,373,12,,,77,2,70,1,,,,
GUY,South America,Guyana,2020-09-27,2772,47,72,76,2,2,3507,59,91,96,3,2,1,,,,,,,,,,,,,,,,,,,,,,,,,,,,,79,790329,4,26,5,3,7435,,373,12,,,77,2,70,1,,,,
GUY,South America,Guyana,2020-09-28,2787,15,55,78,2,2,3526,19,70,99,3,2,1,,,,,,,,,,,,,,,,,,,,,,,,,,,,,79,790329,4,26,5,3,7435,,373,12,,,77,2,70,1,,,,
GUY,South America,Guyana,2020-09-29,2846,59,58,78,0,2,3601,75,74,99,0,2,1,,,,,,,,,,,,,,,,,,,,,,,,,,,,,79,790329,4,26,5,3,7435,,373,12,,,77,2,70,1,,,,
GUY,South America,Guyana,2020-09-30,2894,48,51,80,2,2,3662,61,65,101,3,2,1,,,,,,,,,,,,,,,,,,,,,,,,,,,,,79,790329,4,26,5,3,7435,,373,12,,,77,2,70,1,,,,
GUY,South America,Guyana,2020-10-01,2929,35,50,82,2,2,3706,44,63,104,3,2,1,,,,,,,,,,,,,,,,,,,,,,,,,,,,,81,790329,4,26,5,3,7435,,373,12,,,77,2,70,1,,,,
GUY,South America,Guyana,2020-10-02,2968,39,37,85,3,2,3755,49,47,108,4,2,1,,,,,,,,,,,,,,,,,,,,,,,,,,,,,81,790329,4,26,5,3,7435,,373,12,,,77,2,70,1,,,,
GUY,South America,Guyana,2020-10-03,2968,0,35,85,0,2,3755,0,44,108,0,2,1,,,,,,,,,,,,,,,,,,,,,,,,,,,,,81,790329,4,26,5,3,7435,,373,12,,,77,2,70,1,,,,
GUY,South America,Guyana,2020-10-04,3093,125,46,87,2,2,3914,158,58,110,3,2,1,,,,,,,,,,,,,,,,,,,,,,,,,,,,,81,790329,4,26,5,3,7435,,373,12,,,77,2,70,1,,,,
GUY,South America,Guyana,2020-10-05,3188,95,57,90,3,2,4034,120,72,114,4,2,1,,,,,,,,,,,,,,,,,,,,,,,,,,,,,81,790329,4,26,5,3,7435,,373,12,,,77,2,70,1,,,,
GUY,South America,Guyana,2020-10-06,3188,0,49,92,2,2,4034,0,62,116,3,3,1,,,,,,,,,,,,,,,,,,,,,,,,,,,,,81,790329,4,26,5,3,7435,,373,12,,,77,2,70,1,,,,
GUY,South America,Guyana,2020-10-07,3292,104,57,95,3,2,4165,132,72,120,4,3,1,,,,,,,,,,,,,,,,,,,,,,,,,,,,,81,790329,4,26,5,3,7435,,373,12,,,77,2,70,1,,,,
GUY,South America,Guyana,2020-10-08,3329,37,57,98,3,2,4212,47,72,124,4,3,1,,,,,,,,,,,,,,,,,,,,,,,,,,,,,81,790329,4,26,5,3,7435,,373,12,,,77,2,70,1,,,,
GUY,South America,Guyana,2020-10-09,3358,29,56,100,2,2,4249,37,70,127,3,3,1,,,,,,,,,,,,,,,,,,,,,,,,,,,,,81,790329,4,26,5,3,7435,,373,12,,,77,2,70,1,,,,
GUY,South America,Guyana,2020-10-10,3405,47,62,102,2,2,4308,59,79,129,3,3,1,,,,,,,,,,,,,,,,,,,,,,,,,,,,,81,790329,4,26,5,3,7435,,373,12,,,77,2,70,1,,,,
GUY,South America,Guyana,2020-10-11,3469,64,54,103,1,2,4389,81,68,130,1,3,1,,,,,,,,,,,,,,,,,,,,,,,,,,,,,81,790329,4,26,5,3,7435,,373,12,,,77,2,70,1,,,,
GUY,South America,Guyana,2020-10-12,3521,52,48,104,1,2,4455,66,60,132,1,3,1,,,,,,,,,,,,,,,,,,,,,,,,,,,,,72,790329,4,26,5,3,7435,,373,12,,,77,2,70,1,,,,
GUY,South America,Guyana,2020-10-13,3565,44,54,106,2,2,4511,56,68,134,3,3,1,,,,,,,,,,,,,,,,,,,,,,,,,,,,,72,790329,4,26,5,3,7435,,373,12,,,77,2,70,1,,,,
GUY,South America,Guyana,2020-10-14,3589,24,42,106,0,2,4541,30,54,134,0,2,1,,,,,,,,,,,,,,,,,,,,,,,,,,,,,72,790329,4,26,5,3,7435,,373,12,,,77,2,70,1,,,,
GUY,South America,Guyana,2020-10-15,3620,31,42,107,1,1,4580,39,53,135,1,2,1,,,,,,,,,,,,,,,,,,,,,,,,,,,,,72,790329,4,26,5,3,7435,,373,12,,,77,2,70,1,,,,
GUY,South America,Guyana,2020-10-16,3672,52,45,107,0,1,4646,66,57,135,0,1,1,,,,,,,,,,,,,,,,,,,,,,,,,,,,,72,790329,4,26,5,3,7435,,373,12,,,77,2,70,1,,,,
GUY,South America,Guyana,2020-10-17,3710,38,44,109,2,1,4694,48,55,138,3,1,1,,,,,,,,,,,,,,,,,,,,,,,,,,,,,72,790329,4,26,5,3,7435,,373,12,,,77,2,70,1,,,,
GUY,South America,Guyana,2020-10-18,3734,24,38,109,0,1,4725,30,48,138,0,1,1,,,,,,,,,,,,,,,,,,,,,,,,,,,,,72,790329,4,26,5,3,7435,,373,12,,,77,2,70,1,,,,
GUY,South America,Guyana,2020-10-19,3765,31,35,111,2,1,4764,39,44,140,3,1,1,,,,,,,,,,,,,,,,,,,,,,,,,,,,,72,790329,4,26,5,3,7435,,373,12,,,77,2,70,1,,,,
GUY,South America,Guyana,2020-10-20,3796,31,33,114,3,1,4803,39,42,144,4,1,1,,,,,,,,,,,,,,,,,,,,,,,,,,,,,72,790329,4,26,5,3,7435,,373,12,,,77,2,70,1,,,,
GUY,South America,Guyana,2020-10-21,3850,54,37,116,2,1,4871,68,47,147,3,2,1,,,,,,,,,,,,,,,,,,,,,,,,,,,,,72,790329,4,26,5,3,7435,,373,12,,,77,2,70,1,,,,
GUY,South America,Guyana,2020-10-22,3877,27,37,117,1,1,4906,34,46,148,1,2,1,,,,,,,,,,,,,,,,,,,,,,,,,,,,,72,790329,4,26,5,3,7435,,373,12,,,77,2,70,1,,,,
GUY,South America,Guyana,2020-10-23,3960,83,41,117,0,1,5011,105,52,148,0,2,1,,,,,,,,,,,,,,,,,,,,,,,,,,,,,72,790329,4,26,5,3,7435,,373,12,,,77,2,70,1,,,,
GUY,South America,Guyana,2020-10-24,3994,34,41,117,0,1,5054,43,51,148,0,1,1,,,,,,,,,,,,,,,,,,,,,,,,,,,,,72,790329,4,26,5,3,7435,,373,12,,,77,2,70,1,,,,
GUY,South America,Guyana,2020-10-25,4023,29,41,119,2,1,5090,37,52,151,3,2,1,,,,,,,,,,,,,,,,,,,,,,,,,,,,,72,790329,4,26,5,3,7435,,373,12,,,77,2,70,1,,,,
GUY,South America,Guyana,2020-10-26,4026,3,37,119,0,1,5094,4,47,151,0,1,1,,,,,,,,,,,,,,,,,,,,,,,,,,,,,72,790329,4,26,5,3,7435,,373,12,,,77,2,70,1,,,,
GUY,South America,Guyana,2020-10-27,4061,35,38,119,0,1,5138,44,48,151,0,1,1,,,,,,,,,,,,,,,,,,,,,,,,,,,,,72,790329,4,26,5,3,7435,,373,12,,,77,2,70,1,,,,
GUY,South America,Guyana,2020-10-28,4074,13,32,123,4,1,5155,16,40,156,5,1,1,,,,,,,,,,,,,,,,,,,,,,,,,,,,,72,790329,4,26,5,3,7435,,373,12,,,77,2,70,1,,,,
GUY,South America,Guyana,2020-10-29,4098,24,32,123,0,1,5185,30,40,156,0,1,1,,,,,,,,,,,,,,,,,,,,,,,,,,,,,72,790329,4,26,5,3,7435,,373,12,,,77,2,70,1,,,,
GUY,South America,Guyana,2020-10-30,4143,45,26,124,1,1,5242,57,33,157,1,1,1,,,,,,,,,,,,,,,,,,,,,,,,,,,,,72,790329,4,26,5,3,7435,,373,12,,,77,2,70,1,,,,
GUY,South America,Guyana,2020-10-31,4162,19,24,124,0,1,5266,24,30,157,0,1,1,,,,,,,,,,,,,,,,,,,,,,,,,,,,,72,790329,4,26,5,3,7435,,373,12,,,77,2,70,1,,,,
GUY,South America,Guyana,2020-11-01,4208,46,26,126,2,1,5324,58,33,159,3,1,1,,,,,,,,,,,,,,,,,,,,,,,,,,,,,72,790329,4,26,5,3,7435,,373,12,,,77,2,70,1,,,,
GUY,South America,Guyana,2020-11-02,4238,30,30,128,2,1,5362,38,38,162,3,2,1,,,,,,,,,,,,,,,,,,,,,,,,,,,,,72,790329,4,26,5,3,7435,,373,12,,,77,2,70,1,,,,
GUY,South America,Guyana,2020-11-03,4245,7,26,128,0,1,5371,9,33,162,0,2,1,,,,,,,,,,,,,,,,,,,,,,,,,,,,,72,790329,4,26,5,3,7435,,373,12,,,77,2,70,1,,,,
GUY,South America,Guyana,2020-11-04,4324,79,36,130,2,1,5471,100,45,164,3,1,1,,,,,,,,,,,,,,,,,,,,,,,,,,,,,72,790329,4,26,5,3,7435,,373,12,,,77,2,70,1,,,,
GUY,South America,Guyana,2020-11-05,4393,69,42,130,0,1,5558,87,53,164,0,1,1,,,,,,,,,,,,,,,,,,,,,,,,,,,,,72,790329,4,26,5,3,7435,,373,12,,,77,2,70,1,,,,
GUY,South America,Guyana,2020-11-06,4457,64,45,133,3,1,5639,81,57,168,4,2,1,,,,,,,,,,,,,,,,,,,,,,,,,,,,,72,790329,4,26,5,3,7435,,373,12,,,77,2,70,1,,,,
GUY,South America,Guyana,2020-11-07,4484,27,46,134,1,1,5674,34,58,170,1,2,1,,,,,,,,,,,,,,,,,,,,,,,,,,,,,72,790329,4,26,5,3,7435,,373,12,,,77,2,70,1,,,,
GUY,South America,Guyana,2020-11-08,4514,30,44,134,0,1,5712,38,55,170,0,1,1,,,,,,,,,,,,,,,,,,,,,,,,,,,,,72,790329,4,26,5,3,7435,,373,12,,,77,2,70,1,,,,
GUY,South America,Guyana,2020-11-09,4524,10,41,135,1,1,5724,13,52,171,1,1,1,,,,,,,,,,,,,,,,,,,,,,,,,,,,,72,790329,4,26,5,3,7435,,373,12,,,77,2,70,1,,,,
GUY,South America,Guyana,2020-11-10,4530,6,41,135,0,1,5732,8,52,171,0,1,1,,,,,,,,,,,,,,,,,,,,,,,,,,,,,72,790329,4,26,5,3,7435,,373,12,,,77,2,70,1,,,,
GUY,South America,Guyana,2020-11-11,4618,88,42,137,2,1,5843,111,53,173,3,1,1,,,,,,,,,,,,,,,,,,,,,,,,,,,,,72,790329,4,26,5,3,7435,,373,12,,,77,2,70,1,,,,
GUY,South America,Guyana,2020-11-12,4662,44,38,138,1,1,5899,56,49,175,1,1,1,,,,,,,,,,,,,,,,,,,,,,,,,,,,,72,790329,4,26,5,3,7435,,373,12,,,77,2,70,1,,,,
GUY,South America,Guyana,2020-11-13,4724,62,38,138,0,1,5977,78,48,175,0,1,1,,,,,,,,,,,,,,,,,,,,,,,,,,,,,72,790329,4,26,5,3,7435,,373,12,,,77,2,70,1,,,,
GUY,South America,Guyana,2020-11-14,4794,70,44,138,0,1,6066,89,56,175,0,1,1,,,,,,,,,,,,,,,,,,,,,,,,,,,,,72,790329,4,26,5,3,7435,,373,12,,,77,2,70,1,,,,
GUY,South America,Guyana,2020-11-15,4823,29,44,139,1,1,6103,37,56,176,1,1,1,,,,,,,,,,,,,,,,,,,,,,,,,,,,,72,790329,4,26,5,3,7435,,373,12,,,77,2,70,1,,,,
GUY,South America,Guyana,2020-11-16,4874,51,50,139,0,1,6167,65,63,176,0,1,1,,,,,,,,,,,,,,,,,,,,,,,,,,,,,69,790329,4,26,5,3,7435,,373,12,,,77,2,70,1,,,,
GUY,South America,Guyana,2020-11-17,4890,16,51,140,1,1,6187,20,65,177,1,1,1,,,,,,,,,,,,,,,,,,,,,,,,,,,,,69,790329,4,26,5,3,7435,,373,12,,,77,2,70,1,,,,
GUY,South America,Guyana,2020-11-18,4914,24,42,142,2,1,6218,30,54,180,3,1,1,,,,,,,,,,,,,,,,,,,,,,,,,,,,,69,790329,4,26,5,3,7435,,373,12,,,77,2,70,1,,,,
GUY,South America,Guyana,2020-11-19,4976,62,45,143,1,1,6296,78,57,181,1,1,1,,,,,,,,,,,,,,,,,,,,,,,,,,,,,69,790329,4,26,5,3,7435,,373,12,,,77,2,70,1,,,,
GUY,South America,Guyana,2020-11-20,5005,29,40,143,0,1,6333,37,51,181,0,1,1,,,,,,,,,,,,,,,,,,,,,,,,,,,,,69,790329,4,26,5,3,7435,,373,12,,,77,2,70,1,,,,
GUY,South America,Guyana,2020-11-21,5093,88,43,143,0,1,6444,111,54,181,0,1,1,,,,,,,,,,,,,,,,,,,,,,,,,,,,,69,790329,4,26,5,3,7435,,373,12,,,77,2,70,1,,,,
GUY,South America,Guyana,2020-11-22,5133,40,44,143,0,1,6495,51,56,181,0,1,1,,,,,,,,,,,,,,,,,,,,,,,,,,,,,69,790329,4,26,5,3,7435,,373,12,,,77,2,70,1,,,,
GUY,South America,Guyana,2020-11-23,5154,21,40,146,3,1,6521,27,51,185,4,1,1,,,,,,,,,,,,,,,,,,,,,,,,,,,,,69,790329,4,26,5,3,7435,,373,12,,,77,2,70,1,,,,
GUY,South America,Guyana,2020-11-24,5189,35,43,147,1,1,6566,44,54,186,1,1,1,,,,,,,,,,,,,,,,,,,,,,,,,,,,,69,790329,4,26,5,3,7435,,373,12,,,77,2,70,1,,,,
GUY,South America,Guyana,2020-11-25,5236,47,46,147,0,1,6625,59,58,186,0,1,1,,,,,,,,,,,,,,,,,,,,,,,,,,,,,69,790329,4,26,5,3,7435,,373,12,,,77,2,70,1,,,,
GUY,South America,Guyana,2020-11-26,5276,40,43,149,2,1,6676,51,54,189,3,1,1,,,,,,,,,,,,,,,,,,,,,,,,,,,,,69,790329,4,26,5,3,7435,,373,12,,,77,2,70,1,,,,
GUY,South America,Guyana,2020-11-27,5310,34,44,149,0,1,6719,43,55,189,0,1,1,,,,,,,,,,,,,,,,,,,,,,,,,,,,,69,790329,4,26,5,3,7435,,373,12,,,77,2,70,1,,,,
GUY,South America,Guyana,2020-11-28,5338,28,35,149,0,1,6754,35,44,189,0,1,1,,,,,,,,,,,,,,,,,,,,,,,,,,,,,69,790329,4,26,5,3,7435,,373,12,,,77,2,70,1,,,,
GUY,South America,Guyana,2020-11-29,5376,38,35,150,1,1,6802,48,44,190,1,1,1,,,,,,,,,,,,,,,,,,,,,,,,,,,,,69,790329,4,26,5,3,7435,,373,12,,,77,2,70,1,,,,
GUY,South America,Guyana,2020-11-30,5406,30,36,151,1,1,6840,38,46,191,1,1,1,,,,,,,,,,,,,,,,,,,,,,,,,,,,,69,790329,4,26,5,3,7435,,373,12,,,77,2,70,1,,,,
GUY,South America,Guyana,2020-12-01,5423,17,33,151,0,1,6862,22,42,191,0,1,1,,,,,,,,,,,,,,,,,,,,,,,,,,,,,69,790329,4,26,5,3,7435,,373,12,,,77,2,70,1,,,,
GUY,South America,Guyana,2020-12-02,5449,26,30,151,0,1,6895,33,39,191,0,1,1,,,,,,,,,,,,,,,,,,,,,,,,,,,,,69,790329,4,26,5,3,7435,,373,12,,,77,2,70,1,,,,
GUY,South America,Guyana,2020-12-03,5528,79,36,151,0,0,6995,100,46,191,0,0,1,,,,,,,,,,,,,,,,,,,,,,,,,,,,,69,790329,4,26,5,3,7435,,373,12,,,77,2,70,1,,,,
GUY,South America,Guyana,2020-12-04,5601,73,42,151,0,0,7087,92,53,191,0,0,1,,,,,,,,,,,,,,,,,,,,,,,,,,,,,69,790329,4,26,5,3,7435,,373,12,,,77,2,70,1,,,,
GUY,South America,Guyana,2020-12-05,5637,36,43,151,0,0,7132,46,54,191,0,0,1,,,,,,,,,,,,,,,,,,,,,,,,,,,,,69,790329,4,26,5,3,7435,,373,12,,,77,2,70,1,,,,
GUY,South America,Guyana,2020-12-06,5665,28,41,153,2,0,7168,35,52,194,3,1,1,,,,,,,,,,,,,,,,,,,,,,,,,,,,,69,790329,4,26,5,3,7435,,373,12,,,77,2,70,1,,,,
GUY,South America,Guyana,2020-12-07,5697,32,42,154,1,0,7208,40,53,195,1,1,1,,,,,,,,,,,,,,,,,,,,,,,,,,,,,69,790329,4,26,5,3,7435,,373,12,,,77,2,70,1,,,,
GUY,South America,Guyana,2020-12-08,5700,3,40,154,0,0,7212,4,50,195,0,1,1,,,,,,,,,,,,,,,,,,,,,,,,,,,,,69,790329,4,26,5,3,7435,,373,12,,,77,2,70,1,,,,
GUY,South America,Guyana,2020-12-09,5732,32,40,154,0,0,7253,40,51,195,0,1,1,,,,,,,,,,,,,,,,,,,,,,,,,,,,,69,790329,4,26,5,3,7435,,373,12,,,77,2,70,1,,,,
GUY,South America,Guyana,2020-12-10,5811,79,40,154,0,0,7353,100,51,195,0,1,1,,,,,,,,,,,,,,,,,,,,,,,,,,,,,69,790329,4,26,5,3,7435,,373,12,,,77,2,70,1,,,,
GUY,South America,Guyana,2020-12-11,5839,28,34,154,0,0,7388,35,43,195,0,1,1,,,,,,,,,,,,,,,,,,,,,,,,,,,,,69,790329,4,26,5,3,7435,,373,12,,,77,2,70,1,,,,
GUY,South America,Guyana,2020-12-12,5879,40,35,154,0,0,7439,51,44,195,0,1,1,,,,,,,,,,,,,,,,,,,,,,,,,,,,,69,790329,4,26,5,3,7435,,373,12,,,77,2,70,1,,,,
GUY,South America,Guyana,2020-12-13,5920,41,36,155,1,0,7491,52,46,196,1,0,1,,,,,,,,,,,,,,,,,,,,,,,,,,,,,69,790329,4,26,5,3,7435,,373,12,,,77,2,70,1,,,,
GUY,South America,Guyana,2020-12-14,5943,23,35,156,1,0,7520,29,44,197,1,0,1,,,,,,,,,,,,,,,,,,,,,,,,,,,,,69,790329,4,26,5,3,7435,,373,12,,,77,2,70,1,,,,
GUY,South America,Guyana,2020-12-15,5973,30,39,156,0,0,7558,38,49,197,0,0,1,,,,,,,,,,,,,,,,,,,,,,,,,,,,,69,790329,4,26,5,3,7435,,373,12,,,77,2,70,1,,,,
GUY,South America,Guyana,2020-12-16,6016,43,41,158,2,1,7612,54,51,200,3,1,1,,,,,,,,,,,,,,,,,,,,,,,,,,,,,69,790329,4,26,5,3,7435,,373,12,,,77,2,70,1,,,,
GUY,South America,Guyana,2020-12-17,6042,26,33,158,0,1,7645,33,42,200,0,1,1,,,,,,,,,,,,,,,,,,,,,,,,,,,,,69,790329,4,26,5,3,7435,,373,12,,,77,2,70,1,,,,
GUY,South America,Guyana,2020-12-18,6076,34,34,159,1,1,7688,43,43,201,1,1,1,,,,,,,,,,,,,,,,,,,,,,,,,,,,,69,790329,4,26,5,3,7435,,373,12,,,77,2,70,1,,,,
GUY,South America,Guyana,2020-12-19,6105,29,32,159,0,1,7725,37,41,201,0,1,1,,,,,,,,,,,,,,,,,,,,,,,,,,,,,69,790329,4,26,5,3,7435,,373,12,,,77,2,70,1,,,,
GUY,South America,Guyana,2020-12-20,6125,20,29,159,0,1,7750,25,37,201,0,1,1,,,,,,,,,,,,,,,,,,,,,,,,,,,,,69,790329,4,26,5,3,7435,,373,12,,,77,2,70,1,,,,
GUY,South America,Guyana,2020-12-21,6171,46,33,159,0,0,7808,58,41,201,0,1,1,,,,,,,,,,,,,,,,,,,,,,,,,,,,,69,790329,4,26,5,3,7435,,373,12,,,77,2,70,1,,,,
GUY,South America,Guyana,2020-12-22,6216,45,35,160,1,1,7865,57,44,202,1,1,1,,,,,,,,,,,,,,,,,,,,,,,,,,,,,69,790329,4,26,5,3,7435,,373,12,,,77,2,70,1,,,,
GUY,South America,Guyana,2020-12-23,6258,42,35,162,2,1,7918,53,44,205,3,1,1,,,,,,,,,,,,,,,,,,,,,,,,,,,,,69,790329,4,26,5,3,7435,,373,12,,,77,2,70,1,,,,
GUY,South America,Guyana,2020-12-24,6266,8,32,162,0,1,7928,10,40,205,0,1,1,,,,,,,,,,,,,,,,,,,,,,,,,,,,,69,790329,4,26,5,3,7435,,373,12,,,77,2,70,1,,,,
GUY,South America,Guyana,2020-12-25,6289,23,30,162,0,0,7957,29,39,205,0,1,1,,,,,,,,,,,,,,,,,,,,,,,,,,,,,69,790329,4,26,5,3,7435,,373,12,,,77,2,70,1,,,,
GUY,South America,Guyana,2020-12-26,6289,0,26,162,0,0,7957,0,33,205,0,1,1,,,,,,,,,,,,,,,,,,,,,,,,,,,,,69,790329,4,26,5,3,7435,,373,12,,,77,2,70,1,,,,
GUY,South America,Guyana,2020-12-27,6293,4,24,164,2,1,7963,5,30,208,3,1,1,,,,,,,,,,,,,,,,,,,,,,,,,,,,,69,790329,4,26,5,3,7435,,373,12,,,77,2,70,1,,,,
GUY,South America,Guyana,2020-12-28,6298,5,18,164,0,1,7969,6,23,208,0,1,1,,,,,,,,,,,,,,,,,,,,,,,,,,,,,69,790329,4,26,5,3,7435,,373,12,,,77,2,70,1,,,,
GUY,South America,Guyana,2020-12-29,6301,3,12,164,0,1,7973,4,15,208,0,1,1,,,,,,,,,,,,,,,,,,,,,,,,,,,,,63,790329,4,26,5,3,7435,,373,12,,,77,2,70,1,,,,
GUY,South America,Guyana,2020-12-30,6319,18,9,164,0,0,7995,23,11,208,0,0,1,,,,,,,,,,,,,,,,,,,,,,,,,,,,,63,790329,4,26,5,3,7435,,373,12,,,77,2,70,1,,,,
GUY,South America,Guyana,2020-12-31,6332,13,9,164,0,0,8012,16,12,208,0,0,1,,,,,,,,,,,,,,,,,,,,,,,,,,,,,63,790329,4,26,5,3,7435,,373,12,,,77,2,70,1,,,,
GUY,South America,Guyana,2021-01-01,6348,16,8,164,0,0,8032,20,11,208,0,0,1,,,,,,,,,,,,,,,,,,,,,,,,,,,,,55,790329,4,26,5,3,7435,,373,12,,,77,2,70,1,,,,
GUY,South America,Guyana,2021-01-02,6351,3,9,164,0,0,8036,4,11,208,0,0,1,,,,,,,,,,,,,,,,,,,,,,,,,,,,,55,790329,4,26,5,3,7435,,373,12,,,77,2,70,1,,,,
GUY,South America,Guyana,2021-01-03,6358,7,9,164,0,0,8045,9,12,208,0,0,1,,,,,,,,,,,,,,,,,,,,,,,,,,,,,55,790329,4,26,5,3,7435,,373,12,,,77,2,70,1,,,,
GUY,South America,Guyana,2021-01-04,6379,21,12,166,2,0,8071,27,15,210,3,0,1,,,,,,,,,,,,,,,,,,,,,,,,,,,,,55,790329,4,26,5,3,7435,,373,12,,,77,2,70,1,,,,
GUY,South America,Guyana,2021-01-05,6407,28,15,166,0,0,8107,35,19,210,0,0,1,,,,,,,,,,,,,,,,,,,,,,,,,,,,,55,790329,4,26,5,3,7435,,373,12,,,77,2,70,1,,,,
GUY,South America,Guyana,2021-01-06,6407,0,13,166,0,0,8107,0,16,210,0,0,1,,,,,,,,,,,,,,,,,,,,,,,,,,,,,55,790329,4,26,5,3,7435,,373,12,,,77,2,70,1,,,,
GUY,South America,Guyana,2021-01-07,6469,62,20,167,1,0,8185,78,25,211,1,1,1,,,,,,,,,,,,,,,,,,,,,,,,,,,,,55,790329,4,26,5,3,7435,,373,12,,,77,2,70,1,,,,
GUY,South America,Guyana,2021-01-08,6469,0,17,167,0,0,8185,0,22,211,0,1,1,,,,,,,,,,,,,,,,,,,,,,,,,,,,,55,790329,4,26,5,3,7435,,373,12,,,77,2,70,1,,,,
GUY,South America,Guyana,2021-01-09,6541,72,27,167,0,0,8276,91,34,211,0,1,1,,,,,,,,,,,,,,,,,,,,,,,,,,,,,55,790329,4,26,5,3,7435,,373,12,,,77,2,70,1,,,,
GUY,South America,Guyana,2021-01-10,6574,33,31,169,2,1,8318,42,39,214,3,1,1,,,,,,,,,,,,,,,,,,,,,,,,,,,,,55,790329,4,26,5,3,7435,,373,12,,,77,2,70,1,,,,
GUY,South America,Guyana,2021-01-11,6588,14,30,170,1,1,8336,18,38,215,1,1,1,,,,,,,,,,,,,,,,,,,,,,,,,,,,,55,790329,4,26,5,3,7435,,373,12,,,77,2,70,1,,,,
GUY,South America,Guyana,2021-01-12,6653,65,35,170,0,1,8418,82,44,215,0,1,1,,,,,,,,,,,,,,,,,,,,,,,,,,,,,55,790329,4,26,5,3,7435,,373,12,,,77,2,70,1,,,,
GUY,South America,Guyana,2021-01-13,6696,43,41,170,0,1,8472,54,52,215,0,1,1,,,,,,,,,,,,,,,,,,,,,,,,,,,,,55,790329,4,26,5,3,7435,,373,12,,,77,2,70,1,,,,
GUY,South America,Guyana,2021-01-14,6745,49,39,170,0,0,8534,62,50,215,0,1,1,,,,,,,,,,,,,,,,,,,,,,,,,,,,,55,790329,4,26,5,3,7435,,373,12,,,77,2,70,1,,,,
GUY,South America,Guyana,2021-01-15,6805,60,48,170,0,0,8610,76,61,215,0,1,1,,,,,,,,,,,,,,,,,,,,,,,,,,,,,55,790329,4,26,5,3,7435,,373,12,,,77,2,70,1,,,,
GUY,South America,Guyana,2021-01-16,6851,46,44,170,0,0,8669,58,56,215,0,1,1,,,,,,,,,,,,,,,,,,,,,,,,,,,,,55,790329,4,26,5,3,7435,,373,12,,,77,2,70,1,,,,
GUY,South America,Guyana,2021-01-17,6908,57,48,170,0,0,8741,72,60,215,0,0,1,,,,,,,,,,,,,,,,,,,,,,,,,,,,,55,790329,4,26,5,3,7435,,373,12,,,77,2,70,1,,,,
GUY,South America,Guyana,2021-01-18,6931,23,49,170,0,0,8770,29,62,215,0,0,1,,,,,,,,,,,,,,,,,,,,,,,,,,,,,55,790329,4,26,5,3,7435,,373,12,,,77,2,70,1,,,,
GUY,South America,Guyana,2021-01-19,6950,19,42,170,0,0,8794,24,54,215,0,0,1,,,,,,,,,,,,,,,,,,,,,,,,,,,,,55,790329,4,26,5,3,7435,,373,12,,,77,2,70,1,,,,
GUY,South America,Guyana,2021-01-20,7015,65,46,170,0,0,8876,82,58,215,0,0,1,,,,,,,,,,,,,,,,,,,,,,,,,,,,,55,790329,4,26,5,3,7435,,373,12,,,77,2,70,1,,,,
GUY,South America,Guyana,2021-01-21,7067,52,46,170,0,0,8942,66,58,215,0,0,1,,,,,,,,,,,,,,,,,,,,,,,,,,,,,55,790329,4,26,5,3,7435,,373,12,,,77,2,70,1,,,,
GUY,South America,Guyana,2021-01-22,7143,76,48,170,0,0,9038,96,61,215,0,0,1,,,,,,,,,,,,,,,,,,,,,,,,,,,,,55,790329,4,26,5,3,7435,,373,12,,,77,2,70,1,,,,
GUY,South America,Guyana,2021-01-23,7222,79,53,170,0,0,9138,100,67,215,0,0,1,,,,,,,,,,,,,,,,,,,,,,,,,,,,,55,790329,4,26,5,3,7435,,373,12,,,77,2,70,1,,,,
GUY,South America,Guyana,2021-01-24,7298,76,56,172,2,0,9234,96,70,218,3,0,1,,,,,,,,,,,,,,,,,,,,,,,,,,,,,55,790329,4,26,5,3,7435,,373,12,,,77,2,70,1,,,,
GUY,South America,Guyana,2021-01-25,7317,19,55,172,0,0,9258,24,70,218,0,0,1,,,,,,,,,,,,,,,,,,,,,,,,,,,,,55,790329,4,26,5,3,7435,,373,12,,,77,2,70,1,,,,
GUY,South America,Guyana,2021-01-26,7346,29,57,172,0,0,9295,37,72,218,0,0,1,,,,,,,,,,,,,,,,,,,,,,,,,,,,,55,790329,4,26,5,3,7435,,373,12,,,77,2,70,1,,,,
GUY,South America,Guyana,2021-01-27,7380,34,52,174,2,1,9338,43,66,220,3,1,1,,,,,,,,,,,,,,,,,,,,,,,,,,,,,55,790329,4,26,5,3,7435,,373,12,,,77,2,70,1,,,,
GUY,South America,Guyana,2021-01-28,7470,90,58,175,1,1,9452,114,73,221,1,1,1,,,,,,,,,,,,,,,,,,,,,,,,,,,,,55,790329,4,26,5,3,7435,,373,12,,,77,2,70,1,,,,
GUY,South America,Guyana,2021-01-29,7528,58,55,175,0,1,9525,73,70,221,0,1,1,,,,,,,,,,,,,,,,,,,,,,,,,,,,,55,790329,4,26,5,3,7435,,373,12,,,77,2,70,1,,,,
GUY,South America,Guyana,2021-01-30,7581,53,51,176,1,1,9592,67,65,223,1,1,1,,,,,,,,,,,,,,,,,,,,,,,,,,,,,55,790329,4,26,5,3,7435,,373,12,,,77,2,70,1,,,,
GUY,South America,Guyana,2021-01-31,7641,60,49,176,0,1,9668,76,62,223,0,1,1,,,,,,,,,,,,,,,,,,,,,,,,,,,,,55,790329,4,26,5,3,7435,,373,12,,,77,2,70,1,,,,
GUY,South America,Guyana,2021-02-01,7654,13,48,177,1,1,9685,16,61,224,1,1,1,,,,,,,,,,,,,,,,,,,,,,,,,,,,,55,790329,4,26,5,3,7435,,373,12,,,77,2,70,1,,,,
GUY,South America,Guyana,2021-02-02,7678,24,47,177,0,1,9715,30,60,224,0,1,1,,,,,,,,,,,,,,,,,,,,,,,,,,,,,60,790329,4,26,5,3,7435,,373,12,,,77,2,70,1,,,,
GUY,South America,Guyana,2021-02-03,7714,36,48,177,0,0,9760,46,60,224,0,1,1,,,,,,,,,,,,,,,,,,,,,,,,,,,,,60,790329,4,26,5,3,7435,,373,12,,,77,2,70,1,,,,
GUY,South America,Guyana,2021-02-04,7780,66,44,177,0,0,9844,84,56,224,0,0,1,,,,,,,,,,,,,,,,,,,,,,,,,,,,,60,790329,4,26,5,3,7435,,373,12,,,77,2,70,1,,,,
GUY,South America,Guyana,2021-02-05,7887,107,51,179,2,1,9979,135,65,226,3,1,1,,,,,,,,,,,,,,,,,,,,,,,,,,,,,60,790329,4,26,5,3,7435,,373,12,,,77,2,70,1,,,,
GUY,South America,Guyana,2021-02-06,7939,52,51,180,1,1,10045,66,65,228,1,1,1,,,,,,,,,,,,,,,,,,,,,,,,,,,,,60,790329,4,26,5,3,7435,,373,12,,,77,2,70,1,,,,
GUY,South America,Guyana,2021-02-07,7982,43,49,180,0,1,10100,54,62,228,0,1,1,,,,,,,,,,,,,,,,,,,,,,,,,,,,,60,790329,4,26,5,3,7435,,373,12,,,77,2,70,1,,,,
GUY,South America,Guyana,2021-02-08,8023,41,53,181,1,1,10151,52,67,229,1,1,1,,,,,,,,,,,,,,,,,,,,,,,,,,,,,60,790329,4,26,5,3,7435,,373,12,,,77,2,70,1,,,,
GUY,South America,Guyana,2021-02-09,8041,18,52,181,0,1,10174,23,66,229,0,1,1,,,,,,,,,,,,,,,,,,,,,,,,,,,,,60,790329,4,26,5,3,7435,,373,12,,,77,2,70,1,,,,
GUY,South America,Guyana,2021-02-10,8092,51,54,182,1,1,10239,65,68,230,1,1,1,,,,,,,,,,,,,,,,,,,,,,,,,,,,,60,790329,4,26,5,3,7435,,373,12,,,77,2,70,1,,,,
GUY,South America,Guyana,2021-02-11,8135,43,51,184,2,1,10293,54,64,233,3,1,1,,,,,,,,,,,,,,,,,,0,0,,,,,0,0,,,,60,790329,4,26,5,3,7435,,373,12,,,77,2,70,1,,,,
GUY,South America,Guyana,2021-02-12,8181,46,42,186,2,1,10351,58,53,235,3,1,1,,,,,,,,,,,,,,,,,,,,,,,167,,,,,211,60,790329,4,26,5,3,7435,,373,12,,,77,2,70,1,,,,
GUY,South America,Guyana,2021-02-13,8207,26,38,186,0,1,10384,33,48,235,0,1,1,,,,,,,,,,,,,,,,,,,,,,,167,,,,,211,60,790329,4,26,5,3,7435,,373,12,,,77,2,70,1,,,,
GUY,South America,Guyana,2021-02-14,8231,24,36,186,0,1,10415,30,45,235,0,1,1,,,,,,,,,,,,,,,,,,,,,,,167,,,,,211,60,790329,4,26,5,3,7435,,373,12,,,77,2,70,1,,,,
GUY,South America,Guyana,2021-02-15,8232,1,30,186,0,1,10416,1,38,235,0,1,1,,,,,,,,,,,,,,,,,,668,668,,,,167,0,0,,,211,60,790329,4,26,5,3,7435,,373,12,,,77,2,70,1,,,,
GUY,South America,Guyana,2021-02-16,8262,30,32,188,2,1,10454,38,40,238,3,1,1,,,,,,,,,,,,,,,,,,,,,,,167,,,,,211,60,790329,4,26,5,3,7435,,373,12,,,77,2,70,1,,,,
GUY,South America,Guyana,2021-02-17,8313,51,32,189,1,1,10518,65,40,239,1,1,1,,,,,,,,,,,,,,,,,,,,,,,168,,,,,213,60,790329,4,26,5,3,7435,,373,12,,,77,2,70,1,,,,
GUY,South America,Guyana,2021-02-18,8338,25,29,189,0,1,10550,32,37,239,0,1,1,,,,,,,,,,,,,,,,,,,,,,,168,,,,,213,60,790329,4,26,5,3,7435,,373,12,,,77,2,70,1,,,,
GUY,South America,Guyana,2021-02-19,8357,19,25,189,0,0,10574,24,32,239,0,1,1,,,,,,,,,,,,,,,,,,,,,,,168,,,,,213,60,790329,4,26,5,3,7435,,373,12,,,77,2,70,1,,,,
GUY,South America,Guyana,2021-02-20,8399,42,27,189,0,0,10627,53,35,239,0,1,1,,,,,,,,,,,,,,,,,,,,,,,169,,,,,214,60,790329,4,26,5,3,7435,,373,12,,,77,2,70,1,,,,
GUY,South America,Guyana,2021-02-21,8420,21,27,189,0,0,10654,27,34,239,0,1,1,,,,,,,,,,,,,,,,,,,,,,,169,,,,,214,60,790329,4,26,5,3,7435,,373,12,,,77,2,70,1,,,,
GUY,South America,Guyana,2021-02-22,8427,7,28,189,0,0,10663,9,35,239,0,1,1,,,,,,,,,,,,,,,,,,1852,1852,,,,169,0,0,,,214,60,790329,4,26,5,3,7435,,373,12,,,77,2,70,1,,,,
GUY,South America,Guyana,2021-02-23,8452,25,27,190,1,0,10694,32,34,240,1,0,1,,,,,,,,,,,,,,,,,,,,,,,223,,,,,282,60,790329,4,26,5,3,7435,,373,12,,,77,2,70,1,,,,
GUY,South America,Guyana,2021-02-24,8457,5,21,192,2,0,10701,6,26,243,3,1,1,,,,,,,,,,,,,,,,,,,,,,,277,,,,,350,60,790329,4,26,5,3,7435,,373,12,,,77,2,70,1,,,,
GUY,South America,Guyana,2021-02-25,8485,28,21,195,3,1,10736,35,27,247,4,1,1,,,,,,,,,,,,,,,,,,,,,,,331,,,,,419,60,790329,4,26,5,3,7435,,373,12,,,77,2,70,1,,,,
GUY,South America,Guyana,2021-02-26,8513,28,22,195,0,1,10771,35,28,247,0,1,1,,,,,,,,,,,,,,,,,,,,,,,385,,,,,487,60,790329,4,26,5,3,7435,,373,12,,,77,2,70,1,,,,
GUY,South America,Guyana,2021-02-27,8550,37,22,195,0,1,10818,47,27,247,0,1,1,,,,,,,,,,,,,,,,,,,,,,,439,,,,,555,60,790329,4,26,5,3,7435,,373,12,,,77,2,70,1,,,,
GUY,South America,Guyana,2021-02-28,8585,35,24,195,0,1,10863,44,30,247,0,1,1,,,,,,,,,,,,,,,,,,,,,,,493,,,,,624,60,790329,4,26,5,3,7435,,373,12,,,77,2,70,1,,,,
GUY,South America,Guyana,2021-03-01,8595,10,24,197,2,1,10875,13,30,249,3,1,1,,,,,,,,,,,,,,,,,,,,,,,547,,,,,692,60,790329,4,26,5,3,7435,,373,12,,,77,2,70,1,,,,
GUY,South America,Guyana,2021-03-02,8626,31,25,197,0,1,10914,39,31,249,0,1,1,,,,,,,,,,,,,,,,,,,,,,,547,,,,,692,60,790329,4,26,5,3,7435,,373,12,,,77,2,70,1,,,,
GUY,South America,Guyana,2021-03-03,8648,22,27,199,2,1,10942,28,35,252,3,1,1,,,,,,,,,,,,,,,,,,,,,,,547,,,,,692,60,790329,4,26,5,3,7435,,373,12,,,77,2,70,1,,,,
GUY,South America,Guyana,2021-03-04,8699,51,31,199,0,1,11007,65,39,252,0,1,1,,,,,,,,,,,,,,,,,,,,,,,547,,,,,692,60,790329,4,26,5,3,7435,,373,12,,,77,2,70,1,,,,
GUY,South America,Guyana,2021-03-05,8729,30,31,200,1,1,11045,38,39,253,1,1,1,,,,,,,,,,,,,,,,,,,,,,,547,,,,,692,60,790329,4,26,5,3,7435,,373,12,,,77,2,70,1,,,,
GUY,South America,Guyana,2021-03-06,8772,43,32,200,0,1,11099,54,40,253,0,1,1,,,,,,,,,,,,,,,,,,,,,,,547,,,,,692,60,790329,4,26,5,3,7435,,373,12,,,77,2,70,1,,,,
GUY,South America,Guyana,2021-03-07,8807,35,32,201,1,1,11143,44,40,254,1,1,1,,,,,,,,,,,,,,,,,,,,,,,547,,,,,692,60,790329,4,26,5,3,7435,,373,12,,,77,2,70,1,,,,
GUY,South America,Guyana,2021-03-08,8814,7,31,203,2,1,11152,9,40,257,3,1,1,,,,,,,,,,,,,,,,,,,,,,,547,,,,,692,60,790329,4,26,5,3,7435,,373,12,,,77,2,70,1,,,,
GUY,South America,Guyana,2021-03-09,8847,33,32,204,1,1,11194,42,40,258,1,1,1,,,,,,,,,,,,,,,,,,,,,,,547,,,,,692,60,790329,4,26,5,3,7435,,373,12,,,77,2,70,1,,,,
GUY,South America,Guyana,2021-03-10,8928,81,40,205,1,1,11297,102,51,259,1,1,1,,,,,,,,,,,,,,,,,,,,,,,547,,,,,692,60,790329,4,26,5,3,7435,,373,12,,,77,2,70,1,,,,
GUY,South America,Guyana,2021-03-11,8993,65,42,206,1,1,11379,82,53,261,1,1,1,,,,,,,,,,,,,,,,,,,,,,,547,,,,,692,60,790329,4,26,5,3,7435,,373,12,,,77,2,70,1,,,,
GUY,South America,Guyana,2021-03-12,9069,76,49,206,0,1,11475,96,61,261,0,1,1,,,,,,,,,,,,,,,,,,,,,,,547,,,,,692,60,790329,4,26,5,3,7435,,373,12,,,77,2,70,1,,,,
GUY,South America,Guyana,2021-03-13,9121,52,50,206,0,1,11541,66,63,261,0,1,1,,,,,,,,,,,,,,,,,,,,,,,547,,,,,692,60,790329,4,26,5,3,7435,,373,12,,,77,2,70,1,,,,
GUY,South America,Guyana,2021-03-14,9160,39,50,207,1,1,11590,49,64,262,1,1,1,,,,,,,,,,,,,,,,,,,,,,,547,,,,,692,60,790329,4,26,5,3,7435,,373,12,,,77,2,70,1,,,,
GUY,South America,Guyana,2021-03-15,9187,27,53,207,0,1,11624,34,67,262,0,1,1,,,,,,,,,,,,,,,,,,,,,,,547,,,,,692,60,790329,4,26,5,3,7435,,373,12,,,77,2,70,1,,,,
GUY,South America,Guyana,2021-03-16,9238,51,56,208,1,1,11689,65,71,263,1,1,1,,,,,,,,,,,,,,,,,,,,,,,547,,,,,692,60,790329,4,26,5,3,7435,,373,12,,,77,2,70,1,,,,
GUY,South America,Guyana,2021-03-17,9322,84,56,209,1,1,11795,106,71,264,1,1,1,,,,,,,,,,,,,,,,,,,,,,,547,,,,,692,60,790329,4,26,5,3,7435,,373,12,,,77,2,70,1,,,,
GUY,South America,Guyana,2021-03-18,9442,120,64,212,3,1,11947,152,81,268,4,1,1,,,,,,,,,,,,,,,,,,,,,,,547,,,,,692,60,790329,4,26,5,3,7435,,373,12,,,77,2,70,1,,,,
GUY,South America,Guyana,2021-03-19,9486,44,60,212,0,1,12003,56,75,268,0,1,1,,,,,,,,,,,,,,,,,,15524,15524,,,,547,2,2,,,692,60,790329,4,26,5,3,7435,,373,12,,,77,2,70,1,,,,
GUY,South America,Guyana,2021-03-20,9585,99,66,214,2,1,12128,125,84,271,3,1,1,,,,,,,,,,,,,,,,,,,,,,,673,,,,,852,60,790329,4,26,5,3,7435,,373,12,,,77,2,70,1,,,,
GUY,South America,Guyana,2021-03-21,9649,64,70,215,1,1,12209,81,88,272,1,1,1,,,,,,,,,,,,,,,,,,,,,,,800,,,,,1012,60,790329,4,26,5,3,7435,,373,12,,,77,2,70,1,,,,
GUY,South America,Guyana,2021-03-22,9668,19,69,216,1,1,12233,24,87,273,1,2,1,,,,,,,,,,,,,,,,,,,,,,,926,,,,,1172,60,790329,4,26,5,3,7435,,373,12,,,77,2,70,1,,,,
GUY,South America,Guyana,2021-03-23,9732,64,71,218,2,1,12314,81,89,276,3,2,1,,,,,,,,,,,,,,,,,,,,,,,1053,,,,,1332,60,790329,4,26,5,3,7435,,373,12,,,77,2,70,1,,,,
GUY,South America,Guyana,2021-03-24,9820,88,71,220,2,2,12425,111,90,278,3,2,1,,,,,,,,,,,,,,,,,,,,,,,1179,,,,,1492,60,790329,4,26,5,3,7435,,373,12,,,77,2,70,1,,,,
GUY,South America,Guyana,2021-03-25,9898,78,65,223,3,2,12524,99,82,282,4,2,1,,,,,,,,,,,,,,,,,,,,,,,1306,,,,,1652,60,790329,4,26,5,3,7435,,373,12,,,77,2,70,1,,,,
GUY,South America,Guyana,2021-03-26,10007,109,74,225,2,2,12662,138,94,285,3,2,1,,,,,,,,,,,,,,,,,,,,,,,1432,,,,,1812,60,790329,4,26,5,3,7435,,373,12,,,77,2,70,1,,,,
GUY,South America,Guyana,2021-03-27,10072,65,70,225,0,2,12744,82,88,285,0,2,1,,,,,,,,,,,,,,,,,,,,,,,1432,,,,,1812,60,790329,4,26,5,3,7435,,373,12,,,77,2,70,1,,,,
GUY,South America,Guyana,2021-03-28,10168,96,74,227,2,2,12866,121,94,287,3,2,1,,,,,,,,,,,,,,,,,,,,,,,1432,,,,,1812,60,790329,4,26,5,3,7435,,373,12,,,77,2,70,1,,,,
GUY,South America,Guyana,2021-03-29,10182,14,73,229,2,2,12883,18,93,290,3,2,1,,,,,,,,,,,,,,,,,,,,,,,1432,,,,,1812,60,790329,4,26,5,3,7435,,373,12,,,77,2,70,1,,,,
GUY,South America,Guyana,2021-03-30,10192,10,66,231,2,2,12896,13,83,292,3,2,1,,,,,,,,,,,,,,,,,,,,,,,1432,,,,,1812,60,790329,4,26,5,3,7435,,373,12,,,77,2,70,1,,,,
GUY,South America,Guyana,2021-03-31,10249,57,61,231,0,2,12968,72,78,292,0,2,1,,,,,,,,,,,,,,,,,,32714,32714,,,,1432,4,4,,,1812,60,790329,4,26,5,3,7435,,373,12,,,77,2,70,1,,,,
GUY,South America,Guyana,2021-04-01,10375,126,68,233,2,1,13127,159,86,295,3,2,1,,,,,,,,,,,,,,,,,,,,,,,1597,,,,,2021,60,790329,4,26,5,3,7435,,373,12,,,77,2,70,1,,,,
GUY,South America,Guyana,2021-04-02,10446,71,63,235,2,1,13217,90,79,297,3,2,1,,,,,,,,,,,,,,,,,,,,,,,1762,,,,,2229,60,790329,4,26,5,3,7435,,373,12,,,77,2,70,1,,,,
GUY,South America,Guyana,2021-04-03,10540,94,67,237,2,2,13336,119,85,300,3,2,1,,,,,,,,,,,,,,,,,,40468,40468,,,,1926,5,5,,,2437,60,790329,4,26,5,3,7435,,373,12,,,77,2,70,1,,,,
GUY,South America,Guyana,2021-04-04,10580,40,59,243,6,2,13387,51,74,307,8,3,1,,,,,,,,,,,,,,,,,,,,,,,2074,,,,,2624,60,790329,4,26,5,3,7435,,373,12,,,77,2,70,1,,,,
GUY,South America,Guyana,2021-04-05,10606,26,61,246,3,2,13420,33,77,311,4,3,1,,,,,,,,,,,,,,,,,,,,,,,2221,,,,,2810,60,790329,4,26,5,3,7435,,373,12,,,77,2,70,1,,,,
GUY,South America,Guyana,2021-04-06,10637,31,64,247,1,2,13459,39,80,313,1,3,1,,,,,,,,,,,,,,,,,,,,,,,2368,,,,,2996,60,790329,4,26,5,3,7435,,373,12,,,77,2,70,1,,,,
GUY,South America,Guyana,2021-04-07,10718,81,67,250,3,3,13561,102,85,316,4,3,1,,,,,,,,,,,,,,,,,,,,,,,2515,,,,,3182,60,790329,4,26,5,3,7435,,373,12,,,77,2,70,1,,,,
GUY,South America,Guyana,2021-04-08,10853,135,68,252,2,3,13732,171,86,319,3,3,1,,,,,,,,,,,,,,,,,,,,,,,2498,,,,,3161,60,790329,4,26,5,3,7435,,373,12,,,77,2,70,1,,,,
GUY,South America,Guyana,2021-04-09,10958,105,73,252,0,2,13865,133,93,319,0,3,1,,,,,,,,,,,,,,,,,,,,,,,2480,,,,,3138,60,790329,4,26,5,3,7435,,373,12,,,77,2,70,1,,,,
GUY,South America,Guyana,2021-04-10,11044,86,72,252,0,2,13974,109,91,319,0,3,1,,,,,,,,,,,,,,,,,,,,,,,2463,,,,,3116,60,790329,4,26,5,3,7435,,373,12,,,77,2,70,1,,,,
GUY,South America,Guyana,2021-04-11,11149,105,81,255,3,2,14107,133,103,323,4,2,1,,,,,,,,,,,,,,,,,,60172,60172,,,,2463,8,8,,,3116,60,790329,4,26,5,3,7435,,373,12,,,77,2,70,1,,,,
GUY,South America,Guyana,2021-04-12,11189,40,83,257,2,2,14157,51,105,325,3,2,1,,,,,,,,,,,,,,,,,,,,,,,2591,,,,,3278,60,790329,4,26,5,3,7435,,373,12,,,77,2,70,1,,,,
GUY,South America,Guyana,2021-04-13,11277,88,91,258,1,2,14269,111,116,326,1,2,1,,,,,,,,,,,,,,,,,,,,,,,2718,,,,,3439,60,790329,4,26,5,3,7435,,373,12,,,77,2,70,1,,,,
GUY,South America,Guyana,2021-04-14,11374,97,94,260,2,1,14391,123,119,329,3,2,1,,,,,,,,,,,,,,,,,,,,,,,2846,,,,,3601,60,790329,4,26,5,3,7435,,373,12,,,77,2,70,1,,,,
GUY,South America,Guyana,2021-04-15,11527,153,96,263,3,2,14585,194,122,333,4,2,1,,,,,,,,,,,,,,,,,,73600,73000,600,,,2974,9,9,0,,3763,60,790329,4,26,5,3,7435,,373,12,,,77,2,70,1,,,,
GUY,South America,Guyana,2021-04-16,11642,115,98,267,4,2,14731,146,124,338,5,3,1,,,,,,,,,,,,,,,,,,,,,,,3336,,,,,4221,60,790329,4,26,5,3,7435,,373,12,,,77,2,70,1,,,,
GUY,South America,Guyana,2021-04-17,11762,120,103,268,1,2,14882,152,130,339,1,3,1,,,,,,,,,,,,,,,,,,,,,,,3699,,,,,4680,60,790329,4,26,5,3,7435,,373,12,,,77,2,70,1,,,,
GUY,South America,Guyana,2021-04-18,11863,101,102,271,3,2,15010,128,129,343,4,3,1,,,,,,,,,,,,,,,,,,,,,,,4061,,,,,5138,60,790329,4,26,5,3,7435,,373,12,,,77,2,70,1,,,,
GUY,South America,Guyana,2021-04-19,11901,38,102,271,0,2,15058,48,129,343,0,3,1,,,,,,,,,,,,,,,,,,,,,,,4296,,,,,5436,60,790329,4,26,5,3,7435,,373,12,,,77,2,70,1,,,,
GUY,South America,Guyana,2021-04-20,11972,71,99,273,2,2,15148,90,126,345,3,3,1,,,,,,,,,,,,,,,,,,,,,,,4530,,,,,5732,60,790329,4,26,5,3,7435,,373,12,,,77,2,70,1,,,,
GUY,South America,Guyana,2021-04-21,12132,160,108,274,1,2,15351,202,137,347,1,3,1,,,,,,,,,,,,,,,,,,,,,,,4765,,,,,6029,60,790329,4,26,5,3,7435,,373,12,,,77,2,70,1,,,,
GUY,South America,Guyana,2021-04-22,12234,102,101,277,3,2,15480,129,128,350,4,3,1,,,,,,,,,,,,,,,,,,,,,,,5000,,,,,6326,60,790329,4,26,5,3,7435,,373,12,,,77,2,70,1,,,,
GUY,South America,Guyana,2021-04-23,12448,214,115,277,0,1,15750,271,146,350,0,2,1,,,,,,,,,,,,,,,,,,113596,111825,1771,,,5000,14,14,0,,6326,60,790329,4,26,5,3,7435,,373,12,,,77,2,70,1,,,,
GUY,South America,Guyana,2021-04-24,12600,152,120,279,2,2,15943,192,151,353,3,2,1,,,,,,,,,,,,,,,,,,,,,,,4914,,,,,6218,60,790329,4,26,5,3,7435,,373,12,,,77,2,70,1,,,,
GUY,South America,Guyana,2021-04-25,12703,103,120,284,5,2,16073,130,152,359,6,2,1,,,,,,,,,,,,,,,,,,,,,,,4829,,,,,6110,60,790329,4,26,5,3,7435,,373,12,,,77,2,70,1,,,,
GUY,South America,Guyana,2021-04-26,12754,51,122,287,3,2,16138,65,154,363,4,3,1,,,,,,,,,,,,,,,,,,126800,124000,2800,,,4743,16,16,0,,6001,60,790329,4,26,5,3,7435,,373,12,,,77,2,70,1,,,,
GUY,South America,Guyana,2021-04-27,12826,72,122,291,4,3,16229,91,154,368,5,3,1,,,,,,,,,,,,,,,,,,,,,,,4410,,,,,5580,60,790329,4,26,5,3,7435,,373,12,,,77,2,70,1,,,,
GUY,South America,Guyana,2021-04-28,12963,137,119,293,2,3,16402,173,150,371,3,3,1,,,,,,,,,,,,,,,,,,,,,,,4077,,,,,5159,60,790329,4,26,5,3,7435,,373,12,,,77,2,70,1,,,,
GUY,South America,Guyana,2021-04-29,13106,143,125,295,2,3,16583,181,158,373,3,3,1,,,,,,,,,,,,,,,,,,,,,,,3745,,,,,4739,60,790329,4,26,5,3,7435,,373,12,,,77,2,70,1,,,,
GUY,South America,Guyana,2021-04-30,13283,177,119,296,1,3,16807,224,151,375,1,3,1,,,,,,,,,,,,,,,,,,,,,,,3412,,,,,4317,60,790329,4,26,5,3,7435,,373,12,,,77,2,70,1,,,,
GUY,South America,Guyana,2021-05-01,13404,121,115,298,2,3,16960,153,145,377,3,3,1,,,,,,,,,,,,,,,,,,,,,,,3164,,,,,4003,60,790329,4,26,5,3,7435,,373,12,,,77,2,70,1,,,,
GUY,South America,Guyana,2021-05-02,13518,114,116,299,1,2,17104,144,147,378,1,3,1,,,,,,,,,,,,,,,,,,,,,,,2917,,,,,3691,60,790329,4,26,5,3,7435,,373,12,,,77,2,70,1,,,,
GUY,South America,Guyana,2021-05-03,13564,46,116,303,4,2,17162,58,146,383,5,3,1,,,,,,,,,,,,,,,,,,,,,,,2669,,,,,3377,60,790329,4,26,5,3,7435,,373,12,,,77,2,70,1,,,,
GUY,South America,Guyana,2021-05-04,13656,92,119,306,3,2,17279,116,150,387,4,3,1,,,,,,,,,,,,,,,,,,,,,,,2669,,,,,3377,60,790329,4,26,5,3,7435,,373,12,,,77,2,70,1,,,,
GUY,South America,Guyana,2021-05-05,13829,173,124,308,2,2,17498,219,157,390,3,3,1,,,,,,,,,,,,,,,,,,,,,,,2669,,,,,3377,60,790329,4,26,5,3,7435,,373,12,,,77,2,70,1,,,,
GUY,South America,Guyana,2021-05-06,13957,128,122,310,2,2,17660,162,154,392,3,3,1,,,,,,,,,,,,,,,,,,153494,150694,2800,,,2669,19,19,0,,3377,60,790329,4,26,5,3,7435,,373,12,,,77,2,70,1,,,,
GUY,South America,Guyana,2021-05-07,14073,116,113,314,4,3,17807,147,143,397,5,3,1,,,,,,,,,,,,,,,,,,,,,,,2981,,,,,3772,60,790329,4,26,5,3,7435,,373,12,,,77,2,70,1,,,,
GUY,South America,Guyana,2021-05-08,14203,130,114,323,9,4,17971,164,144,409,11,5,1,,,,,,,,,,,,,,,,,,,,,,,3292,,,,,4165,60,790329,4,26,5,3,7435,,373,12,,,77,2,70,1,,,,
GUY,South America,Guyana,2021-05-09,14362,159,121,325,2,4,18172,201,153,411,3,5,1,,,,,,,,,,,,,,,,,,,,,,,3603,,,,,4559,60,790329,4,26,5,3,7435,,373,12,,,77,2,70,1,,,,
GUY,South America,Guyana,2021-05-10,14442,80,125,327,2,3,18273,101,159,414,3,4,1,,,,,,,,,,,,,,,,,,,,,,,3915,,,,,4954,60,790329,4,26,5,3,7435,,373,12,,,77,2,70,1,,,,
GUY,South America,Guyana,2021-05-11,14531,89,125,331,4,4,18386,113,158,419,5,5,1,,,,,,,,,,,,,,,,,,,,,,,4226,,,,,5347,60,790329,4,26,5,3,7435,,373,12,,,77,2,70,1,,,,
GUY,South America,Guyana,2021-05-12,14659,128,119,331,0,3,18548,162,150,419,0,4,1,,,,,,,,,,,,,,,,,,,,,,,4537,,,,,5741,71,790329,4,26,5,3,7435,,373,12,,,77,2,70,1,,,,
GUY,South America,Guyana,2021-05-13,14845,186,127,333,2,3,18783,235,161,421,3,4,1,,,,,,,,,,,,,,,,,,,,,,,4848,,,,,6134,71,790329,4,26,5,3,7435,,373,12,,,77,2,70,1,,,,
GUY,South America,Guyana,2021-05-14,14988,143,131,335,2,3,18964,181,165,424,3,4,1,,,,,,,,,,,,,,,,,,,,,,,4848,,,,,6134,71,790329,4,26,5,3,7435,,373,12,,,77,2,70,1,,,,
GUY,South America,Guyana,2021-05-15,15168,180,138,338,3,2,19192,228,174,428,4,3,1,,,,,,,,,,,,,,,,,,,,,,,4848,,,,,6134,71,790329,4,26,5,3,7435,,373,12,,,77,2,70,1,,,,
GUY,South America,Guyana,2021-05-16,15271,103,130,341,3,2,19322,130,164,431,4,3,1,,,,,,,,,,,,,,,,,,,,,,,4848,,,,,6134,71,790329,4,26,5,3,7435,,373,12,,,77,2,70,1,,,,
GUY,South America,Guyana,2021-05-17,15352,81,130,344,3,2,19425,102,164,435,4,3,1,,,,,,,,,,,,,,,,,,,,,,,4848,,,,,6134,71,790329,4,26,5,3,7435,,373,12,,,77,2,70,1,,,,
GUY,South America,Guyana,2021-05-18,15454,102,132,345,1,2,19554,129,167,437,1,3,1,,,,,,,,,,,,,,,,,,,,,,,4848,,,,,6134,71,790329,4,26,5,3,7435,,373,12,,,77,2,70,1,,,,
GUY,South America,Guyana,2021-05-19,15607,153,135,349,4,3,19747,194,171,442,5,3,1,,,,,,,,,,,,,,,,,,,,,,,4848,,,,,6134,71,790329,4,26,5,3,7435,,373,12,,,77,2,70,1,,,,
GUY,South America,Guyana,2021-05-20,15743,136,128,349,0,2,19920,172,162,442,0,3,1,,,,,,,,,,,,,,,,,,,,,,,4848,,,,,6134,60,790329,4,26,5,3,7435,,373,12,,,77,2,70,1,,,,
GUY,South America,Guyana,2021-05-21,15743,0,108,349,0,2,19920,0,136,442,0,3,1,,,,,,,,,,,,,,,,,,,,,,,4848,,,,,6134,60,790329,4,26,5,3,7435,,373,12,,,77,2,70,1,,,,
GUY,South America,Guyana,2021-05-22,16014,271,121,355,6,2,20262,343,153,449,8,3,1,,,,,,,,,,,,,,,,,,,,,,,4848,,,,,6134,60,790329,4,26,5,3,7435,,373,12,,,77,2,70,1,,,,
GUY,South America,Guyana,2021-05-23,16130,116,123,359,4,3,20409,147,155,454,5,3,1,,,,,,,,,,,,,,,,,,,,,,,4848,,,,,6134,60,790329,4,26,5,3,7435,,373,12,,,77,2,70,1,,,,
GUY,South America,Guyana,2021-05-24,16130,0,111,359,0,2,20409,0,141,454,0,3,1,,,,,,,,,,,,,,,,,,,,,,,4848,,,,,6134,60,790329,4,26,5,3,7435,,373,12,,,77,2,70,1,,,,
GUY,South America,Guyana,2021-05-25,16235,105,112,361,2,2,20542,133,141,457,3,3,1,,,,,,,,,,,,,,,,,,245614,187234,58380,,,4848,31,24,7,,6134,60,790329,4,26,5,3,7435,,373,12,,,77,2,70,1,,,,
GUY,South America,Guyana,2021-05-26,16556,321,136,374,13,4,20948,406,172,473,16,5,1,,,,,,,,,,,,,,,,,,,,,,,4674,,,,,5914,60,790329,4,26,5,3,7435,,373,12,,,77,2,70,1,,,,
GUY,South America,Guyana,2021-05-27,16654,98,130,376,2,4,21072,124,165,476,3,5,1,,,,,,,,,,,,,,,,,,,,,,,4499,,,,,5693,60,790329,4,26,5,3,7435,,373,12,,,77,2,70,1,,,,
GUY,South America,Guyana,2021-05-28,16724,70,140,380,4,4,21161,89,177,481,5,6,1,,,,,,,,,,,,,,,,,,,,,,,4325,,,,,5472,60,790329,4,26,5,3,7435,,373,12,,,77,2,70,1,,,,
GUY,South America,Guyana,2021-05-29,16822,98,115,382,2,4,21285,124,146,483,3,5,1,,,,,,,,,,,,,,,,,,,,,,,4150,,,,,5251,60,790329,4,26,5,3,7435,,373,12,,,77,2,70,1,,,,
GUY,South America,Guyana,2021-05-30,16910,88,111,385,3,4,21396,111,141,487,4,5,1,,,,,,,,,,,,,,,,,,,,,,,3976,,,,,5031,60,790329,4,26,5,3,7435,,373,12,,,77,2,70,1,,,,
GUY,South America,Guyana,2021-05-31,16952,42,117,389,4,4,21449,53,149,492,5,5,1,,,,,,,,,,,,,,,,,,,,,,,3801,,,,,4809,60,790329,4,26,5,3,7435,,373,12,,,77,2,70,1,,,,
GUY,South America,Guyana,2021-06-01,17114,162,126,391,2,4,21654,205,159,495,3,5,1,,,,,,,,,,,,,,,,,,,,,,,3626,,,,,4588,60,790329,4,26,5,3,7435,,373,12,,,77,2,70,1,,,,
GUY,South America,Guyana,2021-06-02,17257,143,100,396,5,3,21835,181,127,501,6,4,1,,,,,,,,,,,,,,,,,,274625,203847,70778,,,3626,35,26,9,,4588,60,790329,4,26,5,3,7435,,373,12,,,77,2,70,1,,,,
GUY,South America,Guyana,2021-06-03,17376,119,103,400,4,3,21986,151,131,506,5,4,1,,,,,,,,,,,,,,,,,,,,,,,3614,,,,,4573,60,790329,4,26,5,3,7435,,373,12,,,77,2,70,1,,,,
GUY,South America,Guyana,2021-06-04,17459,83,105,403,3,3,22091,105,133,510,4,4,1,,,,,,,,,,,,,,,,,,,,,,,3602,,,,,4558,60,790329,4,26,5,3,7435,,373,12,,,77,2,70,1,,,,
GUY,South America,Guyana,2021-06-05,17617,158,114,405,2,3,22291,200,144,512,3,4,1,,,,,,,,,,,,,,,,,,285247,209835,75412,,,3590,36,27,10,,4542,60,790329,4,26,5,3,7435,,373,12,,,77,2,70,1,,,,
GUY,South America,Guyana,2021-06-06,17665,48,108,409,4,3,22351,61,136,518,5,4,1,,,,,,,,,,,,,,,,,,,,,,,3386,,,,,4284,60,790329,4,26,5,3,7435,,373,12,,,77,2,70,1,,,,
GUY,South America,Guyana,2021-06-07,17718,53,109,411,2,3,22419,67,138,520,3,4,1,,,,,,,,,,,,,,,,,,,,,,,3183,,,,,4027,60,790329,4,26,5,3,7435,,373,12,,,77,2,70,1,,,,
GUY,South America,Guyana,2021-06-08,17805,87,99,416,5,4,22529,110,125,526,6,5,1,,,,,,,,,,,,,,,,,,,,,,,2979,,,,,3769,60,790329,4,26,5,3,7435,,373,12,,,77,2,70,1,,,,
GUY,South America,Guyana,2021-06-09,17939,134,97,417,1,3,22698,170,123,528,1,4,1,,,,,,,,,,,,,,,,,,294053,214251,79802,,,2775,37,27,10,,3511,60,790329,4,26,5,3,7435,,373,12,,,77,2,70,1,,,,
GUY,South America,Guyana,2021-06-10,18088,149,102,419,2,3,22887,189,129,530,3,3,1,,,,,,,,,,,,,,,,,,,,,,,2737,,,,,3463,60,790329,4,26,5,3,7435,,373,12,,,77,2,70,1,,,,
GUY,South America,Guyana,2021-06-11,18196,108,105,422,3,3,23023,137,133,534,4,3,1,,,,,,,,,,,,,,,,,,300591,216862,83729,,,2698,38,27,11,,3414,60,790329,4,26,5,3,7435,,373,12,,,77,2,70,1,,,,
GUY,South America,Guyana,2021-06-12,18303,107,98,424,2,3,23159,135,124,536,3,3,1,,,,,,,,,,,,,,,,,,,,,,,2627,,,,,3324,60,790329,4,26,5,3,7435,,373,12,,,77,2,70,1,,,,
GUY,South America,Guyana,2021-06-13,18386,83,103,426,2,2,23264,105,130,539,3,3,1,,,,,,,,,,,,,,,,,,,,,,,2748,,,,,3477,60,790329,4,26,5,3,7435,,373,12,,,77,2,70,1,,,,
GUY,South America,Guyana,2021-06-14,18446,60,104,430,4,3,23340,76,132,544,5,3,1,,,,,,,,,,,,,,,,,,,,,,,2868,,,,,3629,60,790329,4,26,5,3,7435,,373,12,,,77,2,70,1,,,,
GUY,South America,Guyana,2021-06-15,18530,84,104,437,7,3,23446,106,131,553,9,4,1,,,,,,,,,,,,,,,,,,,,,,,2988,,,,,3781,60,790329,4,26,5,3,7435,,373,12,,,77,2,70,1,,,,
GUY,South America,Guyana,2021-06-16,18658,128,103,438,1,3,23608,162,130,554,1,4,1,,,,,,,,,,,,,,,,,,315816,223659,92157,,,3109,40,28,12,,3934,60,790329,4,26,5,3,7435,,373,12,,,77,2,70,1,,,,
GUY,South America,Guyana,2021-06-17,18733,75,92,441,3,3,23703,95,117,558,4,4,1,,,,,,,,,,,,,,,,,,,,,,,2942,,,,,3723,60,790329,4,26,5,3,7435,,373,12,,,77,2,70,1,,,,
GUY,South America,Guyana,2021-06-18,18837,104,92,442,1,3,23834,132,116,559,1,4,1,,,,,,,,,,,,,,,,,,,,,,,2776,,,,,3512,60,790329,4,26,5,3,7435,,373,12,,,77,2,70,1,,,,
GUY,South America,Guyana,2021-06-19,18973,136,96,444,2,3,24006,172,121,562,3,4,1,,,,,,,,,,,,,,,,,,,,,,,2641,,,,,3342,60,790329,4,26,5,3,7435,,373,12,,,77,2,70,1,,,,
GUY,South America,Guyana,2021-06-20,19096,123,101,447,3,3,24162,156,128,566,4,4,1,,,,,,,,,,,,,,,,,,,,,,,2506,,,,,3171,60,790329,4,26,5,3,7435,,373,12,,,77,2,70,1,,,,
GUY,South America,Guyana,2021-06-21,19144,48,100,449,2,3,24223,61,126,568,3,3,1,,,,,,,,,,,,,,,,,,326325,227690,98635,,,2371,41,29,12,,3000,60,790329,4,26,5,3,7435,,373,12,,,77,2,70,1,,,,
GUY,South America,Guyana,2021-06-22,19234,90,101,452,3,2,24337,114,127,572,4,3,1,,,,,,,,,,,,,,,,,,,,,,,2249,,,,,2846,60,790329,4,26,5,3,7435,,373,12,,,77,2,70,1,,,,
GUY,South America,Guyana,2021-06-23,19234,0,82,452,0,2,24337,0,104,572,0,3,1,,,,,,,,,,,,,,,,,,,,,,,2127,,,,,2691,60,790329,4,26,5,3,7435,,373,12,,,77,2,70,1,,,,
GUY,South America,Guyana,2021-06-24,19565,331,119,458,6,2,24756,419,150,580,8,3,1,,,,,,,,,,,,,,,,,,,,,,,2140,,,,,2708,60,790329,4,26,5,3,7435,,373,12,,,77,2,70,1,,,,
GUY,South America,Guyana,2021-06-25,19674,109,120,459,1,2,24893,138,151,581,1,3,1,,,,,,,,,,,,,,,,,,335091,230486,104605,,,2153,42,29,13,,2724,60,790329,4,26,5,3,7435,,373,12,,,77,2,70,1,,,,
GUY,South America,Guyana,2021-06-26,19774,100,114,462,3,3,25020,127,145,585,4,3,1,,,,,,,,,,,,,,,,,,,,,,,2029,,,,,2567,60,790329,4,26,5,3,7435,,373,12,,,77,2,70,1,,,,
GUY,South America,Guyana,2021-06-27,19877,103,112,462,0,2,25150,130,141,585,0,3,1,,,,,,,,,,,,,,,,,,,,,,,1905,,,,,2410,60,790329,4,26,5,3,7435,,373,12,,,77,2,70,1,,,,
GUY,South America,Guyana,2021-06-28,19891,14,107,466,4,2,25168,18,135,590,5,3,1,,,,,,,,,,,,,,,,,,,,,,,1780,,,,,2252,56,790329,4,26,5,3,7435,,373,12,,,77,2,70,1,,,,
GUY,South America,Guyana,2021-06-29,19959,68,104,468,2,2,25254,86,131,592,3,3,1,,,,,,,,,,,,,,,,,,340020,232599,107421,,,1643,43,29,14,,2079,56,790329,4,26,5,3,7435,,373,12,,,77,2,70,1,,,,
GUY,South America,Guyana,2021-06-30,20055,96,117,469,1,2,25376,121,148,593,1,3,1,,,,,,,,,,,,,,,,,,341886,233134,108752,,1866,1597,43,30,14,,2021,56,790329,4,26,5,3,7435,,373,12,,,77,2,70,1,,,,
GUY,South America,Guyana,2021-07-01,20142,87,82,473,4,2,25486,110,104,598,5,3,1,,,,,,,,,,,,,,,,,,344466,233756,110710,,2580,1652,44,30,14,,2090,56,790329,4,26,5,3,7435,,373,12,,,77,2,70,1,,,,
GUY,South America,Guyana,2021-07-02,20231,89,80,477,4,3,25598,113,101,604,5,3,1,,,,,,,,,,,,,,,,,,346626,234255,112371,,2160,1648,44,30,14,,2085,56,790329,4,26,5,3,7435,,373,12,,,77,2,70,1,,,,
GUY,South America,Guyana,2021-07-03,20305,74,76,478,1,2,25692,94,96,605,1,3,1,,,,,,,,,,,,,,,,,,,,,,,1599,,,,,2023,56,790329,4,26,5,3,7435,,373,12,,,77,2,70,1,,,,
GUY,South America,Guyana,2021-07-04,20378,73,72,478,0,2,25784,92,91,605,0,3,1,,,,,,,,,,,,,,,,,,,,,,,1550,,,,,1961,56,790329,4,26,5,3,7435,,373,12,,,77,2,70,1,,,,
GUY,South America,Guyana,2021-07-05,20389,11,71,478,0,2,25798,14,90,605,0,2,1,,,,,,,,,,,,,,,,,,,,,,,1502,,,,,1900,56,790329,4,26,5,3,7435,,373,12,,,77,2,70,1,,,,
GUY,South America,Guyana,2021-07-06,20568,179,87,482,4,2,26025,226,110,610,5,3,1,,,,,,,,,,,,,,,,,,350190,235796,114394,,,1453,44,30,14,,1838,56,790329,4,26,5,3,7435,,373,12,,,77,2,70,1,,,,
GUY,South America,Guyana,2021-07-07,20645,77,84,484,2,2,26122,97,107,612,3,3,1,,,,,,,,,,,,,,,,,,,,,,,1459,,,,,1846,56,790329,4,26,5,3,7435,,373,12,,,77,2,70,1,,,,
GUY,South America,Guyana,2021-07-08,20757,112,88,486,2,2,26264,142,111,615,3,2,1,,,,,,,,,,,,,,,,,,354014,237111,116903,,,1364,45,30,15,,1726,56,790329,4,26,5,3,7435,,373,12,,,77,2,70,1,,,,
GUY,South America,Guyana,2021-07-09,20834,77,86,489,3,2,26361,97,109,619,4,2,1,,,,,,,,,,,,,,,,,,,,,,,1280,,,,,1620,56,790329,4,26,5,3,7435,,373,12,,,77,2,70,1,,,,
GUY,South America,Guyana,2021-07-10,20924,90,88,492,3,2,26475,114,112,623,4,3,1,,,,,,,,,,,,,,,,,,,,,,,1377,,,,,1742,56,790329,4,26,5,3,7435,,373,12,,,77,2,70,1,,,,
GUY,South America,Guyana,2021-07-11,20953,29,82,492,0,2,26512,37,104,623,0,3,1,,,,,,,,,,,,,,,,,,,,,,,1474,,,,,1865,56,790329,4,26,5,3,7435,,373,12,,,77,2,70,1,,,,
GUY,South America,Guyana,2021-07-12,21002,49,88,497,5,3,26574,62,111,629,6,3,1,,,,,,,,,,,,,,,,,,,,,,,1571,,,,,1988,56,790329,4,26,5,3,7435,,373,12,,,77,2,70,1,,,,
GUY,South America,Guyana,2021-07-13,21055,53,70,499,2,2,26641,67,88,631,3,3,1,,,,,,,,,,,,,,,,,,,,,,,1669,,,,,2112,56,790329,4,26,5,3,7435,,373,12,,,77,2,70,1,,,,
GUY,South America,Guyana,2021-07-14,21223,168,83,503,4,3,26853,213,104,636,5,3,1,,,,,,,,,,,,,,,,,,363442,240392,123050,,,1620,46,30,16,,2050,56,790329,4,26,5,3,7435,,373,12,,,77,2,70,1,,,,
GUY,South America,Guyana,2021-07-15,21274,51,74,506,3,3,26918,65,93,640,4,4,1,,,,,,,,,,,,,,,,,,,,,,,1570,,,,,1987,56,790329,4,26,5,3,7435,,373,12,,,77,2,70,1,,,,
GUY,South America,Guyana,2021-07-16,21351,77,74,507,1,3,27015,97,93,642,1,3,1,,,,,,,,,,,,,,,,,,,,,,,1568,,,,,1984,56,790329,4,26,5,3,7435,,373,12,,,77,2,70,1,,,,
GUY,South America,Guyana,2021-07-17,21471,120,78,509,2,2,27167,152,99,644,3,3,1,,,,,,,,,,,,,,,,,,,,,,,1567,,,,,1983,56,790329,4,26,5,3,7435,,373,12,,,77,2,70,1,,,,
GUY,South America,Guyana,2021-07-18,21562,91,87,512,3,3,27282,115,110,648,4,4,1,,,,,,,,,,,,,,,,,,,,,,,1565,,,,,1980,56,790329,4,26,5,3,7435,,373,12,,,77,2,70,1,,,,
GUY,South America,Guyana,2021-07-19,21562,0,80,512,0,2,27282,0,101,648,0,3,1,,,,,,,,,,,,,,,,,,371243,242991,128252,,,1563,47,31,16,,1978,56,790329,4,26,5,3,7435,,373,12,,,77,2,70,1,,,,
GUY,South America,Guyana,2021-07-20,21668,106,88,514,2,2,27416,134,111,650,3,3,1,,,,,,,,,,,,,,,,,,,,,,,1457,,,,,1844,56,790329,4,26,5,3,7435,,373,12,,,77,2,70,1,,,,
GUY,South America,Guyana,2021-07-21,21733,65,73,515,1,2,27499,82,92,652,1,2,1,,,,,,,,,,,,,,,,,,,,,,,1351,,,,,1709,56,790329,4,26,5,3,7435,,373,12,,,77,2,70,1,,,,
GUY,South America,Guyana,2021-07-22,21733,0,66,515,0,1,27499,0,83,652,0,2,1,,,,,,,,,,,,,,,,,,373726,244365,129361,,,1246,47,31,16,,1577,56,790329,4,26,5,3,7435,,373,12,,,77,2,70,1,,,,
GUY,South America,Guyana,2021-07-23,21850,117,71,518,3,2,27647,148,90,655,4,2,1,,,,,,,,,,,,,,,,,,374841,245092,129749,,1115,1183,47,31,16,,1497,56,790329,4,26,5,3,7435,,373,12,,,77,2,70,1,,,,
GUY,South America,Guyana,2021-07-24,22090,240,88,523,5,2,27950,304,112,662,6,3,1,,,,,,,,,,,,,,,,,,,,,,,1069,,,,,1353,56,790329,4,26,5,3,7435,,373,12,,,77,2,70,1,,,,
GUY,South America,Guyana,2021-07-25,22150,60,84,527,4,2,28026,76,106,667,5,3,1,,,,,,,,,,,,,,,,,,,,,,,956,,,,,1210,56,790329,4,26,5,3,7435,,373,12,,,77,2,70,1,,,,
GUY,South America,Guyana,2021-07-26,22181,31,88,530,3,3,28066,39,112,671,4,3,1,,,,,,,,,,,,,,,,,,377145,246716,130429,,,843,48,31,16,,1067,56,790329,4,26,5,3,7435,,373,12,,,77,2,70,1,,,,
GUY,South America,Guyana,2021-07-27,22234,53,81,530,0,2,28133,67,102,671,0,3,1,,,,,,,,,,,,,,,,,,,,,,,1140,,,,,1442,56,790329,4,26,5,3,7435,,373,12,,,77,2,70,1,,,,
GUY,South America,Guyana,2021-07-28,22234,0,72,530,0,2,28133,0,91,671,0,3,1,,,,,,,,,,,,,,,,,,382957,248970,133987,,,1437,48,32,17,,1818,56,790329,4,26,5,3,7435,,373,12,,,77,2,70,1,,,,
GUY,South America,Guyana,2021-07-29,22372,138,91,535,5,3,28307,175,116,677,6,4,1,,,,,,,,,,,,,,,,,,389336,250712,138624,,6379,2230,49,32,18,,2822,56,790329,4,26,5,3,7435,,373,12,,,77,2,70,1,,,,
GUY,South America,Guyana,2021-07-30,22458,86,87,535,0,2,28416,109,110,677,0,3,1,,,,,,,,,,,,,,,,,,389336,250712,138624,,0,2071,49,32,18,,2620,56,790329,4,26,5,3,7435,,373,12,,,77,2,70,1,,,,
GUY,South America,Guyana,2021-07-31,22523,65,62,541,6,3,28498,82,78,685,8,3,1,,,,,,,,,,,,,,,,,,,,,,,2149,,,,,2719,56,790329,4,26,5,3,7435,,373,12,,,77,2,70,1,,,,
GUY,South America,Guyana,2021-08-01,22523,0,53,541,0,2,28498,0,67,685,0,3,1,,,,,,,,,,,,,,,,,,,,,,,2228,,,,,2819,56,790329,4,26,5,3,7435,,373,12,,,77,2,70,1,,,,
GUY,South America,Guyana,2021-08-02,22523,0,49,541,0,2,28498,0,62,685,0,2,1,,,,,,,,,,,,,,,,,,,,,,,2306,,,,,2918,56,790329,4,26,5,3,7435,,373,12,,,77,2,70,1,,,,
GUY,South America,Guyana,2021-08-03,22643,120,58,549,8,3,28650,152,74,695,10,3,1,,,,,,,,,,,,,,,,,,394606,252978,141628,,,2079,50,32,18,,2631,56,790329,4,26,5,3,7435,,373,12,,,77,2,70,1,,,,
GUY,South America,Guyana,2021-08-04,22643,0,58,549,0,3,28650,0,74,695,0,3,1,,,,,,,,,,,,,,,,,,396997,254883,142114,,2391,2006,50,32,18,,2538,56,790329,4,26,5,3,7435,,373,12,,,77,2,70,1,,,,
GUY,South America,Guyana,2021-08-05,22789,146,60,553,4,3,28835,185,75,700,5,3,1,,,,,,,,,,,,,,,,,,,,,,,1549,,,,,1960,56,790329,4,26,5,3,7435,,373,12,,,77,2,70,1,,,,
GUY,South America,Guyana,2021-08-06,22843,54,55,554,1,3,28903,68,70,701,1,3,1,,,,,,,,,,,,,,,,,,,,,,,2003,,,,,2534,56,790329,4,26,5,3,7435,,373,12,,,77,2,70,1,,,,
GUY,South America,Guyana,2021-08-07,22932,89,58,556,2,2,29016,113,74,704,3,3,1,,,,,,,,,,,,,,,,,,,,,,,2270,,,,,2872,56,790329,4,26,5,3,7435,,373,12,,,77,2,70,1,,,,
GUY,South America,Guyana,2021-08-08,22982,50,66,559,3,3,29079,63,83,707,4,3,1,,,,,,,,,,,,,,,,,,,,,,,2536,,,,,3209,56,790329,4,26,5,3,7435,,373,12,,,77,2,70,1,,,,
GUY,South America,Guyana,2021-08-09,22992,10,67,561,2,3,29092,13,85,710,3,4,1,,,,,,,,,,,,,,,,,,,,,,,2802,,,,,3545,56,790329,4,26,5,3,7435,,373,12,,,77,2,70,1,,,,
GUY,South America,Guyana,2021-08-10,22992,0,50,561,0,2,29092,0,63,710,0,2,1,,,,,,,,,,,,,,,,,,416087,271122,144965,,,3069,53,34,18,,3883,56,790329,4,26,5,3,7435,,373,12,,,77,2,70,1,,,,
GUY,South America,Guyana,2021-08-11,23156,164,73,567,6,3,29299,208,93,717,8,3,1,,,,,,,,,,,,,,,,,,,,,,,3405,,,,,4308,56,790329,4,26,5,3,7435,,373,12,,,77,2,70,1,,,,
GUY,South America,Guyana,2021-08-12,23244,88,65,569,2,2,29411,111,82,720,3,3,1,,,,,,,,,,,,,,,,,,425580,279489,146091,,,3629,54,35,18,,4592,56,790329,4,26,5,3,7435,,373,12,,,77,2,70,1,,,,
GUY,South America,Guyana,2021-08-13,23344,100,72,570,1,2,29537,127,91,721,1,3,1,,,,,,,,,,,,,,,,,,429086,282586,146500,,3506,3675,54,36,19,,4650,56,790329,4,26,5,3,7435,,373,12,,,77,2,70,1,,,,
GUY,South America,Guyana,2021-08-14,23455,111,75,573,3,2,29678,140,95,725,4,3,1,,,,,,,,,,,,,,,,,,,,,,,3501,,,,,4430,56,790329,4,26,5,3,7435,,373,12,,,77,2,70,1,,,,
GUY,South America,Guyana,2021-08-15,23561,106,83,574,1,2,29812,134,105,726,1,3,1,,,,,,,,,,,,,,,,,,,,,,,3326,,,,,4208,56,790329,4,26,5,3,7435,,373,12,,,77,2,70,1,,,,
GUY,South America,Guyana,2021-08-16,23575,14,83,578,4,2,29829,18,105,731,5,3,1,,,,,,,,,,,,,,,,,,434965,287837,147128,,,3151,55,36,19,,3987,56,790329,4,26,5,3,7435,,373,12,,,77,2,70,1,,,,
GUY,South America,Guyana,2021-08-17,23675,100,98,582,4,3,29956,127,123,736,5,4,1,,,,,,,,,,,,,,,,,,,,,,,3110,,,,,3935,56,790329,4,26,5,3,7435,,373,12,,,77,2,70,1,,,,
GUY,South America,Guyana,2021-08-18,23795,120,91,587,5,3,30108,152,116,743,6,4,1,,,,,,,,,,,,,,,,,,,,,,,2845,,,,,3600,56,790329,4,26,5,3,7435,,373,12,,,77,2,70,1,,,,
GUY,South America,Guyana,2021-08-19,23795,0,79,587,0,3,30108,0,100,743,0,3,1,,,,,,,,,,,,,,,,,,,,,,,2580,,,,,3264,56,790329,4,26,5,3,7435,,373,12,,,77,2,70,1,,,,
GUY,South America,Guyana,2021-08-20,24047,252,100,591,4,3,30427,319,127,748,5,4,1,,,,,,,,,,,,,,,,,,,,,,,2492,,,,,3153,51,790329,4,26,5,3,7435,,373,12,,,77,2,70,1,,,,
GUY,South America,Guyana,2021-08-21,24224,177,110,591,0,3,30651,224,139,748,0,3,1,,,,,,,,,,,,,,,,,,,,,,,2626,,,,,3323,51,790329,4,26,5,3,7435,,373,12,,,77,2,70,1,,,,
GUY,South America,Guyana,2021-08-22,24336,112,111,594,3,3,30792,142,140,752,4,4,1,,,,,,,,,,,,,,,,,,,,,,,2759,,,,,3491,51,790329,4,26,5,3,7435,,373,12,,,77,2,70,1,,,,
GUY,South America,Guyana,2021-08-23,24336,0,109,594,0,2,30792,0,138,752,0,3,1,,,,,,,,,,,,,,,,,,455209,301369,153840,,,2892,58,38,19,,3659,51,790329,4,26,5,3,7435,,373,12,,,77,2,70,1,,,,
GUY,South America,Guyana,2021-08-24,24506,170,119,601,7,3,31007,215,150,760,9,3,1,,,,,,,,,,,,,,,,,,,,,,,2871,,,,,3633,51,790329,4,26,5,3,7435,,373,12,,,77,2,70,1,,,,
GUY,South America,Guyana,2021-08-25,24713,207,131,602,1,2,31269,262,166,762,1,3,1,,,,,,,,,,,,,,,,,,460700,305012,155688,,,2850,58,39,20,,3606,51,790329,4,26,5,3,7435,,373,12,,,77,2,70,1,,,,
GUY,South America,Guyana,2021-08-26,24864,151,153,606,4,3,31460,191,193,767,5,3,1,,,,,,,,,,,,,,,,,,465463,306906,158557,,4763,3117,59,39,20,,3944,51,790329,4,26,5,3,7435,,373,12,,,77,2,70,1,,,,
GUY,South America,Guyana,2021-08-27,24967,103,131,609,3,3,31591,130,166,771,4,3,1,,,,,,,,,,,,,,,,,,468218,308758,159460,,2755,3098,59,39,20,,3920,51,790329,4,26,5,3,7435,,373,12,,,77,2,70,1,,,,
GUY,South America,Guyana,2021-08-28,24967,0,106,609,0,3,31591,0,134,771,0,3,1,,,,,,,,,,,,,,,,,,,,,,,2874,,,,,3636,51,790329,4,26,5,3,7435,,373,12,,,77,2,70,1,,,,
GUY,South America,Guyana,2021-08-29,25323,356,141,611,2,2,32041,450,178,773,3,3,1,,,,,,,,,,,,,,,,,,,,,,,2650,,,,,3353,51,790329,4,26,5,3,7435,,373,12,,,77,2,70,1,,,,
GUY,South America,Guyana,2021-08-30,25403,80,152,613,2,3,32142,101,193,776,3,3,1,,,,,,,,,,,,,,,,,,472188,311539,160649,,,2426,60,39,20,,3070,51,790329,4,26,5,3,7435,,373,12,,,77,2,70,1,,,,
GUY,South America,Guyana,2021-08-31,25548,145,149,622,9,3,32326,183,188,787,11,4,1,,,,,,,,,,,,,,,,,,474491,313469,161022,,2303,2362,60,40,20,,2989,51,790329,4,26,5,3,7435,,373,12,,,77,2,70,1,,,,
GUY,South America,Guyana,2021-09-01,25770,222,151,624,2,3,32607,281,191,790,3,4,1,,,,,,,,,,,,,,,,,,,,,,,2486,,,,,3146,63,790329,4,26,5,3,7435,,373,12,,,77,2,70,1,,,,
GUY,South America,Guyana,2021-09-02,25951,181,155,632,8,4,32836,229,196,800,10,5,1,,,,,,,,,,,,,,,,,,,,,,,2322,,,,,2938,63,790329,4,26,5,3,7435,,373,12,,,77,2,70,1,,,,
GUY,South America,Guyana,2021-09-03,26112,161,164,636,4,4,33039,204,207,805,5,5,1,,,,,,,,,,,,,,,,,,485332,318569,166763,,,2445,61,40,21,,3094,63,790329,4,26,5,3,7435,,373,12,,,77,2,70,1,,,,
GUY,South America,Guyana,2021-09-04,26295,183,190,640,4,4,33271,232,240,810,5,6,1,,,,,,,,,,,,,,,,,,,,,,,2487,,,,,3147,63,790329,4,26,5,3,7435,,373,12,,,77,2,70,1,,,,
GUY,South America,Guyana,2021-09-05,26510,215,170,641,1,4,33543,272,215,811,1,5,1,,,,,,,,,,,,,,,,,,,,,,,2528,,,,,3199,63,790329,4,26,5,3,7435,,373,12,,,77,2,70,1,,,,
GUY,South America,Guyana,2021-09-06,26510,0,158,641,0,4,33543,0,200,811,0,5,1,,,,,,,,,,,,,,,,,,,,,,,2570,,,,,3252,63,790329,4,26,5,3,7435,,373,12,,,77,2,70,1,,,,
GUY,South America,Guyana,2021-09-07,26772,262,175,654,13,5,33874,332,221,828,16,6,1,,,,,,,,,,,,,,,,,,491795,322586,169209,,,2472,62,41,21,,3128,63,790329,4,26,5,3,7435,,373,12,,,77,2,70,1,,,,
GUY,South America,Guyana,2021-09-08,26772,0,143,654,0,4,33874,0,181,828,0,5,1,,,,,,,,,,,,,,,,,,495220,325095,170125,,3425,2445,63,41,22,,3094,63,790329,4,26,5,3,7435,,373,12,,,77,2,70,1,,,,
GUY,South America,Guyana,2021-09-09,27301,529,193,659,5,4,34544,669,244,834,6,5,1,,,,,,,,,,,,,,,,,,502064,329909,172155,,6844,2907,64,42,22,,3678,63,790329,4,26,5,3,7435,,373,12,,,77,2,70,1,,,,
GUY,South America,Guyana,2021-09-10,27301,0,170,659,0,3,34544,0,215,834,0,4,1,,,,,,,,,,,,,,,,,,,,,,,2676,,,,,3386,63,790329,4,26,5,3,7435,,373,12,,,77,2,70,1,,,,
GUY,South America,Guyana,2021-09-11,27782,481,212,674,15,5,35152,609,269,853,19,6,1,,,,,,,,,,,,,,,,,,,,,,,2731,,,,,3456,63,790329,4,26,5,3,7435,,373,12,,,77,2,70,1,,,,
GUY,South America,Guyana,2021-09-12,27976,194,209,683,9,6,35398,245,265,864,11,8,1,,,,,,,,,,,,,,,,,,,,,,,2786,,,,,3525,63,790329,4,26,5,3,7435,,373,12,,,77,2,70,1,,,,
GUY,South America,Guyana,2021-09-13,28099,123,227,687,4,7,35554,156,287,869,5,8,1,,,,,,,,,,,,,,,,,,,,,,,2841,,,,,3595,66,790329,4,26,5,3,7435,,373,12,,,77,2,70,1,,,,
GUY,South America,Guyana,2021-09-14,28234,135,209,692,5,5,35724,171,264,876,6,7,1,,,,,,,,,,,,,,,,,,512067,337030,175037,,,2896,65,43,22,,3664,66,790329,4,26,5,3,7435,,373,12,,,77,2,70,1,,,,
GUY,South America,Guyana,2021-09-15,28532,298,251,701,9,7,36101,377,318,887,11,8,1,,,,,,,,,,,,,,,,,,,,,,,2852,,,,,3609,66,790329,4,26,5,3,7435,,373,12,,,77,2,70,1,,,,
GUY,South America,Guyana,2021-09-16,28831,299,219,703,2,6,36480,378,277,890,3,8,1,,,,,,,,,,,,,,,,,,518295,341600,176695,,,2319,66,43,22,,2934,66,790329,4,26,5,3,7435,,373,12,,,77,2,70,1,,,,
GUY,South America,Guyana,2021-09-17,29072,241,253,706,3,7,36785,305,320,893,4,8,1,,,,,,,,,,,,,,,,,,,,,,,2295,,,,,2904,66,790329,4,26,5,3,7435,,373,12,,,77,2,70,1,,,,
GUY,South America,Guyana,2021-09-18,29345,273,223,713,7,6,37130,345,283,902,9,7,1,,,,,,,,,,,,,,,,,,,,,,,2272,,,,,2875,66,790329,4,26,5,3,7435,,373,12,,,77,2,70,1,,,,
GUY,South America,Guyana,2021-09-19,29553,208,225,725,12,6,37393,263,285,917,15,8,1,,,,,,,,,,,,,,,,,,,,,,,2249,,,,,2846,66,790329,4,26,5,3,7435,,373,12,,,77,2,70,1,,,,
GUY,South America,Guyana,2021-09-20,29683,130,226,733,8,7,37558,164,286,927,10,8,1,,,,,,,,,,,,,,,,,,525644,346529,179115,,,2225,67,44,23,,2815,66,790329,4,26,5,3,7435,,373,12,,,77,2,70,1,,,,
GUY,South America,Guyana,2021-09-21,29824,141,227,738,5,7,37736,178,287,934,6,8,1,,,,,,,,,,,,,,,,,,,,,,,2330,,,,,2948,66,790329,4,26,5,3,7435,,373,12,,,77,2,70,1,,,,
GUY,South America,Guyana,2021-09-22,30186,362,236,740,2,6,38194,458,299,936,3,7,1,,,,,,,,,,,,,,,,,,,,,,,2276,,,,,2880,66,790329,4,26,5,3,7435,,373,12,,,77,2,70,1,,,,
GUY,South America,Guyana,2021-09-23,30444,258,230,744,4,6,38521,326,292,941,5,7,1,,,,,,,,,,,,,,,,,,533843,351981,181862,,,2221,68,45,23,,2810,66,790329,4,26,5,3,7435,,373,12,,,77,2,70,1,,,,
GUY,South America,Guyana,2021-09-24,30696,252,232,749,5,6,38840,319,294,948,6,8,1,,,,,,,,,,,,,,,,,,,,,,,2134,,,,,2700,66,790329,4,26,5,3,7435,,373,12,,,77,2,70,1,,,,
GUY,South America,Guyana,2021-09-25,30907,211,223,754,5,6,39106,267,282,954,6,7,1,,,,,,,,,,,,,,,,,,,,,,,2047,,,,,2590,66,790329,4,26,5,3,7435,,373,12,,,77,2,70,1,,,,
GUY,South America,Guyana,2021-09-26,31148,241,228,762,8,5,39411,305,288,964,10,7,1,,,,,,,,,,,,,,,,,,,,,,,1959,,,,,2479,66,790329,4,26,5,3,7435,,373,12,,,77,2,70,1,,,,
GUY,South America,Guyana,2021-09-27,31236,88,222,772,10,6,39523,111,281,977,13,7,1,,,,,,,,,,,,,,,,,,538748,354676,184072,,,1872,68,45,23,,2369,66,790329,4,26,5,3,7435,,373,12,,,77,2,70,1,,,,
GUY,South America,Guyana,2021-09-28,31359,123,219,778,6,6,39678,156,277,984,8,7,1,,,,,,,,,,,,,,,,,,,,,,,1798,,,,,2275,66,790329,4,26,5,3,7435,,373,12,,,77,2,70,1,,,,
GUY,South America,Guyana,2021-09-29,31638,279,207,783,5,6,40031,353,262,991,6,8,1,,,,,,,,,,,,,,,,,,543180,357208,185972,,,1724,69,45,24,,2181,66,790329,4,26,5,3,7435,,373,12,,,77,2,70,1,,,,
GUY,South America,Guyana,2021-09-30,31827,189,198,786,3,6,40271,239,250,995,4,8,1,,,,,,,,,,,,,,,,,,,,,,,2101,,,,,2658,66,790329,4,26,5,3,7435,,373,12,,,77,2,70,1,,,,
GUY,South America,Guyana,2021-10-01,32055,228,194,792,6,6,40559,288,246,1002,8,8,1,,,,,,,,,,,,,,,,,,,,,,,2693,,,,,3407,66,790329,4,26,5,3,7435,,373,12,,,77,2,70,1,,,,
GUY,South America,Guyana,2021-10-02,32297,242,199,796,4,6,40865,306,251,1007,5,8,1,,,,,,,,,,,,,,,,,,,,,,,3285,,,,,4156,66,790329,4,26,5,3,7435,,373,12,,,77,2,70,1,,,,
GUY,South America,Guyana,2021-10-03,32483,186,191,799,3,5,41101,235,241,1011,4,7,1,,,,,,,,,,,,,,,,,,,,,,,3877,,,,,4906,66,790329,4,26,5,3,7435,,373,12,,,77,2,70,1,,,,
GUY,South America,Guyana,2021-10-04,32483,0,178,799,0,4,41101,0,225,1011,0,5,1,,,,,,,,,,,,,,,,,,,,,,,4468,,,,,5653,66,790329,4,26,5,3,7435,,373,12,,,77,2,70,1,,,,
GUY,South America,Guyana,2021-10-05,32701,218,192,807,8,4,41376,276,243,1021,10,5,1,,,,,,,,,,,,,,,,,,575396,362919,212477,,,4919,73,46,27,,6224,66,790329,4,26,5,3,7435,,373,12,,,77,2,70,1,,,,
GUY,South America,Guyana,2021-10-06,32951,250,188,816,9,5,41693,316,237,1032,11,6,1,,,,,,,,,,,,,,,,,,579761,364208,215553,,4365,5226,73,46,27,,6612,66,790329,4,26,5,3,7435,,373,12,,,77,2,70,1,,,,
GUY,South America,Guyana,2021-10-07,33175,224,193,821,5,5,41976,283,244,1039,6,6,1,,,,,,,,,,,,,,,,,,583394,365274,218120,,3633,4978,74,46,28,,6299,66,790329,4,26,5,3,7435,,373,12,,,77,2,70,1,,,,
GUY,South America,Guyana,2021-10-08,33175,0,160,821,0,4,41976,0,202,1039,0,5,1,,,,,,,,,,,,,,,,,,586207,366190,220017,,2813,4613,74,46,28,,5837,66,790329,4,26,5,3,7435,,373,12,,,77,2,70,1,,,,
GUY,South America,Guyana,2021-10-09,33566,391,181,835,14,6,42471,495,229,1057,18,7,1,,,,,,,,,,,,,,,,,,,,,,,,,,,,,66,790329,4,26,5,3,7435,,373,12,,,77,2,70,1,,,,
GUY,South America,Guyana,2021-10-10,33696,130,173,840,5,6,42635,164,219,1063,6,7,1,,,,,,,,,,,,,,,,,,,,,,,,,,,,,66,790329,4,26,5,3,7435,,373,12,,,77,2,70,1,,,,
GUY,South America,Guyana,2021-10-11,33748,52,181,842,2,6,42701,66,229,1065,3,8,,,,,,,,,,,,,,,,,,,,,,,,,,,,,,66,790329,4,26,5,3,7435,,373,12,,,77,2,70,1,,,,
GUY,South America,Guyana,2021-10-12,33823,75,160,848,6,6,42796,95,203,1073,8,7,,,,,,,,,,,,,,,,,,,,,,,,,,,,,,,790329,4,26,5,3,7435,,373,12,,,77,2,70,1,,,,
GUY,South America,Guyana,2021-10-13,33973,150,146,851,3,5,42986,190,185,1077,4,6,,,,,,,,,,,,,,,,,,,,,,,,,,,,,,,790329,4,26,5,3,7435,,373,12,,,77,2,70,1,,,,
