countryterritoryCode,continentExp,countriesAndTerritories,dateRep,total_cases,cases,new_cases_smoothed,total_deaths,deaths,new_deaths_smoothed,total_cases_per_million,new_cases_per_million,new_cases_smoothed_per_million,total_deaths_per_million,new_deaths_per_million,new_deaths_smoothed_per_million,reproduction_rate,icu_patients,icu_patients_per_million,hosp_patients,hosp_patients_per_million,weekly_icu_admissions,weekly_icu_admissions_per_million,weekly_hosp_admissions,weekly_hosp_admissions_per_million,new_tests,total_tests,total_tests_per_thousand,new_tests_per_thousand,new_tests_smoothed,new_tests_smoothed_per_thousand,positive_rate,tests_per_case,tests_units,total_vaccinations,people_vaccinated,people_fully_vaccinated,total_boosters,new_vaccinations,new_vaccinations_smoothed,total_vaccinations_per_hundred,people_vaccinated_per_hundred,people_fully_vaccinated_per_hundred,total_boosters_per_hundred,new_vaccinations_smoothed_per_million,new_people_vaccinated_smoothed,new_people_vaccinated_smoothed_per_hundred,stringency_index,popData2019,population_density,median_age,aged_65_older,aged_70_older,gdp_per_capita,extreme_poverty,cardiovasc_death_rate,diabetes_prevalence,female_smokers,male_smokers,handwashing_facilities,hospital_beds_per_thousand,life_expectancy,human_development_index,excess_mortality_cumulative_absolute,excess_mortality_cumulative,excess_mortality,excess_mortality_cumulative_per_million
MSR,North America,Montserrat,2020-03-18,1,1,,,,,201,201,,,,,,,,,,,,,,,,,,,,,,,,,,,,,,,,,,,,,4981,,,,,,,,,,,,,74,,,,,
MSR,North America,Montserrat,2020-03-19,1,0,,,,,201,0,,,,,,,,,,,,,,,,,,,,,,,,,,,,,,,,,,,,,4981,,,,,,,,,,,,,74,,,,,
MSR,North America,Montserrat,2020-03-20,1,0,,,,,201,0,,,,,,,,,,,,,,,,,,,,,,,,,,,,,,,,,,,,,4981,,,,,,,,,,,,,74,,,,,
MSR,North America,Montserrat,2020-03-21,1,0,,,,,201,0,,,,,,,,,,,,,,,,,,,,,,,,,,,,,,,,,,,,,4981,,,,,,,,,,,,,74,,,,,
MSR,North America,Montserrat,2020-03-22,1,0,,,,,201,0,,,,,,,,,,,,,,,,,,,,,,,,,,,,,,,,,,,,,4981,,,,,,,,,,,,,74,,,,,
MSR,North America,Montserrat,2020-03-23,1,0,0,,,,201,0,29,,,,,,,,,,,,,,,,,,,,,,,,,,,,,,,,,,,,4981,,,,,,,,,,,,,74,,,,,
MSR,North America,Montserrat,2020-03-24,1,0,0,,,,201,0,29,,,,,,,,,,,,,,,,,,,,,,,,,,,,,,,,,,,,4981,,,,,,,,,,,,,74,,,,,
MSR,North America,Montserrat,2020-03-25,1,0,0,,,,201,0,0,,,,,,,,,,,,,,,,,,,,,,,,,,,,,,,,,,,,4981,,,,,,,,,,,,,74,,,,,
MSR,North America,Montserrat,2020-03-26,5,4,1,,,,1004,803,115,,,,,,,,,,,,,,,,,,,,,,,,,,,,,,,,,,,,4981,,,,,,,,,,,,,74,,,,,
MSR,North America,Montserrat,2020-03-27,5,0,1,,,,1004,0,115,,,,,,,,,,,,,,,,,,,,,,,,,,,,,,,,,,,,4981,,,,,,,,,,,,,74,,,,,
MSR,North America,Montserrat,2020-03-28,5,0,1,,,,1004,0,115,,,,,,,,,,,,,,,,,,,,,,,,,,,,,,,,,,,,4981,,,,,,,,,,,,,74,,,,,
MSR,North America,Montserrat,2020-03-29,5,0,1,,,,1004,0,115,,,,,,,,,,,,,,,,,,,,,,,,,,,,,,,,,,,,4981,,,,,,,,,,,,,74,,,,,
MSR,North America,Montserrat,2020-03-30,5,0,1,,,,1004,0,115,,,,,,,,,,,,,,,,,,,,,,,,,,,,,,,,,,,,4981,,,,,,,,,,,,,74,,,,,
MSR,North America,Montserrat,2020-03-31,5,0,1,,,,1004,0,115,,,,,,,,,,,,,,,,,,,,,,,,,,,,,,,,,,,,4981,,,,,,,,,,,,,74,,,,,
MSR,North America,Montserrat,2020-04-01,5,0,1,,,,1004,0,115,,,,,,,,,,,,,,,,,,,,,,,,,,,,,,,,,,,,4981,,,,,,,,,,,,,74,,,,,
MSR,North America,Montserrat,2020-04-02,5,0,0,,,,1004,0,0,,,,,,,,,,,,,,,,,,,,,,,,,,,,,,,,,,,,4981,,,,,,,,,,,,,74,,,,,
MSR,North America,Montserrat,2020-04-03,6,1,0,,,,1205,201,29,,,,,,,,,,,,,,,,,,,,,,,,,,,,,,,,,,,,4981,,,,,,,,,,,,,74,,,,,
MSR,North America,Montserrat,2020-04-04,6,0,0,,,,1205,0,29,,,,,,,,,,,,,,,,,,,,,,,,,,,,,,,,,,,,4981,,,,,,,,,,,,,74,,,,,
MSR,North America,Montserrat,2020-04-05,6,0,0,,,,1205,0,29,,,,,,,,,,,,,,,,,,,,,,,,,,,,,,,,,,,,4981,,,,,,,,,,,,,74,,,,,
MSR,North America,Montserrat,2020-04-06,6,0,0,,,,1205,0,29,,,,,,,,,,,,,,,,,,,,,,,,,,,,,,,,,,,,4981,,,,,,,,,,,,,74,,,,,
MSR,North America,Montserrat,2020-04-07,9,3,1,,,,1807,602,115,,,,,,,,,,,,,,,,,,,,,,,,,,,,,,,,,,,,4981,,,,,,,,,,,,,74,,,,,
MSR,North America,Montserrat,2020-04-08,9,0,1,,,,1807,0,115,,,,,,,,,,,,,,,,,,,,,,,,,,,,,,,,,,,,4981,,,,,,,,,,,,,74,,,,,
MSR,North America,Montserrat,2020-04-09,9,0,1,,,,1807,0,115,,,,,,,,,,,,,,,,,,,,,,,,,,,,,,,,,,,,4981,,,,,,,,,,,,,74,,,,,
MSR,North America,Montserrat,2020-04-10,9,0,0,,,,1807,0,86,,,,,,,,,,,,,,,,,,,,,,,,,,,,,,,,,,,,4981,,,,,,,,,,,,,74,,,,,
MSR,North America,Montserrat,2020-04-11,9,0,0,,,,1807,0,86,,,,,,,,,,,,,,,,,,,,,,,,,,,,,,,,,,,,4981,,,,,,,,,,,,,74,,,,,
MSR,North America,Montserrat,2020-04-12,9,0,0,,,,1807,0,86,,,,,,,,,,,,,,,,,,,,,,,,,,,,,,,,,,,,4981,,,,,,,,,,,,,74,,,,,
MSR,North America,Montserrat,2020-04-13,11,2,1,,,,2208,402,143,,,,,,,,,,,,,,,,,,,,,,,,,,,,,,,,,,,,4981,,,,,,,,,,,,,74,,,,,
MSR,North America,Montserrat,2020-04-14,11,0,0,,,,2208,0,57,,,,,,,,,,,,,,,,,,,,,,,,,,,,,,,,,,,,4981,,,,,,,,,,,,,74,,,,,
MSR,North America,Montserrat,2020-04-15,11,0,0,,,,2208,0,57,,,,,,,,,,,,,,,,,,,,,,,,,,,,,,,,,,,,4981,,,,,,,,,,,,,74,,,,,
MSR,North America,Montserrat,2020-04-16,11,0,0,,,,2208,0,57,,,,,,,,,,,,,,,,,,,,,,,,,,,,,,,,,,,,4981,,,,,,,,,,,,,74,,,,,
MSR,North America,Montserrat,2020-04-17,11,0,0,,,,2208,0,57,,,,,,,,,,,,,,,,,,,,,,,,,,,,,,,,,,,,4981,,,,,,,,,,,,,74,,,,,
MSR,North America,Montserrat,2020-04-18,11,0,0,,,,2208,0,57,,,,,,,,,,,,,,,,,,,,,,,,,,,,,,,,,,,,4981,,,,,,,,,,,,,74,,,,,
MSR,North America,Montserrat,2020-04-19,11,0,0,,,,2208,0,57,,,,,,,,,,,,,,,,,,,,,,,,,,,,,,,,,,,,4981,,,,,,,,,,,,,74,,,,,
MSR,North America,Montserrat,2020-04-20,11,0,0,,,,2208,0,0,,,,,,,,,,,,,,,,,,,,,,,,,,,,,,,,,,,,4981,,,,,,,,,,,,,74,,,,,
MSR,North America,Montserrat,2020-04-21,11,0,0,,,,2208,0,0,,,,,,,,,,,,,,,,,,,,,,,,,,,,,,,,,,,,4981,,,,,,,,,,,,,74,,,,,
MSR,North America,Montserrat,2020-04-22,11,0,0,,,,2208,0,0,,,,,,,,,,,,,,,,,,,,,,,,,,,,,,,,,,,,4981,,,,,,,,,,,,,74,,,,,
MSR,North America,Montserrat,2020-04-23,11,0,0,,,,2208,0,0,,,,,,,,,,,,,,,,,,,,,,,,,,,,,,,,,,,,4981,,,,,,,,,,,,,74,,,,,
MSR,North America,Montserrat,2020-04-24,11,0,0,1,1,0,2208,0,0,201,201,29,,,,,,,,,,,,,,,,,,,,,,,,,,,,,,,,,4981,,,,,,,,,,,,,74,,,,,
MSR,North America,Montserrat,2020-04-25,11,0,0,1,0,0,2208,0,0,201,0,29,,,,,,,,,,,,,,,,,,,,,,,,,,,,,,,,,4981,,,,,,,,,,,,,74,,,,,
MSR,North America,Montserrat,2020-04-26,11,0,0,1,0,0,2208,0,0,201,0,29,,,,,,,,,,,,,,,,,,,,,,,,,,,,,,,,,4981,,,,,,,,,,,,,74,,,,,
MSR,North America,Montserrat,2020-04-27,11,0,0,1,0,0,2208,0,0,201,0,29,,,,,,,,,,,,,,,,,,,,,,,,,,,,,,,,,4981,,,,,,,,,,,,,74,,,,,
MSR,North America,Montserrat,2020-04-28,11,0,0,1,0,0,2208,0,0,201,0,29,,,,,,,,,,,,,,,,,,,,,,,,,,,,,,,,,4981,,,,,,,,,,,,,74,,,,,
MSR,North America,Montserrat,2020-04-29,11,0,0,1,0,0,2208,0,0,201,0,29,,,,,,,,,,,,,,,,,,,,,,,,,,,,,,,,,4981,,,,,,,,,,,,,74,,,,,
MSR,North America,Montserrat,2020-04-30,11,0,0,1,0,0,2208,0,0,201,0,29,,,,,,,,,,,,,,,,,,,,,,,,,,,,,,,,,4981,,,,,,,,,,,,,74,,,,,
MSR,North America,Montserrat,2020-05-01,11,0,0,1,0,0,2208,0,0,201,0,0,,,,,,,,,,,,,,,,,,,,,,,,,,,,,,,,,4981,,,,,,,,,,,,,74,,,,,
MSR,North America,Montserrat,2020-05-02,11,0,0,1,0,0,2208,0,0,201,0,0,,,,,,,,,,,,,,,,,,,,,,,,,,,,,,,,,4981,,,,,,,,,,,,,74,,,,,
MSR,North America,Montserrat,2020-05-03,11,0,0,1,0,0,2208,0,0,201,0,0,,,,,,,,,,,,,,,,,,,,,,,,,,,,,,,,,4981,,,,,,,,,,,,,74,,,,,
MSR,North America,Montserrat,2020-05-04,11,0,0,1,0,0,2208,0,0,201,0,0,,,,,,,,,,,,,,,,,,,,,,,,,,,,,,,,,4981,,,,,,,,,,,,,74,,,,,
MSR,North America,Montserrat,2020-05-05,11,0,0,1,0,0,2208,0,0,201,0,0,,,,,,,,,,,,,,,,,,,,,,,,,,,,,,,,,4981,,,,,,,,,,,,,74,,,,,
MSR,North America,Montserrat,2020-05-06,11,0,0,1,0,0,2208,0,0,201,0,0,,,,,,,,,,,,,,,,,,,,,,,,,,,,,,,,,4981,,,,,,,,,,,,,74,,,,,
MSR,North America,Montserrat,2020-05-07,11,0,0,1,0,0,2208,0,0,201,0,0,,,,,,,,,,,,,,,,,,,,,,,,,,,,,,,,,4981,,,,,,,,,,,,,74,,,,,
MSR,North America,Montserrat,2020-05-08,11,0,0,1,0,0,2208,0,0,201,0,0,,,,,,,,,,,,,,,,,,,,,,,,,,,,,,,,,4981,,,,,,,,,,,,,74,,,,,
MSR,North America,Montserrat,2020-05-09,11,0,0,1,0,0,2208,0,0,201,0,0,,,,,,,,,,,,,,,,,,,,,,,,,,,,,,,,,4981,,,,,,,,,,,,,74,,,,,
MSR,North America,Montserrat,2020-05-10,11,0,0,1,0,0,2208,0,0,201,0,0,,,,,,,,,,,,,,,,,,,,,,,,,,,,,,,,,4981,,,,,,,,,,,,,74,,,,,
MSR,North America,Montserrat,2020-05-11,11,0,0,1,0,0,2208,0,0,201,0,0,,,,,,,,,,,,,,,,,,,,,,,,,,,,,,,,,4981,,,,,,,,,,,,,74,,,,,
MSR,North America,Montserrat,2020-05-12,11,0,0,1,0,0,2208,0,0,201,0,0,,,,,,,,,,,,,,,,,,,,,,,,,,,,,,,,,4981,,,,,,,,,,,,,74,,,,,
MSR,North America,Montserrat,2020-05-13,11,0,0,1,0,0,2208,0,0,201,0,0,,,,,,,,,,,,,,,,,,,,,,,,,,,,,,,,,4981,,,,,,,,,,,,,74,,,,,
MSR,North America,Montserrat,2020-05-14,11,0,0,1,0,0,2208,0,0,201,0,0,,,,,,,,,,,,,,,,,,,,,,,,,,,,,,,,,4981,,,,,,,,,,,,,74,,,,,
MSR,North America,Montserrat,2020-05-15,11,0,0,1,0,0,2208,0,0,201,0,0,,,,,,,,,,,,,,,,,,,,,,,,,,,,,,,,,4981,,,,,,,,,,,,,74,,,,,
MSR,North America,Montserrat,2020-05-16,11,0,0,1,0,0,2208,0,0,201,0,0,,,,,,,,,,,,,,,,,,,,,,,,,,,,,,,,,4981,,,,,,,,,,,,,74,,,,,
MSR,North America,Montserrat,2020-05-17,11,0,0,1,0,0,2208,0,0,201,0,0,,,,,,,,,,,,,,,,,,,,,,,,,,,,,,,,,4981,,,,,,,,,,,,,74,,,,,
MSR,North America,Montserrat,2020-05-18,11,0,0,1,0,0,2208,0,0,201,0,0,,,,,,,,,,,,,,,,,,,,,,,,,,,,,,,,,4981,,,,,,,,,,,,,74,,,,,
MSR,North America,Montserrat,2020-05-19,11,0,0,1,0,0,2208,0,0,201,0,0,,,,,,,,,,,,,,,,,,,,,,,,,,,,,,,,,4981,,,,,,,,,,,,,74,,,,,
MSR,North America,Montserrat,2020-05-20,11,0,0,1,0,0,2208,0,0,201,0,0,,,,,,,,,,,,,,,,,,,,,,,,,,,,,,,,,4981,,,,,,,,,,,,,74,,,,,
MSR,North America,Montserrat,2020-05-21,11,0,0,1,0,0,2208,0,0,201,0,0,,,,,,,,,,,,,,,,,,,,,,,,,,,,,,,,,4981,,,,,,,,,,,,,74,,,,,
MSR,North America,Montserrat,2020-05-22,11,0,0,1,0,0,2208,0,0,201,0,0,,,,,,,,,,,,,,,,,,,,,,,,,,,,,,,,,4981,,,,,,,,,,,,,74,,,,,
MSR,North America,Montserrat,2020-05-23,11,0,0,1,0,0,2208,0,0,201,0,0,,,,,,,,,,,,,,,,,,,,,,,,,,,,,,,,,4981,,,,,,,,,,,,,74,,,,,
MSR,North America,Montserrat,2020-05-24,11,0,0,1,0,0,2208,0,0,201,0,0,,,,,,,,,,,,,,,,,,,,,,,,,,,,,,,,,4981,,,,,,,,,,,,,74,,,,,
MSR,North America,Montserrat,2020-05-25,11,0,0,1,0,0,2208,0,0,201,0,0,,,,,,,,,,,,,,,,,,,,,,,,,,,,,,,,,4981,,,,,,,,,,,,,74,,,,,
MSR,North America,Montserrat,2020-05-26,11,0,0,1,0,0,2208,0,0,201,0,0,,,,,,,,,,,,,,,,,,,,,,,,,,,,,,,,,4981,,,,,,,,,,,,,74,,,,,
MSR,North America,Montserrat,2020-05-27,11,0,0,1,0,0,2208,0,0,201,0,0,,,,,,,,,,,,,,,,,,,,,,,,,,,,,,,,,4981,,,,,,,,,,,,,74,,,,,
MSR,North America,Montserrat,2020-05-28,11,0,0,1,0,0,2208,0,0,201,0,0,,,,,,,,,,,,,,,,,,,,,,,,,,,,,,,,,4981,,,,,,,,,,,,,74,,,,,
MSR,North America,Montserrat,2020-05-29,11,0,0,1,0,0,2208,0,0,201,0,0,,,,,,,,,,,,,,,,,,,,,,,,,,,,,,,,,4981,,,,,,,,,,,,,74,,,,,
MSR,North America,Montserrat,2020-05-30,11,0,0,1,0,0,2208,0,0,201,0,0,,,,,,,,,,,,,,,,,,,,,,,,,,,,,,,,,4981,,,,,,,,,,,,,74,,,,,
MSR,North America,Montserrat,2020-05-31,11,0,0,1,0,0,2208,0,0,201,0,0,,,,,,,,,,,,,,,,,,,,,,,,,,,,,,,,,4981,,,,,,,,,,,,,74,,,,,
MSR,North America,Montserrat,2020-06-01,11,0,0,1,0,0,2208,0,0,201,0,0,,,,,,,,,,,,,,,,,,,,,,,,,,,,,,,,,4981,,,,,,,,,,,,,74,,,,,
MSR,North America,Montserrat,2020-06-02,11,0,0,1,0,0,2208,0,0,201,0,0,,,,,,,,,,,,,,,,,,,,,,,,,,,,,,,,,4981,,,,,,,,,,,,,74,,,,,
MSR,North America,Montserrat,2020-06-03,11,0,0,1,0,0,2208,0,0,201,0,0,,,,,,,,,,,,,,,,,,,,,,,,,,,,,,,,,4981,,,,,,,,,,,,,74,,,,,
MSR,North America,Montserrat,2020-06-04,11,0,0,1,0,0,2208,0,0,201,0,0,,,,,,,,,,,,,,,,,,,,,,,,,,,,,,,,,4981,,,,,,,,,,,,,74,,,,,
MSR,North America,Montserrat,2020-06-05,11,0,0,1,0,0,2208,0,0,201,0,0,,,,,,,,,,,,,,,,,,,,,,,,,,,,,,,,,4981,,,,,,,,,,,,,74,,,,,
MSR,North America,Montserrat,2020-06-06,11,0,0,1,0,0,2208,0,0,201,0,0,,,,,,,,,,,,,,,,,,,,,,,,,,,,,,,,,4981,,,,,,,,,,,,,74,,,,,
MSR,North America,Montserrat,2020-06-07,11,0,0,1,0,0,2208,0,0,201,0,0,,,,,,,,,,,,,,,,,,,,,,,,,,,,,,,,,4981,,,,,,,,,,,,,74,,,,,
MSR,North America,Montserrat,2020-06-08,11,0,0,1,0,0,2208,0,0,201,0,0,,,,,,,,,,,,,,,,,,,,,,,,,,,,,,,,,4981,,,,,,,,,,,,,74,,,,,
MSR,North America,Montserrat,2020-06-09,11,0,0,1,0,0,2208,0,0,201,0,0,,,,,,,,,,,,,,,,,,,,,,,,,,,,,,,,,4981,,,,,,,,,,,,,74,,,,,
MSR,North America,Montserrat,2020-06-10,11,0,0,1,0,0,2208,0,0,201,0,0,,,,,,,,,,,,,,,,,,,,,,,,,,,,,,,,,4981,,,,,,,,,,,,,74,,,,,
MSR,North America,Montserrat,2020-06-11,11,0,0,1,0,0,2208,0,0,201,0,0,,,,,,,,,,,,,,,,,,,,,,,,,,,,,,,,,4981,,,,,,,,,,,,,74,,,,,
MSR,North America,Montserrat,2020-06-12,11,0,0,1,0,0,2208,0,0,201,0,0,,,,,,,,,,,,,,,,,,,,,,,,,,,,,,,,,4981,,,,,,,,,,,,,74,,,,,
MSR,North America,Montserrat,2020-06-13,11,0,0,1,0,0,2208,0,0,201,0,0,,,,,,,,,,,,,,,,,,,,,,,,,,,,,,,,,4981,,,,,,,,,,,,,74,,,,,
MSR,North America,Montserrat,2020-06-14,11,0,0,1,0,0,2208,0,0,201,0,0,,,,,,,,,,,,,,,,,,,,,,,,,,,,,,,,,4981,,,,,,,,,,,,,74,,,,,
MSR,North America,Montserrat,2020-06-15,11,0,0,1,0,0,2208,0,0,201,0,0,,,,,,,,,,,,,,,,,,,,,,,,,,,,,,,,,4981,,,,,,,,,,,,,74,,,,,
MSR,North America,Montserrat,2020-06-16,11,0,0,1,0,0,2208,0,0,201,0,0,,,,,,,,,,,,,,,,,,,,,,,,,,,,,,,,,4981,,,,,,,,,,,,,74,,,,,
MSR,North America,Montserrat,2020-06-17,11,0,0,1,0,0,2208,0,0,201,0,0,,,,,,,,,,,,,,,,,,,,,,,,,,,,,,,,,4981,,,,,,,,,,,,,74,,,,,
MSR,North America,Montserrat,2020-06-18,11,0,0,1,0,0,2208,0,0,201,0,0,,,,,,,,,,,,,,,,,,,,,,,,,,,,,,,,,4981,,,,,,,,,,,,,74,,,,,
MSR,North America,Montserrat,2020-06-19,11,0,0,1,0,0,2208,0,0,201,0,0,,,,,,,,,,,,,,,,,,,,,,,,,,,,,,,,,4981,,,,,,,,,,,,,74,,,,,
MSR,North America,Montserrat,2020-06-20,11,0,0,1,0,0,2208,0,0,201,0,0,,,,,,,,,,,,,,,,,,,,,,,,,,,,,,,,,4981,,,,,,,,,,,,,74,,,,,
MSR,North America,Montserrat,2020-06-21,11,0,0,1,0,0,2208,0,0,201,0,0,,,,,,,,,,,,,,,,,,,,,,,,,,,,,,,,,4981,,,,,,,,,,,,,74,,,,,
MSR,North America,Montserrat,2020-06-22,11,0,0,1,0,0,2208,0,0,201,0,0,,,,,,,,,,,,,,,,,,,,,,,,,,,,,,,,,4981,,,,,,,,,,,,,74,,,,,
MSR,North America,Montserrat,2020-06-23,11,0,0,1,0,0,2208,0,0,201,0,0,,,,,,,,,,,,,,,,,,,,,,,,,,,,,,,,,4981,,,,,,,,,,,,,74,,,,,
MSR,North America,Montserrat,2020-06-24,11,0,0,1,0,0,2208,0,0,201,0,0,,,,,,,,,,,,,,,,,,,,,,,,,,,,,,,,,4981,,,,,,,,,,,,,74,,,,,
MSR,North America,Montserrat,2020-06-25,11,0,0,1,0,0,2208,0,0,201,0,0,,,,,,,,,,,,,,,,,,,,,,,,,,,,,,,,,4981,,,,,,,,,,,,,74,,,,,
MSR,North America,Montserrat,2020-06-26,11,0,0,1,0,0,2208,0,0,201,0,0,,,,,,,,,,,,,,,,,,,,,,,,,,,,,,,,,4981,,,,,,,,,,,,,74,,,,,
MSR,North America,Montserrat,2020-06-27,11,0,0,1,0,0,2208,0,0,201,0,0,,,,,,,,,,,,,,,,,,,,,,,,,,,,,,,,,4981,,,,,,,,,,,,,74,,,,,
MSR,North America,Montserrat,2020-06-28,11,0,0,1,0,0,2208,0,0,201,0,0,,,,,,,,,,,,,,,,,,,,,,,,,,,,,,,,,4981,,,,,,,,,,,,,74,,,,,
MSR,North America,Montserrat,2020-06-29,11,0,0,1,0,0,2208,0,0,201,0,0,,,,,,,,,,,,,,,,,,,,,,,,,,,,,,,,,4981,,,,,,,,,,,,,74,,,,,
MSR,North America,Montserrat,2020-06-30,11,0,0,1,0,0,2208,0,0,201,0,0,,,,,,,,,,,,,,,,,,,,,,,,,,,,,,,,,4981,,,,,,,,,,,,,74,,,,,
MSR,North America,Montserrat,2020-07-01,11,0,0,1,0,0,2208,0,0,201,0,0,,,,,,,,,,,,,,,,,,,,,,,,,,,,,,,,,4981,,,,,,,,,,,,,74,,,,,
MSR,North America,Montserrat,2020-07-02,11,0,0,1,0,0,2208,0,0,201,0,0,,,,,,,,,,,,,,,,,,,,,,,,,,,,,,,,,4981,,,,,,,,,,,,,74,,,,,
MSR,North America,Montserrat,2020-07-03,11,0,0,1,0,0,2208,0,0,201,0,0,,,,,,,,,,,,,,,,,,,,,,,,,,,,,,,,,4981,,,,,,,,,,,,,74,,,,,
MSR,North America,Montserrat,2020-07-04,11,0,0,1,0,0,2208,0,0,201,0,0,,,,,,,,,,,,,,,,,,,,,,,,,,,,,,,,,4981,,,,,,,,,,,,,74,,,,,
MSR,North America,Montserrat,2020-07-05,11,0,0,1,0,0,2208,0,0,201,0,0,,,,,,,,,,,,,,,,,,,,,,,,,,,,,,,,,4981,,,,,,,,,,,,,74,,,,,
MSR,North America,Montserrat,2020-07-06,11,0,0,1,0,0,2208,0,0,201,0,0,,,,,,,,,,,,,,,,,,,,,,,,,,,,,,,,,4981,,,,,,,,,,,,,74,,,,,
MSR,North America,Montserrat,2020-07-07,11,0,0,1,0,0,2208,0,0,201,0,0,,,,,,,,,,,,,,,,,,,,,,,,,,,,,,,,,4981,,,,,,,,,,,,,74,,,,,
MSR,North America,Montserrat,2020-07-08,11,0,0,1,0,0,2208,0,0,201,0,0,,,,,,,,,,,,,,,,,,,,,,,,,,,,,,,,,4981,,,,,,,,,,,,,74,,,,,
MSR,North America,Montserrat,2020-07-09,11,0,0,1,0,0,2208,0,0,201,0,0,,,,,,,,,,,,,,,,,,,,,,,,,,,,,,,,,4981,,,,,,,,,,,,,74,,,,,
MSR,North America,Montserrat,2020-07-10,11,0,0,1,0,0,2208,0,0,201,0,0,,,,,,,,,,,,,,,,,,,,,,,,,,,,,,,,,4981,,,,,,,,,,,,,74,,,,,
MSR,North America,Montserrat,2020-07-11,12,1,0,1,0,0,2409,201,29,201,0,0,,,,,,,,,,,,,,,,,,,,,,,,,,,,,,,,,4981,,,,,,,,,,,,,74,,,,,
MSR,North America,Montserrat,2020-07-12,12,0,0,1,0,0,2409,0,29,201,0,0,,,,,,,,,,,,,,,,,,,,,,,,,,,,,,,,,4981,,,,,,,,,,,,,74,,,,,
MSR,North America,Montserrat,2020-07-13,12,0,0,1,0,0,2409,0,29,201,0,0,,,,,,,,,,,,,,,,,,,,,,,,,,,,,,,,,4981,,,,,,,,,,,,,74,,,,,
MSR,North America,Montserrat,2020-07-14,12,0,0,1,0,0,2409,0,29,201,0,0,,,,,,,,,,,,,,,,,,,,,,,,,,,,,,,,,4981,,,,,,,,,,,,,74,,,,,
MSR,North America,Montserrat,2020-07-15,12,0,0,1,0,0,2409,0,29,201,0,0,,,,,,,,,,,,,,,,,,,,,,,,,,,,,,,,,4981,,,,,,,,,,,,,74,,,,,
MSR,North America,Montserrat,2020-07-16,12,0,0,1,0,0,2409,0,29,201,0,0,,,,,,,,,,,,,,,,,,,,,,,,,,,,,,,,,4981,,,,,,,,,,,,,74,,,,,
MSR,North America,Montserrat,2020-07-17,12,0,0,1,0,0,2409,0,29,201,0,0,,,,,,,,,,,,,,,,,,,,,,,,,,,,,,,,,4981,,,,,,,,,,,,,74,,,,,
MSR,North America,Montserrat,2020-07-18,12,0,0,1,0,0,2409,0,0,201,0,0,,,,,,,,,,,,,,,,,,,,,,,,,,,,,,,,,4981,,,,,,,,,,,,,74,,,,,
MSR,North America,Montserrat,2020-07-19,12,0,0,1,0,0,2409,0,0,201,0,0,,,,,,,,,,,,,,,,,,,,,,,,,,,,,,,,,4981,,,,,,,,,,,,,74,,,,,
MSR,North America,Montserrat,2020-07-20,12,0,0,1,0,0,2409,0,0,201,0,0,,,,,,,,,,,,,,,,,,,,,,,,,,,,,,,,,4981,,,,,,,,,,,,,74,,,,,
MSR,North America,Montserrat,2020-07-21,12,0,0,1,0,0,2409,0,0,201,0,0,,,,,,,,,,,,,,,,,,,,,,,,,,,,,,,,,4981,,,,,,,,,,,,,74,,,,,
MSR,North America,Montserrat,2020-07-22,12,0,0,1,0,0,2409,0,0,201,0,0,,,,,,,,,,,,,,,,,,,,,,,,,,,,,,,,,4981,,,,,,,,,,,,,74,,,,,
MSR,North America,Montserrat,2020-07-23,12,0,0,1,0,0,2409,0,0,201,0,0,,,,,,,,,,,,,,,,,,,,,,,,,,,,,,,,,4981,,,,,,,,,,,,,74,,,,,
MSR,North America,Montserrat,2020-07-24,12,0,0,1,0,0,2409,0,0,201,0,0,,,,,,,,,,,,,,,,,,,,,,,,,,,,,,,,,4981,,,,,,,,,,,,,74,,,,,
MSR,North America,Montserrat,2020-07-25,12,0,0,1,0,0,2409,0,0,201,0,0,,,,,,,,,,,,,,,,,,,,,,,,,,,,,,,,,4981,,,,,,,,,,,,,74,,,,,
MSR,North America,Montserrat,2020-07-26,12,0,0,1,0,0,2409,0,0,201,0,0,,,,,,,,,,,,,,,,,,,,,,,,,,,,,,,,,4981,,,,,,,,,,,,,74,,,,,
MSR,North America,Montserrat,2020-07-27,12,0,0,1,0,0,2409,0,0,201,0,0,,,,,,,,,,,,,,,,,,,,,,,,,,,,,,,,,4981,,,,,,,,,,,,,74,,,,,
MSR,North America,Montserrat,2020-07-28,12,0,0,1,0,0,2409,0,0,201,0,0,,,,,,,,,,,,,,,,,,,,,,,,,,,,,,,,,4981,,,,,,,,,,,,,74,,,,,
MSR,North America,Montserrat,2020-07-29,12,0,0,1,0,0,2409,0,0,201,0,0,,,,,,,,,,,,,,,,,,,,,,,,,,,,,,,,,4981,,,,,,,,,,,,,74,,,,,
MSR,North America,Montserrat,2020-07-30,12,0,0,1,0,0,2409,0,0,201,0,0,,,,,,,,,,,,,,,,,,,,,,,,,,,,,,,,,4981,,,,,,,,,,,,,74,,,,,
MSR,North America,Montserrat,2020-07-31,12,0,0,1,0,0,2409,0,0,201,0,0,,,,,,,,,,,,,,,,,,,,,,,,,,,,,,,,,4981,,,,,,,,,,,,,74,,,,,
MSR,North America,Montserrat,2020-08-01,12,0,0,1,0,0,2409,0,0,201,0,0,,,,,,,,,,,,,,,,,,,,,,,,,,,,,,,,,4981,,,,,,,,,,,,,74,,,,,
MSR,North America,Montserrat,2020-08-02,13,1,0,1,0,0,2610,201,29,201,0,0,,,,,,,,,,,,,,,,,,,,,,,,,,,,,,,,,4981,,,,,,,,,,,,,74,,,,,
MSR,North America,Montserrat,2020-08-03,13,0,0,1,0,0,2610,0,29,201,0,0,,,,,,,,,,,,,,,,,,,,,,,,,,,,,,,,,4981,,,,,,,,,,,,,74,,,,,
MSR,North America,Montserrat,2020-08-04,13,0,0,1,0,0,2610,0,29,201,0,0,,,,,,,,,,,,,,,,,,,,,,,,,,,,,,,,,4981,,,,,,,,,,,,,74,,,,,
MSR,North America,Montserrat,2020-08-05,13,0,0,1,0,0,2610,0,29,201,0,0,,,,,,,,,,,,,,,,,,,,,,,,,,,,,,,,,4981,,,,,,,,,,,,,74,,,,,
MSR,North America,Montserrat,2020-08-06,13,0,0,1,0,0,2610,0,29,201,0,0,,,,,,,,,,,,,,,,,,,,,,,,,,,,,,,,,4981,,,,,,,,,,,,,74,,,,,
MSR,North America,Montserrat,2020-08-07,13,0,0,1,0,0,2610,0,29,201,0,0,,,,,,,,,,,,,,,,,,,,,,,,,,,,,,,,,4981,,,,,,,,,,,,,74,,,,,
MSR,North America,Montserrat,2020-08-08,13,0,0,1,0,0,2610,0,29,201,0,0,,,,,,,,,,,,,,,,,,,,,,,,,,,,,,,,,4981,,,,,,,,,,,,,74,,,,,
MSR,North America,Montserrat,2020-08-09,13,0,0,1,0,0,2610,0,0,201,0,0,,,,,,,,,,,,,,,,,,,,,,,,,,,,,,,,,4981,,,,,,,,,,,,,74,,,,,
MSR,North America,Montserrat,2020-08-10,13,0,0,1,0,0,2610,0,0,201,0,0,,,,,,,,,,,,,,,,,,,,,,,,,,,,,,,,,4981,,,,,,,,,,,,,74,,,,,
MSR,North America,Montserrat,2020-08-11,13,0,0,1,0,0,2610,0,0,201,0,0,,,,,,,,,,,,,,,,,,,,,,,,,,,,,,,,,4981,,,,,,,,,,,,,74,,,,,
MSR,North America,Montserrat,2020-08-12,13,0,0,1,0,0,2610,0,0,201,0,0,,,,,,,,,,,,,,,,,,,,,,,,,,,,,,,,,4981,,,,,,,,,,,,,74,,,,,
MSR,North America,Montserrat,2020-08-13,13,0,0,1,0,0,2610,0,0,201,0,0,,,,,,,,,,,,,,,,,,,,,,,,,,,,,,,,,4981,,,,,,,,,,,,,74,,,,,
MSR,North America,Montserrat,2020-08-14,13,0,0,1,0,0,2610,0,0,201,0,0,,,,,,,,,,,,,,,,,,,,,,,,,,,,,,,,,4981,,,,,,,,,,,,,74,,,,,
MSR,North America,Montserrat,2020-08-15,13,0,0,1,0,0,2610,0,0,201,0,0,,,,,,,,,,,,,,,,,,,,,,,,,,,,,,,,,4981,,,,,,,,,,,,,74,,,,,
MSR,North America,Montserrat,2020-08-16,13,0,0,1,0,0,2610,0,0,201,0,0,,,,,,,,,,,,,,,,,,,,,,,,,,,,,,,,,4981,,,,,,,,,,,,,74,,,,,
MSR,North America,Montserrat,2020-08-17,13,0,0,1,0,0,2610,0,0,201,0,0,,,,,,,,,,,,,,,,,,,,,,,,,,,,,,,,,4981,,,,,,,,,,,,,74,,,,,
MSR,North America,Montserrat,2020-08-18,13,0,0,1,0,0,2610,0,0,201,0,0,,,,,,,,,,,,,,,,,,,,,,,,,,,,,,,,,4981,,,,,,,,,,,,,74,,,,,
MSR,North America,Montserrat,2020-08-19,13,0,0,1,0,0,2610,0,0,201,0,0,,,,,,,,,,,,,,,,,,,,,,,,,,,,,,,,,4981,,,,,,,,,,,,,74,,,,,
MSR,North America,Montserrat,2020-08-20,13,0,0,1,0,0,2610,0,0,201,0,0,,,,,,,,,,,,,,,,,,,,,,,,,,,,,,,,,4981,,,,,,,,,,,,,74,,,,,
MSR,North America,Montserrat,2020-08-21,13,0,0,1,0,0,2610,0,0,201,0,0,,,,,,,,,,,,,,,,,,,,,,,,,,,,,,,,,4981,,,,,,,,,,,,,74,,,,,
MSR,North America,Montserrat,2020-08-22,13,0,0,1,0,0,2610,0,0,201,0,0,,,,,,,,,,,,,,,,,,,,,,,,,,,,,,,,,4981,,,,,,,,,,,,,74,,,,,
MSR,North America,Montserrat,2020-08-23,13,0,0,1,0,0,2610,0,0,201,0,0,,,,,,,,,,,,,,,,,,,,,,,,,,,,,,,,,4981,,,,,,,,,,,,,74,,,,,
MSR,North America,Montserrat,2020-08-24,13,0,0,1,0,0,2610,0,0,201,0,0,,,,,,,,,,,,,,,,,,,,,,,,,,,,,,,,,4981,,,,,,,,,,,,,74,,,,,
MSR,North America,Montserrat,2020-08-25,13,0,0,1,0,0,2610,0,0,201,0,0,,,,,,,,,,,,,,,,,,,,,,,,,,,,,,,,,4981,,,,,,,,,,,,,74,,,,,
MSR,North America,Montserrat,2020-08-26,13,0,0,1,0,0,2610,0,0,201,0,0,,,,,,,,,,,,,,,,,,,,,,,,,,,,,,,,,4981,,,,,,,,,,,,,74,,,,,
MSR,North America,Montserrat,2020-08-27,13,0,0,1,0,0,2610,0,0,201,0,0,,,,,,,,,,,,,,,,,,,,,,,,,,,,,,,,,4981,,,,,,,,,,,,,74,,,,,
MSR,North America,Montserrat,2020-08-28,13,0,0,1,0,0,2610,0,0,201,0,0,,,,,,,,,,,,,,,,,,,,,,,,,,,,,,,,,4981,,,,,,,,,,,,,74,,,,,
MSR,North America,Montserrat,2020-08-29,13,0,0,1,0,0,2610,0,0,201,0,0,,,,,,,,,,,,,,,,,,,,,,,,,,,,,,,,,4981,,,,,,,,,,,,,74,,,,,
MSR,North America,Montserrat,2020-08-30,13,0,0,1,0,0,2610,0,0,201,0,0,,,,,,,,,,,,,,,,,,,,,,,,,,,,,,,,,4981,,,,,,,,,,,,,74,,,,,
MSR,North America,Montserrat,2020-08-31,13,0,0,1,0,0,2610,0,0,201,0,0,,,,,,,,,,,,,,,,,,,,,,,,,,,,,,,,,4981,,,,,,,,,,,,,74,,,,,
MSR,North America,Montserrat,2020-09-01,13,0,0,1,0,0,2610,0,0,201,0,0,,,,,,,,,,,,,,,,,,,,,,,,,,,,,,,,,4981,,,,,,,,,,,,,74,,,,,
MSR,North America,Montserrat,2020-09-02,13,0,0,1,0,0,2610,0,0,201,0,0,,,,,,,,,,,,,,,,,,,,,,,,,,,,,,,,,4981,,,,,,,,,,,,,74,,,,,
MSR,North America,Montserrat,2020-09-03,13,0,0,1,0,0,2610,0,0,201,0,0,,,,,,,,,,,,,,,,,,,,,,,,,,,,,,,,,4981,,,,,,,,,,,,,74,,,,,
MSR,North America,Montserrat,2020-09-04,13,0,0,1,0,0,2610,0,0,201,0,0,,,,,,,,,,,,,,,,,,,,,,,,,,,,,,,,,4981,,,,,,,,,,,,,74,,,,,
MSR,North America,Montserrat,2020-09-05,13,0,0,1,0,0,2610,0,0,201,0,0,,,,,,,,,,,,,,,,,,,,,,,,,,,,,,,,,4981,,,,,,,,,,,,,74,,,,,
MSR,North America,Montserrat,2020-09-06,13,0,0,1,0,0,2610,0,0,201,0,0,,,,,,,,,,,,,,,,,,,,,,,,,,,,,,,,,4981,,,,,,,,,,,,,74,,,,,
MSR,North America,Montserrat,2020-09-07,13,0,0,1,0,0,2610,0,0,201,0,0,,,,,,,,,,,,,,,,,,,,,,,,,,,,,,,,,4981,,,,,,,,,,,,,74,,,,,
MSR,North America,Montserrat,2020-09-08,13,0,0,1,0,0,2610,0,0,201,0,0,,,,,,,,,,,,,,,,,,,,,,,,,,,,,,,,,4981,,,,,,,,,,,,,74,,,,,
MSR,North America,Montserrat,2020-09-09,13,0,0,1,0,0,2610,0,0,201,0,0,,,,,,,,,,,,,,,,,,,,,,,,,,,,,,,,,4981,,,,,,,,,,,,,74,,,,,
MSR,North America,Montserrat,2020-09-10,13,0,0,1,0,0,2610,0,0,201,0,0,,,,,,,,,,,,,,,,,,,,,,,,,,,,,,,,,4981,,,,,,,,,,,,,74,,,,,
MSR,North America,Montserrat,2020-09-11,13,0,0,1,0,0,2610,0,0,201,0,0,,,,,,,,,,,,,,,,,,,,,,,,,,,,,,,,,4981,,,,,,,,,,,,,74,,,,,
MSR,North America,Montserrat,2020-09-12,13,0,0,1,0,0,2610,0,0,201,0,0,,,,,,,,,,,,,,,,,,,,,,,,,,,,,,,,,4981,,,,,,,,,,,,,74,,,,,
MSR,North America,Montserrat,2020-09-13,13,0,0,1,0,0,2610,0,0,201,0,0,,,,,,,,,,,,,,,,,,,,,,,,,,,,,,,,,4981,,,,,,,,,,,,,74,,,,,
MSR,North America,Montserrat,2020-09-14,13,0,0,1,0,0,2610,0,0,201,0,0,,,,,,,,,,,,,,,,,,,,,,,,,,,,,,,,,4981,,,,,,,,,,,,,74,,,,,
MSR,North America,Montserrat,2020-09-15,13,0,0,1,0,0,2610,0,0,201,0,0,,,,,,,,,,,,,,,,,,,,,,,,,,,,,,,,,4981,,,,,,,,,,,,,74,,,,,
MSR,North America,Montserrat,2020-09-16,13,0,0,1,0,0,2610,0,0,201,0,0,,,,,,,,,,,,,,,,,,,,,,,,,,,,,,,,,4981,,,,,,,,,,,,,74,,,,,
MSR,North America,Montserrat,2020-09-17,13,0,0,1,0,0,2610,0,0,201,0,0,,,,,,,,,,,,,,,,,,,,,,,,,,,,,,,,,4981,,,,,,,,,,,,,74,,,,,
MSR,North America,Montserrat,2020-09-18,13,0,0,1,0,0,2610,0,0,201,0,0,,,,,,,,,,,,,,,,,,,,,,,,,,,,,,,,,4981,,,,,,,,,,,,,74,,,,,
MSR,North America,Montserrat,2020-09-19,13,0,0,1,0,0,2610,0,0,201,0,0,,,,,,,,,,,,,,,,,,,,,,,,,,,,,,,,,4981,,,,,,,,,,,,,74,,,,,
MSR,North America,Montserrat,2020-09-20,13,0,0,1,0,0,2610,0,0,201,0,0,,,,,,,,,,,,,,,,,,,,,,,,,,,,,,,,,4981,,,,,,,,,,,,,74,,,,,
MSR,North America,Montserrat,2020-09-21,13,0,0,1,0,0,2610,0,0,201,0,0,,,,,,,,,,,,,,,,,,,,,,,,,,,,,,,,,4981,,,,,,,,,,,,,74,,,,,
MSR,North America,Montserrat,2020-09-22,13,0,0,1,0,0,2610,0,0,201,0,0,,,,,,,,,,,,,,,,,,,,,,,,,,,,,,,,,4981,,,,,,,,,,,,,74,,,,,
MSR,North America,Montserrat,2020-09-23,13,0,0,1,0,0,2610,0,0,201,0,0,,,,,,,,,,,,,,,,,,,,,,,,,,,,,,,,,4981,,,,,,,,,,,,,74,,,,,
MSR,North America,Montserrat,2020-09-24,13,0,0,1,0,0,2610,0,0,201,0,0,,,,,,,,,,,,,,,,,,,,,,,,,,,,,,,,,4981,,,,,,,,,,,,,74,,,,,
MSR,North America,Montserrat,2020-09-25,13,0,0,1,0,0,2610,0,0,201,0,0,,,,,,,,,,,,,,,,,,,,,,,,,,,,,,,,,4981,,,,,,,,,,,,,74,,,,,
MSR,North America,Montserrat,2020-09-26,13,0,0,1,0,0,2610,0,0,201,0,0,,,,,,,,,,,,,,,,,,,,,,,,,,,,,,,,,4981,,,,,,,,,,,,,74,,,,,
MSR,North America,Montserrat,2020-09-27,13,0,0,1,0,0,2610,0,0,201,0,0,,,,,,,,,,,,,,,,,,,,,,,,,,,,,,,,,4981,,,,,,,,,,,,,74,,,,,
MSR,North America,Montserrat,2020-09-28,13,0,0,1,0,0,2610,0,0,201,0,0,,,,,,,,,,,,,,,,,,,,,,,,,,,,,,,,,4981,,,,,,,,,,,,,74,,,,,
MSR,North America,Montserrat,2020-09-29,13,0,0,1,0,0,2610,0,0,201,0,0,,,,,,,,,,,,,,,,,,,,,,,,,,,,,,,,,4981,,,,,,,,,,,,,74,,,,,
MSR,North America,Montserrat,2020-09-30,13,0,0,1,0,0,2610,0,0,201,0,0,,,,,,,,,,,,,,,,,,,,,,,,,,,,,,,,,4981,,,,,,,,,,,,,74,,,,,
MSR,North America,Montserrat,2020-10-01,13,0,0,1,0,0,2610,0,0,201,0,0,,,,,,,,,,,,,,,,,,,,,,,,,,,,,,,,,4981,,,,,,,,,,,,,74,,,,,
MSR,North America,Montserrat,2020-10-02,13,0,0,1,0,0,2610,0,0,201,0,0,,,,,,,,,,,,,,,,,,,,,,,,,,,,,,,,,4981,,,,,,,,,,,,,74,,,,,
MSR,North America,Montserrat,2020-10-03,13,0,0,1,0,0,2610,0,0,201,0,0,,,,,,,,,,,,,,,,,,,,,,,,,,,,,,,,,4981,,,,,,,,,,,,,74,,,,,
MSR,North America,Montserrat,2020-10-04,13,0,0,1,0,0,2610,0,0,201,0,0,,,,,,,,,,,,,,,,,,,,,,,,,,,,,,,,,4981,,,,,,,,,,,,,74,,,,,
MSR,North America,Montserrat,2020-10-05,13,0,0,1,0,0,2610,0,0,201,0,0,,,,,,,,,,,,,,,,,,,,,,,,,,,,,,,,,4981,,,,,,,,,,,,,74,,,,,
MSR,North America,Montserrat,2020-10-06,13,0,0,1,0,0,2610,0,0,201,0,0,,,,,,,,,,,,,,,,,,,,,,,,,,,,,,,,,4981,,,,,,,,,,,,,74,,,,,
MSR,North America,Montserrat,2020-10-07,13,0,0,1,0,0,2610,0,0,201,0,0,,,,,,,,,,,,,,,,,,,,,,,,,,,,,,,,,4981,,,,,,,,,,,,,74,,,,,
MSR,North America,Montserrat,2020-10-08,13,0,0,1,0,0,2610,0,0,201,0,0,,,,,,,,,,,,,,,,,,,,,,,,,,,,,,,,,4981,,,,,,,,,,,,,74,,,,,
MSR,North America,Montserrat,2020-10-09,13,0,0,1,0,0,2610,0,0,201,0,0,,,,,,,,,,,,,,,,,,,,,,,,,,,,,,,,,4981,,,,,,,,,,,,,74,,,,,
MSR,North America,Montserrat,2020-10-10,13,0,0,1,0,0,2610,0,0,201,0,0,,,,,,,,,,,,,,,,,,,,,,,,,,,,,,,,,4981,,,,,,,,,,,,,74,,,,,
MSR,North America,Montserrat,2020-10-11,13,0,0,1,0,0,2610,0,0,201,0,0,,,,,,,,,,,,,,,,,,,,,,,,,,,,,,,,,4981,,,,,,,,,,,,,74,,,,,
MSR,North America,Montserrat,2020-10-12,13,0,0,1,0,0,2610,0,0,201,0,0,,,,,,,,,,,,,,,,,,,,,,,,,,,,,,,,,4981,,,,,,,,,,,,,74,,,,,
MSR,North America,Montserrat,2020-10-13,13,0,0,1,0,0,2610,0,0,201,0,0,,,,,,,,,,,,,,,,,,,,,,,,,,,,,,,,,4981,,,,,,,,,,,,,74,,,,,
MSR,North America,Montserrat,2020-10-14,13,0,0,1,0,0,2610,0,0,201,0,0,,,,,,,,,,,,,,,,,,,,,,,,,,,,,,,,,4981,,,,,,,,,,,,,74,,,,,
MSR,North America,Montserrat,2020-10-15,13,0,0,1,0,0,2610,0,0,201,0,0,,,,,,,,,,,,,,,,,,,,,,,,,,,,,,,,,4981,,,,,,,,,,,,,74,,,,,
MSR,North America,Montserrat,2020-10-16,13,0,0,1,0,0,2610,0,0,201,0,0,,,,,,,,,,,,,,,,,,,,,,,,,,,,,,,,,4981,,,,,,,,,,,,,74,,,,,
MSR,North America,Montserrat,2020-10-17,13,0,0,1,0,0,2610,0,0,201,0,0,,,,,,,,,,,,,,,,,,,,,,,,,,,,,,,,,4981,,,,,,,,,,,,,74,,,,,
MSR,North America,Montserrat,2020-10-18,13,0,0,1,0,0,2610,0,0,201,0,0,,,,,,,,,,,,,,,,,,,,,,,,,,,,,,,,,4981,,,,,,,,,,,,,74,,,,,
MSR,North America,Montserrat,2020-10-19,13,0,0,1,0,0,2610,0,0,201,0,0,,,,,,,,,,,,,,,,,,,,,,,,,,,,,,,,,4981,,,,,,,,,,,,,74,,,,,
MSR,North America,Montserrat,2020-10-20,13,0,0,1,0,0,2610,0,0,201,0,0,,,,,,,,,,,,,,,,,,,,,,,,,,,,,,,,,4981,,,,,,,,,,,,,74,,,,,
MSR,North America,Montserrat,2020-10-21,13,0,0,1,0,0,2610,0,0,201,0,0,,,,,,,,,,,,,,,,,,,,,,,,,,,,,,,,,4981,,,,,,,,,,,,,74,,,,,
MSR,North America,Montserrat,2020-10-22,13,0,0,1,0,0,2610,0,0,201,0,0,,,,,,,,,,,,,,,,,,,,,,,,,,,,,,,,,4981,,,,,,,,,,,,,74,,,,,
MSR,North America,Montserrat,2020-10-23,13,0,0,1,0,0,2610,0,0,201,0,0,,,,,,,,,,,,,,,,,,,,,,,,,,,,,,,,,4981,,,,,,,,,,,,,74,,,,,
MSR,North America,Montserrat,2020-10-24,13,0,0,1,0,0,2610,0,0,201,0,0,,,,,,,,,,,,,,,,,,,,,,,,,,,,,,,,,4981,,,,,,,,,,,,,74,,,,,
MSR,North America,Montserrat,2020-10-25,13,0,0,1,0,0,2610,0,0,201,0,0,,,,,,,,,,,,,,,,,,,,,,,,,,,,,,,,,4981,,,,,,,,,,,,,74,,,,,
MSR,North America,Montserrat,2020-10-26,13,0,0,1,0,0,2610,0,0,201,0,0,,,,,,,,,,,,,,,,,,,,,,,,,,,,,,,,,4981,,,,,,,,,,,,,74,,,,,
MSR,North America,Montserrat,2020-10-27,13,0,0,1,0,0,2610,0,0,201,0,0,,,,,,,,,,,,,,,,,,,,,,,,,,,,,,,,,4981,,,,,,,,,,,,,74,,,,,
MSR,North America,Montserrat,2020-10-28,13,0,0,1,0,0,2610,0,0,201,0,0,,,,,,,,,,,,,,,,,,,,,,,,,,,,,,,,,4981,,,,,,,,,,,,,74,,,,,
MSR,North America,Montserrat,2020-10-29,13,0,0,1,0,0,2610,0,0,201,0,0,,,,,,,,,,,,,,,,,,,,,,,,,,,,,,,,,4981,,,,,,,,,,,,,74,,,,,
MSR,North America,Montserrat,2020-10-30,13,0,0,1,0,0,2610,0,0,201,0,0,,,,,,,,,,,,,,,,,,,,,,,,,,,,,,,,,4981,,,,,,,,,,,,,74,,,,,
MSR,North America,Montserrat,2020-10-31,13,0,0,1,0,0,2610,0,0,201,0,0,,,,,,,,,,,,,,,,,,,,,,,,,,,,,,,,,4981,,,,,,,,,,,,,74,,,,,
MSR,North America,Montserrat,2020-11-01,13,0,0,1,0,0,2610,0,0,201,0,0,,,,,,,,,,,,,,,,,,,,,,,,,,,,,,,,,4981,,,,,,,,,,,,,74,,,,,
MSR,North America,Montserrat,2020-11-02,13,0,0,1,0,0,2610,0,0,201,0,0,,,,,,,,,,,,,,,,,,,,,,,,,,,,,,,,,4981,,,,,,,,,,,,,74,,,,,
MSR,North America,Montserrat,2020-11-03,13,0,0,1,0,0,2610,0,0,201,0,0,,,,,,,,,,,,,,,,,,,,,,,,,,,,,,,,,4981,,,,,,,,,,,,,74,,,,,
MSR,North America,Montserrat,2020-11-04,13,0,0,1,0,0,2610,0,0,201,0,0,,,,,,,,,,,,,,,,,,,,,,,,,,,,,,,,,4981,,,,,,,,,,,,,74,,,,,
MSR,North America,Montserrat,2020-11-05,13,0,0,1,0,0,2610,0,0,201,0,0,,,,,,,,,,,,,,,,,,,,,,,,,,,,,,,,,4981,,,,,,,,,,,,,74,,,,,
MSR,North America,Montserrat,2020-11-06,13,0,0,1,0,0,2610,0,0,201,0,0,,,,,,,,,,,,,,,,,,,,,,,,,,,,,,,,,4981,,,,,,,,,,,,,74,,,,,
MSR,North America,Montserrat,2020-11-07,13,0,0,1,0,0,2610,0,0,201,0,0,,,,,,,,,,,,,,,,,,,,,,,,,,,,,,,,,4981,,,,,,,,,,,,,74,,,,,
MSR,North America,Montserrat,2020-11-08,13,0,0,1,0,0,2610,0,0,201,0,0,,,,,,,,,,,,,,,,,,,,,,,,,,,,,,,,,4981,,,,,,,,,,,,,74,,,,,
MSR,North America,Montserrat,2020-11-09,13,0,0,1,0,0,2610,0,0,201,0,0,,,,,,,,,,,,,,,,,,,,,,,,,,,,,,,,,4981,,,,,,,,,,,,,74,,,,,
MSR,North America,Montserrat,2020-11-10,13,0,0,1,0,0,2610,0,0,201,0,0,,,,,,,,,,,,,,,,,,,,,,,,,,,,,,,,,4981,,,,,,,,,,,,,74,,,,,
MSR,North America,Montserrat,2020-11-11,13,0,0,1,0,0,2610,0,0,201,0,0,,,,,,,,,,,,,,,,,,,,,,,,,,,,,,,,,4981,,,,,,,,,,,,,74,,,,,
MSR,North America,Montserrat,2020-11-12,13,0,0,1,0,0,2610,0,0,201,0,0,,,,,,,,,,,,,,,,,,,,,,,,,,,,,,,,,4981,,,,,,,,,,,,,74,,,,,
MSR,North America,Montserrat,2020-11-13,13,0,0,1,0,0,2610,0,0,201,0,0,,,,,,,,,,,,,,,,,,,,,,,,,,,,,,,,,4981,,,,,,,,,,,,,74,,,,,
MSR,North America,Montserrat,2020-11-14,13,0,0,1,0,0,2610,0,0,201,0,0,,,,,,,,,,,,,,,,,,,,,,,,,,,,,,,,,4981,,,,,,,,,,,,,74,,,,,
MSR,North America,Montserrat,2020-11-15,13,0,0,1,0,0,2610,0,0,201,0,0,,,,,,,,,,,,,,,,,,,,,,,,,,,,,,,,,4981,,,,,,,,,,,,,74,,,,,
MSR,North America,Montserrat,2020-11-16,13,0,0,1,0,0,2610,0,0,201,0,0,,,,,,,,,,,,,,,,,,,,,,,,,,,,,,,,,4981,,,,,,,,,,,,,74,,,,,
MSR,North America,Montserrat,2020-11-17,13,0,0,1,0,0,2610,0,0,201,0,0,,,,,,,,,,,,,,,,,,,,,,,,,,,,,,,,,4981,,,,,,,,,,,,,74,,,,,
MSR,North America,Montserrat,2020-11-18,13,0,0,1,0,0,2610,0,0,201,0,0,,,,,,,,,,,,,,,,,,,,,,,,,,,,,,,,,4981,,,,,,,,,,,,,74,,,,,
MSR,North America,Montserrat,2020-11-19,13,0,0,1,0,0,2610,0,0,201,0,0,,,,,,,,,,,,,,,,,,,,,,,,,,,,,,,,,4981,,,,,,,,,,,,,74,,,,,
MSR,North America,Montserrat,2020-11-20,13,0,0,1,0,0,2610,0,0,201,0,0,,,,,,,,,,,,,,,,,,,,,,,,,,,,,,,,,4981,,,,,,,,,,,,,74,,,,,
MSR,North America,Montserrat,2020-11-21,13,0,0,1,0,0,2610,0,0,201,0,0,,,,,,,,,,,,,,,,,,,,,,,,,,,,,,,,,4981,,,,,,,,,,,,,74,,,,,
MSR,North America,Montserrat,2020-11-22,13,0,0,1,0,0,2610,0,0,201,0,0,,,,,,,,,,,,,,,,,,,,,,,,,,,,,,,,,4981,,,,,,,,,,,,,74,,,,,
MSR,North America,Montserrat,2020-11-23,13,0,0,1,0,0,2610,0,0,201,0,0,,,,,,,,,,,,,,,,,,,,,,,,,,,,,,,,,4981,,,,,,,,,,,,,74,,,,,
MSR,North America,Montserrat,2020-11-24,13,0,0,1,0,0,2610,0,0,201,0,0,,,,,,,,,,,,,,,,,,,,,,,,,,,,,,,,,4981,,,,,,,,,,,,,74,,,,,
MSR,North America,Montserrat,2020-11-25,13,0,0,1,0,0,2610,0,0,201,0,0,,,,,,,,,,,,,,,,,,,,,,,,,,,,,,,,,4981,,,,,,,,,,,,,74,,,,,
MSR,North America,Montserrat,2020-11-26,13,0,0,1,0,0,2610,0,0,201,0,0,,,,,,,,,,,,,,,,,,,,,,,,,,,,,,,,,4981,,,,,,,,,,,,,74,,,,,
MSR,North America,Montserrat,2020-11-27,13,0,0,1,0,0,2610,0,0,201,0,0,,,,,,,,,,,,,,,,,,,,,,,,,,,,,,,,,4981,,,,,,,,,,,,,74,,,,,
MSR,North America,Montserrat,2020-11-28,13,0,0,1,0,0,2610,0,0,201,0,0,,,,,,,,,,,,,,,,,,,,,,,,,,,,,,,,,4981,,,,,,,,,,,,,74,,,,,
MSR,North America,Montserrat,2020-11-29,13,0,0,1,0,0,2610,0,0,201,0,0,,,,,,,,,,,,,,,,,,,,,,,,,,,,,,,,,4981,,,,,,,,,,,,,74,,,,,
MSR,North America,Montserrat,2020-11-30,13,0,0,1,0,0,2610,0,0,201,0,0,,,,,,,,,,,,,,,,,,,,,,,,,,,,,,,,,4981,,,,,,,,,,,,,74,,,,,
MSR,North America,Montserrat,2020-12-01,13,0,0,1,0,0,2610,0,0,201,0,0,,,,,,,,,,,,,,,,,,,,,,,,,,,,,,,,,4981,,,,,,,,,,,,,74,,,,,
MSR,North America,Montserrat,2020-12-02,13,0,0,1,0,0,2610,0,0,201,0,0,,,,,,,,,,,,,,,,,,,,,,,,,,,,,,,,,4981,,,,,,,,,,,,,74,,,,,
MSR,North America,Montserrat,2020-12-03,13,0,0,1,0,0,2610,0,0,201,0,0,,,,,,,,,,,,,,,,,,,,,,,,,,,,,,,,,4981,,,,,,,,,,,,,74,,,,,
MSR,North America,Montserrat,2020-12-04,13,0,0,1,0,0,2610,0,0,201,0,0,,,,,,,,,,,,,,,,,,,,,,,,,,,,,,,,,4981,,,,,,,,,,,,,74,,,,,
MSR,North America,Montserrat,2020-12-05,13,0,0,1,0,0,2610,0,0,201,0,0,,,,,,,,,,,,,,,,,,,,,,,,,,,,,,,,,4981,,,,,,,,,,,,,74,,,,,
MSR,North America,Montserrat,2020-12-06,13,0,0,1,0,0,2610,0,0,201,0,0,,,,,,,,,,,,,,,,,,,,,,,,,,,,,,,,,4981,,,,,,,,,,,,,74,,,,,
MSR,North America,Montserrat,2020-12-07,13,0,0,1,0,0,2610,0,0,201,0,0,,,,,,,,,,,,,,,,,,,,,,,,,,,,,,,,,4981,,,,,,,,,,,,,74,,,,,
MSR,North America,Montserrat,2020-12-08,13,0,0,1,0,0,2610,0,0,201,0,0,,,,,,,,,,,,,,,,,,,,,,,,,,,,,,,,,4981,,,,,,,,,,,,,74,,,,,
MSR,North America,Montserrat,2020-12-09,13,0,0,1,0,0,2610,0,0,201,0,0,,,,,,,,,,,,,,,,,,,,,,,,,,,,,,,,,4981,,,,,,,,,,,,,74,,,,,
MSR,North America,Montserrat,2020-12-10,13,0,0,1,0,0,2610,0,0,201,0,0,,,,,,,,,,,,,,,,,,,,,,,,,,,,,,,,,4981,,,,,,,,,,,,,74,,,,,
MSR,North America,Montserrat,2020-12-11,13,0,0,1,0,0,2610,0,0,201,0,0,,,,,,,,,,,,,,,,,,,,,,,,,,,,,,,,,4981,,,,,,,,,,,,,74,,,,,
MSR,North America,Montserrat,2020-12-12,13,0,0,1,0,0,2610,0,0,201,0,0,,,,,,,,,,,,,,,,,,,,,,,,,,,,,,,,,4981,,,,,,,,,,,,,74,,,,,
MSR,North America,Montserrat,2020-12-13,13,0,0,1,0,0,2610,0,0,201,0,0,,,,,,,,,,,,,,,,,,,,,,,,,,,,,,,,,4981,,,,,,,,,,,,,74,,,,,
MSR,North America,Montserrat,2020-12-14,13,0,0,1,0,0,2610,0,0,201,0,0,,,,,,,,,,,,,,,,,,,,,,,,,,,,,,,,,4981,,,,,,,,,,,,,74,,,,,
MSR,North America,Montserrat,2020-12-15,13,0,0,1,0,0,2610,0,0,201,0,0,,,,,,,,,,,,,,,,,,,,,,,,,,,,,,,,,4981,,,,,,,,,,,,,74,,,,,
MSR,North America,Montserrat,2020-12-16,13,0,0,1,0,0,2610,0,0,201,0,0,,,,,,,,,,,,,,,,,,,,,,,,,,,,,,,,,4981,,,,,,,,,,,,,74,,,,,
MSR,North America,Montserrat,2020-12-17,13,0,0,1,0,0,2610,0,0,201,0,0,,,,,,,,,,,,,,,,,,,,,,,,,,,,,,,,,4981,,,,,,,,,,,,,74,,,,,
MSR,North America,Montserrat,2020-12-18,13,0,0,1,0,0,2610,0,0,201,0,0,,,,,,,,,,,,,,,,,,,,,,,,,,,,,,,,,4981,,,,,,,,,,,,,74,,,,,
MSR,North America,Montserrat,2020-12-19,13,0,0,1,0,0,2610,0,0,201,0,0,,,,,,,,,,,,,,,,,,,,,,,,,,,,,,,,,4981,,,,,,,,,,,,,74,,,,,
MSR,North America,Montserrat,2020-12-20,13,0,0,1,0,0,2610,0,0,201,0,0,,,,,,,,,,,,,,,,,,,,,,,,,,,,,,,,,4981,,,,,,,,,,,,,74,,,,,
MSR,North America,Montserrat,2020-12-21,13,0,0,1,0,0,2610,0,0,201,0,0,,,,,,,,,,,,,,,,,,,,,,,,,,,,,,,,,4981,,,,,,,,,,,,,74,,,,,
MSR,North America,Montserrat,2020-12-22,13,0,0,1,0,0,2610,0,0,201,0,0,,,,,,,,,,,,,,,,,,,,,,,,,,,,,,,,,4981,,,,,,,,,,,,,74,,,,,
MSR,North America,Montserrat,2020-12-23,13,0,0,1,0,0,2610,0,0,201,0,0,,,,,,,,,,,,,,,,,,,,,,,,,,,,,,,,,4981,,,,,,,,,,,,,74,,,,,
MSR,North America,Montserrat,2020-12-24,13,0,0,1,0,0,2610,0,0,201,0,0,,,,,,,,,,,,,,,,,,,,,,,,,,,,,,,,,4981,,,,,,,,,,,,,74,,,,,
MSR,North America,Montserrat,2020-12-25,13,0,0,1,0,0,2610,0,0,201,0,0,,,,,,,,,,,,,,,,,,,,,,,,,,,,,,,,,4981,,,,,,,,,,,,,74,,,,,
MSR,North America,Montserrat,2020-12-26,13,0,0,1,0,0,2610,0,0,201,0,0,,,,,,,,,,,,,,,,,,,,,,,,,,,,,,,,,4981,,,,,,,,,,,,,74,,,,,
MSR,North America,Montserrat,2020-12-27,13,0,0,1,0,0,2610,0,0,201,0,0,,,,,,,,,,,,,,,,,,,,,,,,,,,,,,,,,4981,,,,,,,,,,,,,74,,,,,
MSR,North America,Montserrat,2020-12-28,13,0,0,1,0,0,2610,0,0,201,0,0,,,,,,,,,,,,,,,,,,,,,,,,,,,,,,,,,4981,,,,,,,,,,,,,74,,,,,
MSR,North America,Montserrat,2020-12-29,13,0,0,1,0,0,2610,0,0,201,0,0,,,,,,,,,,,,,,,,,,,,,,,,,,,,,,,,,4981,,,,,,,,,,,,,74,,,,,
MSR,North America,Montserrat,2020-12-30,13,0,0,1,0,0,2610,0,0,201,0,0,,,,,,,,,,,,,,,,,,,,,,,,,,,,,,,,,4981,,,,,,,,,,,,,74,,,,,
MSR,North America,Montserrat,2020-12-31,13,0,0,1,0,0,2610,0,0,201,0,0,,,,,,,,,,,,,,,,,,,,,,,,,,,,,,,,,4981,,,,,,,,,,,,,74,,,,,
MSR,North America,Montserrat,2021-01-01,13,0,0,1,0,0,2610,0,0,201,0,0,,,,,,,,,,,,,,,,,,,,,,,,,,,,,,,,,4981,,,,,,,,,,,,,74,,,,,
MSR,North America,Montserrat,2021-01-02,13,0,0,1,0,0,2610,0,0,201,0,0,,,,,,,,,,,,,,,,,,,,,,,,,,,,,,,,,4981,,,,,,,,,,,,,74,,,,,
MSR,North America,Montserrat,2021-01-03,13,0,0,1,0,0,2610,0,0,201,0,0,,,,,,,,,,,,,,,,,,,,,,,,,,,,,,,,,4981,,,,,,,,,,,,,74,,,,,
MSR,North America,Montserrat,2021-01-04,13,0,0,1,0,0,2610,0,0,201,0,0,,,,,,,,,,,,,,,,,,,,,,,,,,,,,,,,,4981,,,,,,,,,,,,,74,,,,,
MSR,North America,Montserrat,2021-01-05,13,0,0,1,0,0,2610,0,0,201,0,0,,,,,,,,,,,,,,,,,,,,,,,,,,,,,,,,,4981,,,,,,,,,,,,,74,,,,,
MSR,North America,Montserrat,2021-01-06,13,0,0,1,0,0,2610,0,0,201,0,0,,,,,,,,,,,,,,,,,,,,,,,,,,,,,,,,,4981,,,,,,,,,,,,,74,,,,,
MSR,North America,Montserrat,2021-01-07,13,0,0,1,0,0,2610,0,0,201,0,0,,,,,,,,,,,,,,,,,,,,,,,,,,,,,,,,,4981,,,,,,,,,,,,,74,,,,,
MSR,North America,Montserrat,2021-01-08,13,0,0,1,0,0,2610,0,0,201,0,0,,,,,,,,,,,,,,,,,,,,,,,,,,,,,,,,,4981,,,,,,,,,,,,,74,,,,,
MSR,North America,Montserrat,2021-01-09,13,0,0,1,0,0,2610,0,0,201,0,0,,,,,,,,,,,,,,,,,,,,,,,,,,,,,,,,,4981,,,,,,,,,,,,,74,,,,,
MSR,North America,Montserrat,2021-01-10,13,0,0,1,0,0,2610,0,0,201,0,0,,,,,,,,,,,,,,,,,,,,,,,,,,,,,,,,,4981,,,,,,,,,,,,,74,,,,,
MSR,North America,Montserrat,2021-01-11,13,0,0,1,0,0,2610,0,0,201,0,0,,,,,,,,,,,,,,,,,,,,,,,,,,,,,,,,,4981,,,,,,,,,,,,,74,,,,,
MSR,North America,Montserrat,2021-01-12,13,0,0,1,0,0,2610,0,0,201,0,0,,,,,,,,,,,,,,,,,,,,,,,,,,,,,,,,,4981,,,,,,,,,,,,,74,,,,,
MSR,North America,Montserrat,2021-01-13,13,0,0,1,0,0,2610,0,0,201,0,0,,,,,,,,,,,,,,,,,,,,,,,,,,,,,,,,,4981,,,,,,,,,,,,,74,,,,,
MSR,North America,Montserrat,2021-01-14,13,0,0,1,0,0,2610,0,0,201,0,0,,,,,,,,,,,,,,,,,,,,,,,,,,,,,,,,,4981,,,,,,,,,,,,,74,,,,,
MSR,North America,Montserrat,2021-01-15,13,0,0,1,0,0,2610,0,0,201,0,0,,,,,,,,,,,,,,,,,,,,,,,,,,,,,,,,,4981,,,,,,,,,,,,,74,,,,,
MSR,North America,Montserrat,2021-01-16,13,0,0,1,0,0,2610,0,0,201,0,0,,,,,,,,,,,,,,,,,,,,,,,,,,,,,,,,,4981,,,,,,,,,,,,,74,,,,,
MSR,North America,Montserrat,2021-01-17,13,0,0,1,0,0,2610,0,0,201,0,0,,,,,,,,,,,,,,,,,,,,,,,,,,,,,,,,,4981,,,,,,,,,,,,,74,,,,,
MSR,North America,Montserrat,2021-01-18,13,0,0,1,0,0,2610,0,0,201,0,0,,,,,,,,,,,,,,,,,,,,,,,,,,,,,,,,,4981,,,,,,,,,,,,,74,,,,,
MSR,North America,Montserrat,2021-01-19,13,0,0,1,0,0,2610,0,0,201,0,0,,,,,,,,,,,,,,,,,,,,,,,,,,,,,,,,,4981,,,,,,,,,,,,,74,,,,,
MSR,North America,Montserrat,2021-01-20,13,0,0,1,0,0,2610,0,0,201,0,0,,,,,,,,,,,,,,,,,,,,,,,,,,,,,,,,,4981,,,,,,,,,,,,,74,,,,,
MSR,North America,Montserrat,2021-01-21,13,0,0,1,0,0,2610,0,0,201,0,0,,,,,,,,,,,,,,,,,,,,,,,,,,,,,,,,,4981,,,,,,,,,,,,,74,,,,,
MSR,North America,Montserrat,2021-01-22,13,0,0,1,0,0,2610,0,0,201,0,0,,,,,,,,,,,,,,,,,,,,,,,,,,,,,,,,,4981,,,,,,,,,,,,,74,,,,,
MSR,North America,Montserrat,2021-01-23,13,0,0,1,0,0,2610,0,0,201,0,0,,,,,,,,,,,,,,,,,,,,,,,,,,,,,,,,,4981,,,,,,,,,,,,,74,,,,,
MSR,North America,Montserrat,2021-01-24,13,0,0,1,0,0,2610,0,0,201,0,0,,,,,,,,,,,,,,,,,,,,,,,,,,,,,,,,,4981,,,,,,,,,,,,,74,,,,,
MSR,North America,Montserrat,2021-01-25,13,0,0,1,0,0,2610,0,0,201,0,0,,,,,,,,,,,,,,,,,,,,,,,,,,,,,,,,,4981,,,,,,,,,,,,,74,,,,,
MSR,North America,Montserrat,2021-01-26,13,0,0,1,0,0,2610,0,0,201,0,0,,,,,,,,,,,,,,,,,,,,,,,,,,,,,,,,,4981,,,,,,,,,,,,,74,,,,,
MSR,North America,Montserrat,2021-01-27,13,0,0,1,0,0,2610,0,0,201,0,0,,,,,,,,,,,,,,,,,,,,,,,,,,,,,,,,,4981,,,,,,,,,,,,,74,,,,,
MSR,North America,Montserrat,2021-01-28,13,0,0,1,0,0,2610,0,0,201,0,0,,,,,,,,,,,,,,,,,,,,,,,,,,,,,,,,,4981,,,,,,,,,,,,,74,,,,,
MSR,North America,Montserrat,2021-01-29,13,0,0,1,0,0,2610,0,0,201,0,0,,,,,,,,,,,,,,,,,,,,,,,,,,,,,,,,,4981,,,,,,,,,,,,,74,,,,,
MSR,North America,Montserrat,2021-01-30,13,0,0,1,0,0,2610,0,0,201,0,0,,,,,,,,,,,,,,,,,,,,,,,,,,,,,,,,,4981,,,,,,,,,,,,,74,,,,,
MSR,North America,Montserrat,2021-01-31,13,0,0,1,0,0,2610,0,0,201,0,0,,,,,,,,,,,,,,,,,,,,,,,,,,,,,,,,,4981,,,,,,,,,,,,,74,,,,,
MSR,North America,Montserrat,2021-02-01,13,0,0,1,0,0,2610,0,0,201,0,0,,,,,,,,,,,,,,,,,,,,,,,,,,,,,,,,,4981,,,,,,,,,,,,,74,,,,,
MSR,North America,Montserrat,2021-02-02,13,0,0,1,0,0,2610,0,0,201,0,0,,,,,,,,,,,,,,,,,,,,,,,,,,,,,,,,,4981,,,,,,,,,,,,,74,,,,,
MSR,North America,Montserrat,2021-02-03,13,0,0,1,0,0,2610,0,0,201,0,0,,,,,,,,,,,,,,,,,,,,,,,,,,,,,,,,,4981,,,,,,,,,,,,,74,,,,,
MSR,North America,Montserrat,2021-02-04,13,0,0,1,0,0,2610,0,0,201,0,0,,,,,,,,,,,,,,,,,,,,,,,,,,,,,,,,,4981,,,,,,,,,,,,,74,,,,,
MSR,North America,Montserrat,2021-02-05,13,0,0,1,0,0,2610,0,0,201,0,0,,,,,,,,,,,,,,,,,,,,,,,,,,,,,,,,,4981,,,,,,,,,,,,,74,,,,,
MSR,North America,Montserrat,2021-02-06,15,2,0,1,0,0,3011,402,57,201,0,0,,,,,,,,,,,,,,,,,,,,,,,,,,,,,,,,,4981,,,,,,,,,,,,,74,,,,,
MSR,North America,Montserrat,2021-02-07,17,2,1,1,0,0,3413,402,115,201,0,0,,,,,,,,,,,,,,,,,,,,,,,,,,,,,,,,,4981,,,,,,,,,,,,,74,,,,,
MSR,North America,Montserrat,2021-02-08,18,1,1,1,0,0,3614,201,143,201,0,0,,,,,,,,,,,,,,,,,,,0,0,,,,,0,0,,,,,,,4981,,,,,,,,,,,,,74,,,,,
MSR,North America,Montserrat,2021-02-09,18,0,1,1,0,0,3614,0,143,201,0,0,,,,,,,,,,,,,,,,,,,,,,,,43,,,,,8633,43,1,,4981,,,,,,,,,,,,,74,,,,,
MSR,North America,Montserrat,2021-02-10,18,0,1,1,0,0,3614,0,143,201,0,0,,,,,,,,,,,,,,,,,,,,,,,,43,,,,,8633,43,1,,4981,,,,,,,,,,,,,74,,,,,
MSR,North America,Montserrat,2021-02-11,19,1,1,1,0,0,3814,201,172,201,0,0,,,,,,,,,,,,,,,,,,,,,,,,43,,,,,8633,43,1,,4981,,,,,,,,,,,,,74,,,,,
MSR,North America,Montserrat,2021-02-12,19,0,1,1,0,0,3814,0,172,201,0,0,,,,,,,,,,,,,,,,,,,,,,,,43,,,,,8633,43,1,,4981,,,,,,,,,,,,,74,,,,,
MSR,North America,Montserrat,2021-02-13,19,0,1,1,0,0,3814,0,115,201,0,0,,,,,,,,,,,,,,,,,,,,,,,,43,,,,,8633,43,1,,4981,,,,,,,,,,,,,74,,,,,
MSR,North America,Montserrat,2021-02-14,20,1,0,1,0,0,4015,201,86,201,0,0,,,,,,,,,,,,,,,,,,,,,,,,43,,,,,8633,43,1,,4981,,,,,,,,,,,,,74,,,,,
MSR,North America,Montserrat,2021-02-15,20,0,0,1,0,0,4015,0,57,201,0,0,,,,,,,,,,,,,,,,,,,,,,,,43,,,,,8633,43,1,,4981,,,,,,,,,,,,,74,,,,,
MSR,North America,Montserrat,2021-02-16,20,0,0,1,0,0,4015,0,57,201,0,0,,,,,,,,,,,,,,,,,,,,,,,,43,,,,,8633,43,1,,4981,,,,,,,,,,,,,74,,,,,
MSR,North America,Montserrat,2021-02-17,20,0,0,1,0,0,4015,0,57,201,0,0,,,,,,,,,,,,,,,,,,,,,,,,43,,,,,8633,43,1,,4981,,,,,,,,,,,,,74,,,,,
MSR,North America,Montserrat,2021-02-18,20,0,0,1,0,0,4015,0,29,201,0,0,,,,,,,,,,,,,,,,,,,,,,,,43,,,,,8633,43,1,,4981,,,,,,,,,,,,,74,,,,,
MSR,North America,Montserrat,2021-02-19,20,0,0,1,0,0,4015,0,29,201,0,0,,,,,,,,,,,,,,,,,,,,,,,,43,,,,,8633,43,1,,4981,,,,,,,,,,,,,74,,,,,
MSR,North America,Montserrat,2021-02-20,20,0,0,1,0,0,4015,0,29,201,0,0,,,,,,,,,,,,,,,,,,,,,,,,43,,,,,8633,43,1,,4981,,,,,,,,,,,,,74,,,,,
MSR,North America,Montserrat,2021-02-21,20,0,0,1,0,0,4015,0,0,201,0,0,,,,,,,,,,,,,,,,,,,,,,,,43,,,,,8633,43,1,,4981,,,,,,,,,,,,,74,,,,,
MSR,North America,Montserrat,2021-02-22,20,0,0,1,0,0,4015,0,0,201,0,0,,,,,,,,,,,,,,,,,,,,,,,,43,,,,,8633,43,1,,4981,,,,,,,,,,,,,74,,,,,
MSR,North America,Montserrat,2021-02-23,20,0,0,1,0,0,4015,0,0,201,0,0,,,,,,,,,,,,,,,,,,,652,652,,,,43,13,13,,,8633,43,1,,4981,,,,,,,,,,,,,74,,,,,
MSR,North America,Montserrat,2021-02-24,20,0,0,1,0,0,4015,0,0,201,0,0,,,,,,,,,,,,,,,,,,,,,,,,40,,,,,8031,40,1,,4981,,,,,,,,,,,,,74,,,,,
MSR,North America,Montserrat,2021-02-25,20,0,0,1,0,0,4015,0,0,201,0,0,,,,,,,,,,,,,,,,,,,,,,,,36,,,,,7227,36,1,,4981,,,,,,,,,,,,,74,,,,,
MSR,North America,Montserrat,2021-02-26,20,0,0,1,0,0,4015,0,0,201,0,0,,,,,,,,,,,,,,,,,,,,,,,,33,,,,,6625,32,1,,4981,,,,,,,,,,,,,74,,,,,
MSR,North America,Montserrat,2021-02-27,20,0,0,1,0,0,4015,0,0,201,0,0,,,,,,,,,,,,,,,,,,,,,,,,29,,,,,5822,28,1,,4981,,,,,,,,,,,,,74,,,,,
MSR,North America,Montserrat,2021-02-28,20,0,0,1,0,0,4015,0,0,201,0,0,,,,,,,,,,,,,,,,,,,,,,,,26,,,,,5220,24,0,,4981,,,,,,,,,,,,,74,,,,,
MSR,North America,Montserrat,2021-03-01,20,0,0,1,0,0,4015,0,0,201,0,0,,,,,,,,,,,,,,,,,,,,,,,,22,,,,,4417,20,0,,4981,,,,,,,,,,,,,74,,,,,
MSR,North America,Montserrat,2021-03-02,20,0,0,1,0,0,4015,0,0,201,0,0,,,,,,,,,,,,,,,,,,,,,,,,19,,,,,3814,16,0,,4981,,,,,,,,,,,,,74,,,,,
MSR,North America,Montserrat,2021-03-03,20,0,0,1,0,0,4015,0,0,201,0,0,,,,,,,,,,,,,,,,,,,,,,,,19,,,,,3814,16,0,,4981,,,,,,,,,,,,,74,,,,,
MSR,North America,Montserrat,2021-03-04,20,0,0,1,0,0,4015,0,0,201,0,0,,,,,,,,,,,,,,,,,,,,,,,,19,,,,,3814,16,0,,4981,,,,,,,,,,,,,74,,,,,
MSR,North America,Montserrat,2021-03-05,20,0,0,1,0,0,4015,0,0,201,0,0,,,,,,,,,,,,,,,,,,,,,,,,19,,,,,3814,16,0,,4981,,,,,,,,,,,,,74,,,,,
MSR,North America,Montserrat,2021-03-06,20,0,0,1,0,0,4015,0,0,201,0,0,,,,,,,,,,,,,,,,,,,,,,,,19,,,,,3814,16,0,,4981,,,,,,,,,,,,,74,,,,,
MSR,North America,Montserrat,2021-03-07,20,0,0,1,0,0,4015,0,0,201,0,0,,,,,,,,,,,,,,,,,,,,,,,,19,,,,,3814,16,0,,4981,,,,,,,,,,,,,74,,,,,
MSR,North America,Montserrat,2021-03-08,20,0,0,1,0,0,4015,0,0,201,0,0,,,,,,,,,,,,,,,,,,,,,,,,19,,,,,3814,16,0,,4981,,,,,,,,,,,,,74,,,,,
MSR,North America,Montserrat,2021-03-09,20,0,0,1,0,0,4015,0,0,201,0,0,,,,,,,,,,,,,,,,,,,,,,,,19,,,,,3814,16,0,,4981,,,,,,,,,,,,,74,,,,,
MSR,North America,Montserrat,2021-03-10,20,0,0,1,0,0,4015,0,0,201,0,0,,,,,,,,,,,,,,,,,,,932,892,40,,,19,19,18,1,,3814,16,0,,4981,,,,,,,,,,,,,74,,,,,
MSR,North America,Montserrat,2021-03-11,20,0,0,1,0,0,4015,0,0,201,0,0,,,,,,,,,,,,,,,,,,,,,,,,24,,,,,4818,18,0,,4981,,,,,,,,,,,,,74,,,,,
MSR,North America,Montserrat,2021-03-12,20,0,0,1,0,0,4015,0,0,201,0,0,,,,,,,,,,,,,,,,,,,,,,,,29,,,,,5822,20,0,,4981,,,,,,,,,,,,,74,,,,,
MSR,North America,Montserrat,2021-03-13,20,0,0,1,0,0,4015,0,0,201,0,0,,,,,,,,,,,,,,,,,,,,,,,,34,,,,,6826,23,0,,4981,,,,,,,,,,,,,74,,,,,
MSR,North America,Montserrat,2021-03-14,20,0,0,1,0,0,4015,0,0,201,0,0,,,,,,,,,,,,,,,,,,,,,,,,39,,,,,7830,25,1,,4981,,,,,,,,,,,,,74,,,,,
MSR,North America,Montserrat,2021-03-15,20,0,0,1,0,0,4015,0,0,201,0,0,,,,,,,,,,,,,,,,,,,,,,,,43,,,,,8633,27,1,,4981,,,,,,,,,,,,,74,,,,,
MSR,North America,Montserrat,2021-03-16,20,0,0,1,0,0,4015,0,0,201,0,0,,,,,,,,,,,,,,,,,,,,,,,,48,,,,,9637,29,1,,4981,,,,,,,,,,,,,74,,,,,
MSR,North America,Montserrat,2021-03-17,20,0,0,1,0,0,4015,0,0,201,0,0,,,,,,,,,,,,,,,,,,,1306,1112,194,,,53,26,22,4,,10640,31,1,,4981,,,,,,,,,,,,,74,,,,,
MSR,North America,Montserrat,2021-03-18,20,0,0,1,0,0,4015,0,0,201,0,0,,,,,,,,,,,,,,,,,,,,,,,,48,,,,,9637,29,1,,4981,,,,,,,,,,,,,74,,,,,
MSR,North America,Montserrat,2021-03-19,20,0,0,1,0,0,4015,0,0,201,0,0,,,,,,,,,,,,,,,,,,,,,,,,43,,,,,8633,26,1,,4981,,,,,,,,,,,,,74,,,,,
MSR,North America,Montserrat,2021-03-20,20,0,0,1,0,0,4015,0,0,201,0,0,,,,,,,,,,,,,,,,,,,,,,,,38,,,,,7629,23,0,,4981,,,,,,,,,,,,,74,,,,,
MSR,North America,Montserrat,2021-03-21,20,0,0,1,0,0,4015,0,0,201,0,0,,,,,,,,,,,,,,,,,,,,,,,,33,,,,,6625,20,0,,4981,,,,,,,,,,,,,74,,,,,
MSR,North America,Montserrat,2021-03-22,20,0,0,1,0,0,4015,0,0,201,0,0,,,,,,,,,,,,,,,,,,,,,,,,27,,,,,5421,17,0,,4981,,,,,,,,,,,,,74,,,,,
MSR,North America,Montserrat,2021-03-23,20,0,0,1,0,0,4015,0,0,201,0,0,,,,,,,,,,,,,,,,,,,,,,,,22,,,,,4417,14,0,,4981,,,,,,,,,,,,,74,,,,,
MSR,North America,Montserrat,2021-03-24,20,0,0,1,0,0,4015,0,0,201,0,0,,,,,,,,,,,,,,,,,,,,,,,,17,,,,,3413,11,0,,4981,,,,,,,,,,,,,74,,,,,
MSR,North America,Montserrat,2021-03-25,20,0,0,1,0,0,4015,0,0,201,0,0,,,,,,,,,,,,,,,,,,,,,,,,17,,,,,3413,11,0,,4981,,,,,,,,,,,,,74,,,,,
MSR,North America,Montserrat,2021-03-26,20,0,0,1,0,0,4015,0,0,201,0,0,,,,,,,,,,,,,,,,,,,,,,,,17,,,,,3413,11,0,,4981,,,,,,,,,,,,,74,,,,,
MSR,North America,Montserrat,2021-03-27,20,0,0,1,0,0,4015,0,0,201,0,0,,,,,,,,,,,,,,,,,,,,,,,,17,,,,,3413,11,0,,4981,,,,,,,,,,,,,74,,,,,
MSR,North America,Montserrat,2021-03-28,20,0,0,1,0,0,4015,0,0,201,0,0,,,,,,,,,,,,,,,,,,,,,,,,17,,,,,3413,11,0,,4981,,,,,,,,,,,,,74,,,,,
MSR,North America,Montserrat,2021-03-29,20,0,0,1,0,0,4015,0,0,201,0,0,,,,,,,,,,,,,,,,,,,,,,,,17,,,,,3413,11,0,,4981,,,,,,,,,,,,,74,,,,,
MSR,North America,Montserrat,2021-03-30,20,0,0,1,0,0,4015,0,0,201,0,0,,,,,,,,,,,,,,,,,,,,,,,,17,,,,,3413,11,0,,4981,,,,,,,,,,,,,74,,,,,
MSR,North America,Montserrat,2021-03-31,20,0,0,1,0,0,4015,0,0,201,0,0,,,,,,,,,,,,,,,,,,,1542,1266,276,,,17,31,25,6,,3413,11,0,,4981,,,,,,,,,,,,,74,,,,,
MSR,North America,Montserrat,2021-04-01,20,0,0,1,0,0,4015,0,0,201,0,0,,,,,,,,,,,,,,,,,,,,,,,,17,,,,,3413,10,0,,4981,,,,,,,,,,,,,74,,,,,
MSR,North America,Montserrat,2021-04-02,20,0,0,1,0,0,4015,0,0,201,0,0,,,,,,,,,,,,,,,,,,,,,,,,16,,,,,3212,8,0,,4981,,,,,,,,,,,,,74,,,,,
MSR,North America,Montserrat,2021-04-03,20,0,0,1,0,0,4015,0,0,201,0,0,,,,,,,,,,,,,,,,,,,,,,,,16,,,,,3212,7,0,,4981,,,,,,,,,,,,,74,,,,,
MSR,North America,Montserrat,2021-04-04,20,0,0,1,0,0,4015,0,0,201,0,0,,,,,,,,,,,,,,,,,,,,,,,,16,,,,,3212,5,0,,4981,,,,,,,,,,,,,74,,,,,
MSR,North America,Montserrat,2021-04-05,20,0,0,1,0,0,4015,0,0,201,0,0,,,,,,,,,,,,,,,,,,,,,,,,15,,,,,3011,4,0,,4981,,,,,,,,,,,,,74,,,,,
MSR,North America,Montserrat,2021-04-06,20,0,0,1,0,0,4015,0,0,201,0,0,,,,,,,,,,,,,,,,,,,,,,,,15,,,,,3011,3,0,,4981,,,,,,,,,,,,,74,,,,,
MSR,North America,Montserrat,2021-04-07,20,0,0,1,0,0,4015,0,0,201,0,0,,,,,,,,,,,,,,,,,,,,,,,,15,,,,,3011,1,0,,4981,,,,,,,,,,,,,74,,,,,
MSR,North America,Montserrat,2021-04-08,20,0,0,1,0,0,4015,0,0,201,0,0,,,,,,,,,,,,,,,,,,,,,,,,15,,,,,3011,1,0,,4981,,,,,,,,,,,,,74,,,,,
MSR,North America,Montserrat,2021-04-09,20,0,0,1,0,0,4015,0,0,201,0,0,,,,,,,,,,,,,,,,,,,,,,,,15,,,,,3011,1,0,,4981,,,,,,,,,,,,,74,,,,,
MSR,North America,Montserrat,2021-04-10,20,0,0,1,0,0,4015,0,0,201,0,0,,,,,,,,,,,,,,,,,,,,,,,,15,,,,,3011,1,0,,4981,,,,,,,,,,,,,74,,,,,
MSR,North America,Montserrat,2021-04-11,20,0,0,1,0,0,4015,0,0,201,0,0,,,,,,,,,,,,,,,,,,,,,,,,15,,,,,3011,1,0,,4981,,,,,,,,,,,,,74,,,,,
MSR,North America,Montserrat,2021-04-12,20,0,0,1,0,0,4015,0,0,201,0,0,,,,,,,,,,,,,,,,,,,,,,,,15,,,,,3011,1,0,,4981,,,,,,,,,,,,,74,,,,,
MSR,North America,Montserrat,2021-04-13,20,0,0,1,0,0,4015,0,0,201,0,0,,,,,,,,,,,,,,,,,,,,,,,,15,,,,,3011,1,0,,4981,,,,,,,,,,,,,74,,,,,
MSR,North America,Montserrat,2021-04-14,20,0,0,1,0,0,4015,0,0,201,0,0,,,,,,,,,,,,,,,,,,,1751,1284,467,,,15,35,26,9,,3011,1,0,,4981,,,,,,,,,,,,,74,,,,,
MSR,North America,Montserrat,2021-04-15,20,0,0,1,0,0,4015,0,0,201,0,0,,,,,,,,,,,,,,,,,,,,,,,,16,,,,,3212,1,0,,4981,,,,,,,,,,,,,74,,,,,
MSR,North America,Montserrat,2021-04-16,20,0,0,1,0,0,4015,0,0,201,0,0,,,,,,,,,,,,,,,,,,,,,,,,17,,,,,3413,1,0,,4981,,,,,,,,,,,,,74,,,,,
MSR,North America,Montserrat,2021-04-17,20,0,0,1,0,0,4015,0,0,201,0,0,,,,,,,,,,,,,,,,,,,,,,,,18,,,,,3614,1,0,,4981,,,,,,,,,,,,,74,,,,,
MSR,North America,Montserrat,2021-04-18,20,0,0,1,0,0,4015,0,0,201,0,0,,,,,,,,,,,,,,,,,,,,,,,,19,,,,,3814,1,0,,4981,,,,,,,,,,,,,74,,,,,
MSR,North America,Montserrat,2021-04-19,20,0,0,1,0,0,4015,0,0,201,0,0,,,,,,,,,,,,,,,,,,,,,,,,20,,,,,4015,1,0,,4981,,,,,,,,,,,,,74,,,,,
MSR,North America,Montserrat,2021-04-20,20,0,0,1,0,0,4015,0,0,201,0,0,,,,,,,,,,,,,,,,,,,,,,,,21,,,,,4216,1,0,,4981,,,,,,,,,,,,,74,,,,,
MSR,North America,Montserrat,2021-04-21,20,0,0,1,0,0,4015,0,0,201,0,0,,,,,,,,,,,,,,,,,,,1909,1293,616,,,23,38,26,12,,4618,1,0,,4981,,,,,,,,,,,,,74,,,,,
MSR,North America,Montserrat,2021-04-22,20,0,0,1,0,0,4015,0,0,201,0,0,,,,,,,,,,,,,,,,,,,,,,,,22,,,,,4417,1,0,,4981,,,,,,,,,,,,,74,,,,,
MSR,North America,Montserrat,2021-04-23,20,0,0,1,0,0,4015,0,0,201,0,0,,,,,,,,,,,,,,,,,,,,,,,,21,,,,,4216,1,0,,4981,,,,,,,,,,,,,74,,,,,
MSR,North America,Montserrat,2021-04-24,20,0,0,1,0,0,4015,0,0,201,0,0,,,,,,,,,,,,,,,,,,,,,,,,20,,,,,4015,1,0,,4981,,,,,,,,,,,,,74,,,,,
MSR,North America,Montserrat,2021-04-25,20,0,0,1,0,0,4015,0,0,201,0,0,,,,,,,,,,,,,,,,,,,,,,,,20,,,,,4015,1,0,,4981,,,,,,,,,,,,,74,,,,,
MSR,North America,Montserrat,2021-04-26,20,0,0,1,0,0,4015,0,0,201,0,0,,,,,,,,,,,,,,,,,,,,,,,,19,,,,,3814,2,0,,4981,,,,,,,,,,,,,74,,,,,
MSR,North America,Montserrat,2021-04-27,20,0,0,1,0,0,4015,0,0,201,0,0,,,,,,,,,,,,,,,,,,,,,,,,18,,,,,3614,2,0,,4981,,,,,,,,,,,,,74,,,,,
MSR,North America,Montserrat,2021-04-28,20,0,0,1,0,0,4015,0,0,201,0,0,,,,,,,,,,,,,,,,,,,,,,,,17,,,,,3413,2,0,,4981,,,,,,,,,,,,,74,,,,,
MSR,North America,Montserrat,2021-04-29,20,0,0,1,0,0,4015,0,0,201,0,0,,,,,,,,,,,,,,,,,,,,,,,,17,,,,,3413,2,0,,4981,,,,,,,,,,,,,74,,,,,
MSR,North America,Montserrat,2021-04-30,20,0,0,1,0,0,4015,0,0,201,0,0,,,,,,,,,,,,,,,,,,,,,,,,17,,,,,3413,2,0,,4981,,,,,,,,,,,,,74,,,,,
MSR,North America,Montserrat,2021-05-01,20,0,0,1,0,0,4015,0,0,201,0,0,,,,,,,,,,,,,,,,,,,,,,,,17,,,,,3413,2,0,,4981,,,,,,,,,,,,,74,,,,,
MSR,North America,Montserrat,2021-05-02,20,0,0,1,0,0,4015,0,0,201,0,0,,,,,,,,,,,,,,,,,,,,,,,,17,,,,,3413,2,0,,4981,,,,,,,,,,,,,74,,,,,
MSR,North America,Montserrat,2021-05-03,20,0,0,1,0,0,4015,0,0,201,0,0,,,,,,,,,,,,,,,,,,,,,,,,17,,,,,3413,2,0,,4981,,,,,,,,,,,,,74,,,,,
MSR,North America,Montserrat,2021-05-04,20,0,0,1,0,0,4015,0,0,201,0,0,,,,,,,,,,,,,,,,,,,,,,,,17,,,,,3413,2,0,,4981,,,,,,,,,,,,,74,,,,,
MSR,North America,Montserrat,2021-05-05,20,0,0,1,0,0,4015,0,0,201,0,0,,,,,,,,,,,,,,,,,,,,,,,,17,,,,,3413,2,0,,4981,,,,,,,,,,,,,74,,,,,
MSR,North America,Montserrat,2021-05-06,20,0,0,1,0,0,4015,0,0,201,0,0,,,,,,,,,,,,,,,,,,,,,,,,17,,,,,3413,2,0,,4981,,,,,,,,,,,,,74,,,,,
MSR,North America,Montserrat,2021-05-07,20,0,0,1,0,0,4015,0,0,201,0,0,,,,,,,,,,,,,,,,,,,,,,,,17,,,,,3413,2,0,,4981,,,,,,,,,,,,,74,,,,,
MSR,North America,Montserrat,2021-05-08,20,0,0,1,0,0,4015,0,0,201,0,0,,,,,,,,,,,,,,,,,,,,,,,,17,,,,,3413,2,0,,4981,,,,,,,,,,,,,74,,,,,
MSR,North America,Montserrat,2021-05-09,20,0,0,1,0,0,4015,0,0,201,0,0,,,,,,,,,,,,,,,,,,,,,,,,17,,,,,3413,2,0,,4981,,,,,,,,,,,,,74,,,,,
MSR,North America,Montserrat,2021-05-10,20,0,0,1,0,0,4015,0,0,201,0,0,,,,,,,,,,,,,,,,,,,,,,,,17,,,,,3413,2,0,,4981,,,,,,,,,,,,,74,,,,,
MSR,North America,Montserrat,2021-05-11,20,0,0,1,0,0,4015,0,0,201,0,0,,,,,,,,,,,,,,,,,,,,,,,,17,,,,,3413,2,0,,4981,,,,,,,,,,,,,74,,,,,
MSR,North America,Montserrat,2021-05-12,20,0,0,1,0,0,4015,0,0,201,0,0,,,,,,,,,,,,,,,,,,,,,,,,17,,,,,3413,2,0,,4981,,,,,,,,,,,,,74,,,,,
MSR,North America,Montserrat,2021-05-13,20,0,0,1,0,0,4015,0,0,201,0,0,,,,,,,,,,,,,,,,,,,,,,,,17,,,,,3413,2,0,,4981,,,,,,,,,,,,,74,,,,,
MSR,North America,Montserrat,2021-05-14,20,0,0,1,0,0,4015,0,0,201,0,0,,,,,,,,,,,,,,,,,,,,,,,,17,,,,,3413,2,0,,4981,,,,,,,,,,,,,74,,,,,
MSR,North America,Montserrat,2021-05-15,20,0,0,1,0,0,4015,0,0,201,0,0,,,,,,,,,,,,,,,,,,,,,,,,17,,,,,3413,2,0,,4981,,,,,,,,,,,,,74,,,,,
MSR,North America,Montserrat,2021-05-16,20,0,0,1,0,0,4015,0,0,201,0,0,,,,,,,,,,,,,,,,,,,,,,,,17,,,,,3413,2,0,,4981,,,,,,,,,,,,,74,,,,,
MSR,North America,Montserrat,2021-05-17,20,0,0,1,0,0,4015,0,0,201,0,0,,,,,,,,,,,,,,,,,,,,,,,,17,,,,,3413,2,0,,4981,,,,,,,,,,,,,74,,,,,
MSR,North America,Montserrat,2021-05-18,20,0,0,1,0,0,4015,0,0,201,0,0,,,,,,,,,,,,,,,,,,,,,,,,17,,,,,3413,2,0,,4981,,,,,,,,,,,,,74,,,,,
MSR,North America,Montserrat,2021-05-19,20,0,0,1,0,0,4015,0,0,201,0,0,,,,,,,,,,,,,,,,,,,,,,,,17,,,,,3413,2,0,,4981,,,,,,,,,,,,,74,,,,,
MSR,North America,Montserrat,2021-05-20,20,0,0,1,0,0,4015,0,0,201,0,0,,,,,,,,,,,,,,,,,,,,,,,,17,,,,,3413,2,0,,4981,,,,,,,,,,,,,74,,,,,
MSR,North America,Montserrat,2021-05-21,20,0,0,1,0,0,4015,0,0,201,0,0,,,,,,,,,,,,,,,,,,,2428,1342,1086,,,17,49,27,22,,3413,2,0,,4981,,,,,,,,,,,,,74,,,,,
MSR,North America,Montserrat,2021-05-22,20,0,0,1,0,0,4015,0,0,201,0,0,,,,,,,,,,,,,,,,,,,,,,,,17,,,,,3413,2,0,,4981,,,,,,,,,,,,,74,,,,,
MSR,North America,Montserrat,2021-05-23,20,0,0,1,0,0,4015,0,0,201,0,0,,,,,,,,,,,,,,,,,,,,,,,,16,,,,,3212,2,0,,4981,,,,,,,,,,,,,74,,,,,
MSR,North America,Montserrat,2021-05-24,20,0,0,1,0,0,4015,0,0,201,0,0,,,,,,,,,,,,,,,,,,,,,,,,16,,,,,3212,2,0,,4981,,,,,,,,,,,,,74,,,,,
MSR,North America,Montserrat,2021-05-25,20,0,0,1,0,0,4015,0,0,201,0,0,,,,,,,,,,,,,,,,,,,,,,,,15,,,,,3011,2,0,,4981,,,,,,,,,,,,,74,,,,,
MSR,North America,Montserrat,2021-05-26,20,0,0,1,0,0,4015,0,0,201,0,0,,,,,,,,,,,,,,,,,,,,,,,,15,,,,,3011,2,0,,4981,,,,,,,,,,,,,74,,,,,
MSR,North America,Montserrat,2021-05-27,20,0,0,1,0,0,4015,0,0,201,0,0,,,,,,,,,,,,,,,,,,,,,,,,14,,,,,2811,2,0,,4981,,,,,,,,,,,,,74,,,,,
MSR,North America,Montserrat,2021-05-28,20,0,0,1,0,0,4015,0,0,201,0,0,,,,,,,,,,,,,,,,,,,2522,1358,1164,,,13,51,27,23,,2610,2,0,,4981,,,,,,,,,,,,,74,,,,,
MSR,North America,Montserrat,2021-05-29,20,0,0,1,0,0,4015,0,0,201,0,0,,,,,,,,,,,,,,,,,,,,,,,,12,,,,,2409,2,0,,4981,,,,,,,,,,,,,74,,,,,
MSR,North America,Montserrat,2021-05-30,20,0,0,1,0,0,4015,0,0,201,0,0,,,,,,,,,,,,,,,,,,,,,,,,11,,,,,2208,2,0,,4981,,,,,,,,,,,,,74,,,,,
MSR,North America,Montserrat,2021-05-31,20,0,0,1,0,0,4015,0,0,201,0,0,,,,,,,,,,,,,,,,,,,,,,,,10,,,,,2008,2,0,,4981,,,,,,,,,,,,,74,,,,,
MSR,North America,Montserrat,2021-06-01,20,0,0,1,0,0,4015,0,0,201,0,0,,,,,,,,,,,,,,,,,,,,,,,,8,,,,,1606,2,0,,4981,,,,,,,,,,,,,74,,,,,
MSR,North America,Montserrat,2021-06-02,20,0,0,1,0,0,4015,0,0,201,0,0,,,,,,,,,,,,,,,,,,,,,,,,7,,,,,1405,2,0,,4981,,,,,,,,,,,,,74,,,,,
MSR,North America,Montserrat,2021-06-03,20,0,0,1,0,0,4015,0,0,201,0,0,,,,,,,,,,,,,,,,,,,,,,,,6,,,,,1205,2,0,,4981,,,,,,,,,,,,,74,,,,,
MSR,North America,Montserrat,2021-06-04,20,0,0,1,0,0,4015,0,0,201,0,0,,,,,,,,,,,,,,,,,,,,,,,,4,,,,,803,2,0,,4981,,,,,,,,,,,,,74,,,,,
MSR,North America,Montserrat,2021-06-05,20,0,0,1,0,0,4015,0,0,201,0,0,,,,,,,,,,,,,,,,,,,,,,,,4,,,,,803,2,0,,4981,,,,,,,,,,,,,74,,,,,
MSR,North America,Montserrat,2021-06-06,20,0,0,1,0,0,4015,0,0,201,0,0,,,,,,,,,,,,,,,,,,,,,,,,4,,,,,803,2,0,,4981,,,,,,,,,,,,,74,,,,,
MSR,North America,Montserrat,2021-06-07,20,0,0,1,0,0,4015,0,0,201,0,0,,,,,,,,,,,,,,,,,,,,,,,,4,,,,,803,2,0,,4981,,,,,,,,,,,,,74,,,,,
MSR,North America,Montserrat,2021-06-08,20,0,0,1,0,0,4015,0,0,201,0,0,,,,,,,,,,,,,,,,,,,,,,,,4,,,,,803,2,0,,4981,,,,,,,,,,,,,74,,,,,
MSR,North America,Montserrat,2021-06-09,20,0,0,1,0,0,4015,0,0,201,0,0,,,,,,,,,,,,,,,,,,,,,,,,4,,,,,803,2,0,,4981,,,,,,,,,,,,,74,,,,,
MSR,North America,Montserrat,2021-06-10,20,0,0,1,0,0,4015,0,0,201,0,0,,,,,,,,,,,,,,,,,,,,,,,,4,,,,,803,2,0,,4981,,,,,,,,,,,,,74,,,,,
MSR,North America,Montserrat,2021-06-11,20,0,0,1,0,0,4015,0,0,201,0,0,,,,,,,,,,,,,,,,,,,2584,1389,1195,,,4,52,28,24,,803,2,0,,4981,,,,,,,,,,,,,74,,,,,
MSR,North America,Montserrat,2021-06-12,20,0,0,1,0,0,4015,0,0,201,0,0,,,,,,,,,,,,,,,,,,,,,,,,4,,,,,803,2,0,,4981,,,,,,,,,,,,,74,,,,,
MSR,North America,Montserrat,2021-06-13,20,0,0,1,0,0,4015,0,0,201,0,0,,,,,,,,,,,,,,,,,,,,,,,,4,,,,,803,2,0,,4981,,,,,,,,,,,,,74,,,,,
MSR,North America,Montserrat,2021-06-14,20,0,0,1,0,0,4015,0,0,201,0,0,,,,,,,,,,,,,,,,,,,,,,,,4,,,,,803,2,0,,4981,,,,,,,,,,,,,74,,,,,
MSR,North America,Montserrat,2021-06-15,20,0,0,1,0,0,4015,0,0,201,0,0,,,,,,,,,,,,,,,,,,,,,,,,3,,,,,602,1,0,,4981,,,,,,,,,,,,,74,,,,,
MSR,North America,Montserrat,2021-06-16,20,0,0,1,0,0,4015,0,0,201,0,0,,,,,,,,,,,,,,,,,,,,,,,,3,,,,,602,1,0,,4981,,,,,,,,,,,,,74,,,,,
MSR,North America,Montserrat,2021-06-17,20,0,0,1,0,0,4015,0,0,201,0,0,,,,,,,,,,,,,,,,,,,,,,,,3,,,,,602,1,0,,4981,,,,,,,,,,,,,74,,,,,
MSR,North America,Montserrat,2021-06-18,20,0,0,1,0,0,4015,0,0,201,0,0,,,,,,,,,,,,,,,,,,,2600,1394,1206,,,2,52,28,24,,402,1,0,,4981,,,,,,,,,,,,,74,,,,,
MSR,North America,Montserrat,2021-06-19,20,0,0,1,0,0,4015,0,0,201,0,0,,,,,,,,,,,,,,,,,,,,,,,,3,,,,,602,1,0,,4981,,,,,,,,,,,,,74,,,,,
MSR,North America,Montserrat,2021-06-20,20,0,0,1,0,0,4015,0,0,201,0,0,,,,,,,,,,,,,,,,,,,,,,,,3,,,,,602,1,0,,4981,,,,,,,,,,,,,74,,,,,
MSR,North America,Montserrat,2021-06-21,20,0,0,1,0,0,4015,0,0,201,0,0,,,,,,,,,,,,,,,,,,,,,,,,4,,,,,803,1,0,,4981,,,,,,,,,,,,,74,,,,,
MSR,North America,Montserrat,2021-06-22,20,0,0,1,0,0,4015,0,0,201,0,0,,,,,,,,,,,,,,,,,,,,,,,,4,,,,,803,2,0,,4981,,,,,,,,,,,,,74,,,,,
MSR,North America,Montserrat,2021-06-23,20,0,0,1,0,0,4015,0,0,201,0,0,,,,,,,,,,,,,,,,,,,,,,,,5,,,,,1004,2,0,,4981,,,,,,,,,,,,,74,,,,,
MSR,North America,Montserrat,2021-06-24,20,0,0,1,0,0,4015,0,0,201,0,0,,,,,,,,,,,,,,,,,,,,,,,,5,,,,,1004,2,0,,4981,,,,,,,,,,,,,74,,,,,
MSR,North America,Montserrat,2021-06-25,20,0,0,1,0,0,4015,0,0,201,0,0,,,,,,,,,,,,,,,,,,,2640,1411,1229,,,6,53,28,25,,1205,2,0,,4981,,,,,,,,,,,,,74,,,,,
MSR,North America,Montserrat,2021-06-26,20,0,0,1,0,0,4015,0,0,201,0,0,,,,,,,,,,,,,,,,,,,,,,,,5,,,,,1004,2,0,,4981,,,,,,,,,,,,,74,,,,,
MSR,North America,Montserrat,2021-06-27,20,0,0,1,0,0,4015,0,0,201,0,0,,,,,,,,,,,,,,,,,,,,,,,,5,,,,,1004,2,0,,4981,,,,,,,,,,,,,74,,,,,
MSR,North America,Montserrat,2021-06-28,20,0,0,1,0,0,4015,0,0,201,0,0,,,,,,,,,,,,,,,,,,,,,,,,4,,,,,803,2,0,,4981,,,,,,,,,,,,,74,,,,,
MSR,North America,Montserrat,2021-06-29,20,0,0,1,0,0,4015,0,0,201,0,0,,,,,,,,,,,,,,,,,,,,,,,,3,,,,,602,2,0,,4981,,,,,,,,,,,,,74,,,,,
MSR,North America,Montserrat,2021-06-30,20,0,0,1,0,0,4015,0,0,201,0,0,,,,,,,,,,,,,,,,,,,,,,,,3,,,,,602,1,0,,4981,,,,,,,,,,,,,74,,,,,
MSR,North America,Montserrat,2021-07-01,20,0,0,1,0,0,4015,0,0,201,0,0,,,,,,,,,,,,,,,,,,,,,,,,2,,,,,402,1,0,,4981,,,,,,,,,,,,,74,,,,,
MSR,North America,Montserrat,2021-07-02,20,0,0,1,0,0,4015,0,0,201,0,0,,,,,,,,,,,,,,,,,,,2651,1418,1233,,,2,53,28,25,,402,1,0,,4981,,,,,,,,,,,,,74,,,,,
MSR,North America,Montserrat,2021-07-03,20,0,0,1,0,0,4015,0,0,201,0,0,,,,,,,,,,,,,,,,,,,,,,,,2,,,,,402,1,0,,4981,,,,,,,,,,,,,74,,,,,
MSR,North America,Montserrat,2021-07-04,20,0,0,1,0,0,4015,0,0,201,0,0,,,,,,,,,,,,,,,,,,,,,,,,3,,,,,602,1,0,,4981,,,,,,,,,,,,,74,,,,,
MSR,North America,Montserrat,2021-07-05,20,0,0,1,0,0,4015,0,0,201,0,0,,,,,,,,,,,,,,,,,,,,,,,,4,,,,,803,2,0,,4981,,,,,,,,,,,,,74,,,,,
MSR,North America,Montserrat,2021-07-06,20,0,0,1,0,0,4015,0,0,201,0,0,,,,,,,,,,,,,,,,,,,,,,,,4,,,,,803,2,0,,4981,,,,,,,,,,,,,74,,,,,
MSR,North America,Montserrat,2021-07-07,20,0,0,1,0,0,4015,0,0,201,0,0,,,,,,,,,,,,,,,,,,,,,,,,5,,,,,1004,2,0,,4981,,,,,,,,,,,,,74,,,,,
MSR,North America,Montserrat,2021-07-08,20,0,0,1,0,0,4015,0,0,201,0,0,,,,,,,,,,,,,,,,,,,,,,,,6,,,,,1205,2,0,,4981,,,,,,,,,,,,,74,,,,,
MSR,North America,Montserrat,2021-07-09,20,0,0,1,0,0,4015,0,0,201,0,0,,,,,,,,,,,,,,,,,,,2695,1435,1260,,,6,54,29,25,,1205,2,0,,4981,,,,,,,,,,,,,74,,,,,
MSR,North America,Montserrat,2021-07-10,20,0,0,1,0,0,4015,0,0,201,0,0,,,,,,,,,,,,,,,,,,,,,,,,6,,,,,1205,2,0,,4981,,,,,,,,,,,,,74,,,,,
MSR,North America,Montserrat,2021-07-11,20,0,0,1,0,0,4015,0,0,201,0,0,,,,,,,,,,,,,,,,,,,,,,,,5,,,,,1004,2,0,,4981,,,,,,,,,,,,,74,,,,,
MSR,North America,Montserrat,2021-07-12,20,0,0,1,0,0,4015,0,0,201,0,0,,,,,,,,,,,,,,,,,,,,,,,,5,,,,,1004,1,0,,4981,,,,,,,,,,,,,74,,,,,
MSR,North America,Montserrat,2021-07-13,20,0,0,1,0,0,4015,0,0,201,0,0,,,,,,,,,,,,,,,,,,,,,,,,4,,,,,803,1,0,,4981,,,,,,,,,,,,,74,,,,,
MSR,North America,Montserrat,2021-07-14,21,1,0,1,0,0,4216,201,29,201,0,0,,,,,,,,,,,,,,,,,,,,,,,,3,,,,,602,1,0,,4981,,,,,,,,,,,,,74,,,,,
MSR,North America,Montserrat,2021-07-15,21,0,0,1,0,0,4216,0,29,201,0,0,,,,,,,,,,,,,,,,,,,,,,,,3,,,,,602,0,0,,4981,,,,,,,,,,,,,74,,,,,
MSR,North America,Montserrat,2021-07-16,21,0,0,1,0,0,4216,0,29,201,0,0,,,,,,,,,,,,,,,,,,,2710,1435,1275,,,2,54,29,26,,402,0,0,,4981,,,,,,,,,,,,,74,,,,,
MSR,North America,Montserrat,2021-07-17,21,0,0,1,0,0,4216,0,29,201,0,0,,,,,,,,,,,,,,,,,,,,,,,,2,,,,,402,0,0,,4981,,,,,,,,,,,,,74,,,,,
MSR,North America,Montserrat,2021-07-18,21,0,0,1,0,0,4216,0,29,201,0,0,,,,,,,,,,,,,,,,,,,,,,,,2,,,,,402,0,0,,4981,,,,,,,,,,,,,74,,,,,
MSR,North America,Montserrat,2021-07-19,21,0,0,1,0,0,4216,0,29,201,0,0,,,,,,,,,,,,,,,,,,,,,,,,2,,,,,402,0,0,,4981,,,,,,,,,,,,,74,,,,,
MSR,North America,Montserrat,2021-07-20,21,0,0,1,0,0,4216,0,29,201,0,0,,,,,,,,,,,,,,,,,,,,,,,,3,,,,,602,0,0,,4981,,,,,,,,,,,,,74,,,,,
MSR,North America,Montserrat,2021-07-21,21,0,0,1,0,0,4216,0,0,201,0,0,,,,,,,,,,,,,,,,,,,,,,,,3,,,,,602,0,0,,4981,,,,,,,,,,,,,74,,,,,
MSR,North America,Montserrat,2021-07-22,21,0,0,1,0,0,4216,0,0,201,0,0,,,,,,,,,,,,,,,,,,,,,,,,3,,,,,602,0,0,,4981,,,,,,,,,,,,,74,,,,,
MSR,North America,Montserrat,2021-07-23,21,0,0,1,0,0,4216,0,0,201,0,0,,,,,,,,,,,,,,,,,,,2730,1439,1291,,,3,55,29,26,,602,1,0,,4981,,,,,,,,,,,,,74,,,,,
MSR,North America,Montserrat,2021-07-24,21,0,0,1,0,0,4216,0,0,201,0,0,,,,,,,,,,,,,,,,,,,,,,,,4,,,,,803,1,0,,4981,,,,,,,,,,,,,74,,,,,
MSR,North America,Montserrat,2021-07-25,21,0,0,1,0,0,4216,0,0,201,0,0,,,,,,,,,,,,,,,,,,,,,,,,5,,,,,1004,1,0,,4981,,,,,,,,,,,,,74,,,,,
MSR,North America,Montserrat,2021-07-26,21,0,0,1,0,0,4216,0,0,201,0,0,,,,,,,,,,,,,,,,,,,,,,,,5,,,,,1004,1,0,,4981,,,,,,,,,,,,,74,,,,,
MSR,North America,Montserrat,2021-07-27,21,0,0,1,0,0,4216,0,0,201,0,0,,,,,,,,,,,,,,,,,,,,,,,,6,,,,,1205,1,0,,4981,,,,,,,,,,,,,74,,,,,
MSR,North America,Montserrat,2021-07-28,21,0,0,1,0,0,4216,0,0,201,0,0,,,,,,,,,,,,,,,,,,,,,,,,7,,,,,1405,2,0,,4981,,,,,,,,,,,,,74,,,,,
MSR,North America,Montserrat,2021-07-29,21,0,0,1,0,0,4216,0,0,201,0,0,,,,,,,,,,,,,,,,,,,,,,,,8,,,,,1606,2,0,,4981,,,,,,,,,,,,,74,,,,,
MSR,North America,Montserrat,2021-07-30,21,0,0,1,0,0,4216,0,0,201,0,0,,,,,,,,,,,,,,,,,,,2791,1454,1337,,,9,56,29,27,,1807,2,0,,4981,,,,,,,,,,,,,74,,,,,
MSR,North America,Montserrat,2021-07-31,21,0,0,1,0,0,4216,0,0,201,0,0,,,,,,,,,,,,,,,,,,,,,,,,8,,,,,1606,2,0,,4981,,,,,,,,,,,,,74,,,,,
MSR,North America,Montserrat,2021-08-01,21,0,0,1,0,0,4216,0,0,201,0,0,,,,,,,,,,,,,,,,,,,,,,,,8,,,,,1606,2,0,,4981,,,,,,,,,,,,,74,,,,,
MSR,North America,Montserrat,2021-08-02,21,0,0,1,0,0,4216,0,0,201,0,0,,,,,,,,,,,,,,,,,,,,,,,,7,,,,,1405,2,0,,4981,,,,,,,,,,,,,74,,,,,
MSR,North America,Montserrat,2021-08-03,21,0,0,1,0,0,4216,0,0,201,0,0,,,,,,,,,,,,,,,,,,,,,,,,7,,,,,1405,1,0,,4981,,,,,,,,,,,,,74,,,,,
MSR,North America,Montserrat,2021-08-04,21,0,0,1,0,0,4216,0,0,201,0,0,,,,,,,,,,,,,,,,,,,,,,,,6,,,,,1205,1,0,,4981,,,,,,,,,,,,,74,,,,,
MSR,North America,Montserrat,2021-08-05,21,0,0,1,0,0,4216,0,0,201,0,0,,,,,,,,,,,,,,,,,,,,,,,,6,,,,,1205,1,0,,4981,,,,,,,,,,,,,74,,,,,
MSR,North America,Montserrat,2021-08-06,21,0,0,1,0,0,4216,0,0,201,0,0,,,,,,,,,,,,,,,,,,,2828,1460,1368,,,5,57,29,27,,1004,1,0,,4981,,,,,,,,,,,,,74,,,,,
MSR,North America,Montserrat,2021-08-07,22,1,0,1,0,0,4417,201,29,201,0,0,,,,,,,,,,,,,,,,,,,,,,,,5,,,,,1004,1,0,,4981,,,,,,,,,,,,,74,,,,,
MSR,North America,Montserrat,2021-08-08,22,0,0,1,0,0,4417,0,29,201,0,0,,,,,,,,,,,,,,,,,,,,,,,,4,,,,,803,1,0,,4981,,,,,,,,,,,,,74,,,,,
MSR,North America,Montserrat,2021-08-09,22,0,0,1,0,0,4417,0,29,201,0,0,,,,,,,,,,,,,,,,,,,,,,,,3,,,,,602,1,0,,4981,,,,,,,,,,,,,74,,,,,
MSR,North America,Montserrat,2021-08-10,22,0,0,1,0,0,4417,0,29,201,0,0,,,,,,,,,,,,,,,,,,,,,,,,2,,,,,402,0,0,,4981,,,,,,,,,,,,,74,,,,,
MSR,North America,Montserrat,2021-08-11,22,0,0,1,0,0,4417,0,29,201,0,0,,,,,,,,,,,,,,,,,,,,,,,,2,,,,,402,0,0,,4981,,,,,,,,,,,,,74,,,,,
MSR,North America,Montserrat,2021-08-12,22,0,0,1,0,0,4417,0,29,201,0,0,,,,,,,,,,,,,,,,,,,,,,,,1,,,,,201,0,0,,4981,,,,,,,,,,,,,74,,,,,
MSR,North America,Montserrat,2021-08-13,22,0,0,1,0,0,4417,0,29,201,0,0,,,,,,,,,,,,,,,,,,,,,,,,0,,,,,0,0,0,,4981,,,,,,,,,,,,,74,,,,,
MSR,North America,Montserrat,2021-08-14,22,0,0,1,0,0,4417,0,0,201,0,0,,,,,,,,,,,,,,,,,,,,,,,,0,,,,,0,0,0,,4981,,,,,,,,,,,,,74,,,,,
MSR,North America,Montserrat,2021-08-15,23,1,0,1,0,0,4618,201,29,201,0,0,,,,,,,,,,,,,,,,,,,,,,,,0,,,,,0,0,0,,4981,,,,,,,,,,,,,74,,,,,
MSR,North America,Montserrat,2021-08-16,23,0,0,1,0,0,4618,0,29,201,0,0,,,,,,,,,,,,,,,,,,,,,,,,0,,,,,0,0,0,,4981,,,,,,,,,,,,,74,,,,,
MSR,North America,Montserrat,2021-08-17,23,0,0,1,0,0,4618,0,29,201,0,0,,,,,,,,,,,,,,,,,,,,,,,,0,,,,,0,0,0,,4981,,,,,,,,,,,,,74,,,,,
MSR,North America,Montserrat,2021-08-18,23,0,0,1,0,0,4618,0,29,201,0,0,,,,,,,,,,,,,,,,,,,,,,,,0,,,,,0,0,0,,4981,,,,,,,,,,,,,74,,,,,
MSR,North America,Montserrat,2021-08-19,23,0,0,1,0,0,4618,0,29,201,0,0,,,,,,,,,,,,,,,,,,,,,,,,0,,,,,0,0,0,,4981,,,,,,,,,,,,,74,,,,,
MSR,North America,Montserrat,2021-08-20,25,2,0,1,0,0,5019,402,86,201,0,0,,,,,,,,,,,,,,,,,,,,,,,,0,,,,,0,0,0,,4981,,,,,,,,,,,,,74,,,,,
MSR,North America,Montserrat,2021-08-21,25,0,0,1,0,0,5019,0,86,201,0,0,,,,,,,,,,,,,,,,,,,,,,,,0,,,,,0,0,0,,4981,,,,,,,,,,,,,74,,,,,
MSR,North America,Montserrat,2021-08-22,25,0,0,1,0,0,5019,0,57,201,0,0,,,,,,,,,,,,,,,,,,,,,,,,0,,,,,0,0,0,,4981,,,,,,,,,,,,,74,,,,,
MSR,North America,Montserrat,2021-08-23,25,0,0,1,0,0,5019,0,57,201,0,0,,,,,,,,,,,,,,,,,,,,,,,,0,,,,,0,0,0,,4981,,,,,,,,,,,,,74,,,,,
MSR,North America,Montserrat,2021-08-24,25,0,0,1,0,0,5019,0,57,201,0,0,,,,,,,,,,,,,,,,,,,,,,,,0,,,,,0,0,0,,4981,,,,,,,,,,,,,74,,,,,
MSR,North America,Montserrat,2021-08-25,25,0,0,1,0,0,5019,0,57,201,0,0,,,,,,,,,,,,,,,,,,,,,,,,0,,,,,0,0,0,,4981,,,,,,,,,,,,,74,,,,,
MSR,North America,Montserrat,2021-08-26,26,1,0,1,0,0,5220,201,86,201,0,0,,,,,,,,,,,,,,,,,,,,,,,,0,,,,,0,0,0,,4981,,,,,,,,,,,,,74,,,,,
MSR,North America,Montserrat,2021-08-27,26,0,0,1,0,0,5220,0,29,201,0,0,,,,,,,,,,,,,,,,,,,,,,,,0,,,,,0,0,0,,4981,,,,,,,,,,,,,74,,,,,
MSR,North America,Montserrat,2021-08-28,26,0,0,1,0,0,5220,0,29,201,0,0,,,,,,,,,,,,,,,,,,,,,,,,0,,,,,0,0,0,,4981,,,,,,,,,,,,,74,,,,,
MSR,North America,Montserrat,2021-08-29,26,0,0,1,0,0,5220,0,29,201,0,0,,,,,,,,,,,,,,,,,,,,,,,,0,,,,,0,0,0,,4981,,,,,,,,,,,,,74,,,,,
MSR,North America,Montserrat,2021-08-30,29,3,1,1,0,0,5822,602,115,201,0,0,,,,,,,,,,,,,,,,,,,,,,,,0,,,,,0,0,0,,4981,,,,,,,,,,,,,74,,,,,
MSR,North America,Montserrat,2021-08-31,29,0,1,1,0,0,5822,0,115,201,0,0,,,,,,,,,,,,,,,,,,,,,,,,0,,,,,0,0,0,,4981,,,,,,,,,,,,,74,,,,,
MSR,North America,Montserrat,2021-09-01,29,0,1,1,0,0,5822,0,115,201,0,0,,,,,,,,,,,,,,,,,,,,,,,,0,,,,,0,0,0,,4981,,,,,,,,,,,,,74,,,,,
MSR,North America,Montserrat,2021-09-02,29,0,0,1,0,0,5822,0,86,201,0,0,,,,,,,,,,,,,,,,,,,,,,,,0,,,,,0,0,0,,4981,,,,,,,,,,,,,74,,,,,
MSR,North America,Montserrat,2021-09-03,29,0,0,1,0,0,5822,0,86,201,0,0,,,,,,,,,,,,,,,,,,,2837,1466,1371,,,0,57,29,28,,0,0,0,,4981,,,,,,,,,,,,,74,,,,,
MSR,North America,Montserrat,2021-09-04,31,2,1,1,0,0,6224,402,143,201,0,0,,,,,,,,,,,,,,,,,,,,,,,,0,,,,,0,0,0,,4981,,,,,,,,,,,,,74,,,,,
MSR,North America,Montserrat,2021-09-05,31,0,1,1,0,0,6224,0,143,201,0,0,,,,,,,,,,,,,,,,,,,,,,,,0,,,,,0,0,0,,4981,,,,,,,,,,,,,74,,,,,
MSR,North America,Montserrat,2021-09-06,31,0,0,1,0,0,6224,0,57,201,0,0,,,,,,,,,,,,,,,,,,,,,,,,0,,,,,0,0,0,,4981,,,,,,,,,,,,,74,,,,,
MSR,North America,Montserrat,2021-09-07,31,0,0,1,0,0,6224,0,57,201,0,0,,,,,,,,,,,,,,,,,,,,,,,,0,,,,,0,0,0,,4981,,,,,,,,,,,,,74,,,,,
MSR,North America,Montserrat,2021-09-08,31,0,0,1,0,0,6224,0,57,201,0,0,,,,,,,,,,,,,,,,,,,,,,,,0,,,,,0,0,0,,4981,,,,,,,,,,,,,74,,,,,
MSR,North America,Montserrat,2021-09-09,31,0,0,1,0,0,6224,0,57,201,0,0,,,,,,,,,,,,,,,,,,,,,,,,0,,,,,0,0,0,,4981,,,,,,,,,,,,,74,,,,,
MSR,North America,Montserrat,2021-09-10,31,0,0,1,0,0,6224,0,57,201,0,0,,,,,,,,,,,,,,,,,,,2840,1466,1374,,,0,57,29,28,,0,0,0,,4981,,,,,,,,,,,,,74,,,,,
MSR,North America,Montserrat,2021-09-11,31,0,0,1,0,0,6224,0,0,201,0,0,,,,,,,,,,,,,,,,,,,,,,,,1,,,,,201,0,0,,4981,,,,,,,,,,,,,74,,,,,
MSR,North America,Montserrat,2021-09-12,31,0,0,1,0,0,6224,0,0,201,0,0,,,,,,,,,,,,,,,,,,,,,,,,1,,,,,201,0,0,,4981,,,,,,,,,,,,,74,,,,,
MSR,North America,Montserrat,2021-09-13,31,0,0,1,0,0,6224,0,0,201,0,0,,,,,,,,,,,,,,,,,,,,,,,,1,,,,,201,0,0,,4981,,,,,,,,,,,,,74,,,,,
MSR,North America,Montserrat,2021-09-14,31,0,0,1,0,0,6224,0,0,201,0,0,,,,,,,,,,,,,,,,,,,,,,,,1,,,,,201,0,0,,4981,,,,,,,,,,,,,74,,,,,
MSR,North America,Montserrat,2021-09-15,31,0,0,1,0,0,6224,0,0,201,0,0,,,,,,,,,,,,,,,,,,,,,,,,2,,,,,402,1,0,,4981,,,,,,,,,,,,,74,,,,,
MSR,North America,Montserrat,2021-09-16,31,0,0,1,0,0,6224,0,0,201,0,0,,,,,,,,,,,,,,,,,,,,,,,,2,,,,,402,1,0,,4981,,,,,,,,,,,,,74,,,,,
MSR,North America,Montserrat,2021-09-17,32,1,0,1,0,0,6424,201,29,201,0,0,,,,,,,,,,,,,,,,,,,2856,1472,1384,,,2,57,30,28,,402,1,0,,4981,,,,,,,,,,,,,74,,,,,
MSR,North America,Montserrat,2021-09-18,32,0,0,1,0,0,6424,0,29,201,0,0,,,,,,,,,,,,,,,,,,,,,,,,2,,,,,402,1,0,,4981,,,,,,,,,,,,,74,,,,,
MSR,North America,Montserrat,2021-09-19,33,1,0,1,0,0,6625,201,57,201,0,0,,,,,,,,,,,,,,,,,,,,,,,,2,,,,,402,1,0,,4981,,,,,,,,,,,,,74,,,,,
MSR,North America,Montserrat,2021-09-20,33,0,0,1,0,0,6625,0,57,201,0,0,,,,,,,,,,,,,,,,,,,,,,,,2,,,,,402,1,0,,4981,,,,,,,,,,,,,74,,,,,
MSR,North America,Montserrat,2021-09-21,33,0,0,1,0,0,6625,0,57,201,0,0,,,,,,,,,,,,,,,,,,,,,,,,2,,,,,402,1,0,,4981,,,,,,,,,,,,,74,,,,,
MSR,North America,Montserrat,2021-09-22,33,0,0,1,0,0,6625,0,57,201,0,0,,,,,,,,,,,,,,,,,,,,,,,,2,,,,,402,1,0,,4981,,,,,,,,,,,,,74,,,,,
MSR,North America,Montserrat,2021-09-23,33,0,0,1,0,0,6625,0,57,201,0,0,,,,,,,,,,,,,,,,,,,,,,,,2,,,,,402,1,0,,4981,,,,,,,,,,,,,74,,,,,
MSR,North America,Montserrat,2021-09-24,33,0,0,1,0,0,6625,0,29,201,0,0,,,,,,,,,,,,,,,,,,,2871,1483,1388,,,2,58,30,28,,402,2,0,,4981,,,,,,,,,,,,,74,,,,,
MSR,North America,Montserrat,2021-09-25,33,0,0,1,0,0,6625,0,29,201,0,0,,,,,,,,,,,,,,,,,,,,,,,,2,,,,,402,2,0,,4981,,,,,,,,,,,,,74,,,,,
MSR,North America,Montserrat,2021-09-26,33,0,0,1,0,0,6625,0,0,201,0,0,,,,,,,,,,,,,,,,,,,,,,,,2,,,,,402,2,0,,4981,,,,,,,,,,,,,74,,,,,
MSR,North America,Montserrat,2021-09-27,33,0,0,1,0,0,6625,0,0,201,0,0,,,,,,,,,,,,,,,,,,,,,,,,2,,,,,402,1,0,,4981,,,,,,,,,,,,,74,,,,,
MSR,North America,Montserrat,2021-09-28,33,0,0,1,0,0,6625,0,0,201,0,0,,,,,,,,,,,,,,,,,,,,,,,,3,,,,,602,1,0,,4981,,,,,,,,,,,,,74,,,,,
MSR,North America,Montserrat,2021-09-29,33,0,0,1,0,0,6625,0,0,201,0,0,,,,,,,,,,,,,,,,,,,,,,,,3,,,,,602,1,0,,4981,,,,,,,,,,,,,74,,,,,
MSR,North America,Montserrat,2021-09-30,34,1,0,1,0,0,6826,201,29,201,0,0,,,,,,,,,,,,,,,,,,,,,,,,3,,,,,602,1,0,,4981,,,,,,,,,,,,,74,,,,,
MSR,North America,Montserrat,2021-10-01,34,0,0,1,0,0,6826,0,29,201,0,0,,,,,,,,,,,,,,,,,,,,,,,,3,,,,,602,1,0,,4981,,,,,,,,,,,,,74,,,,,
MSR,North America,Montserrat,2021-10-02,34,0,0,1,0,0,6826,0,29,201,0,0,,,,,,,,,,,,,,,,,,,,,,,,3,,,,,602,1,0,,4981,,,,,,,,,,,,,74,,,,,
MSR,North America,Montserrat,2021-10-03,34,0,0,1,0,0,6826,0,29,201,0,0,,,,,,,,,,,,,,,,,,,,,,,,3,,,,,602,1,0,,4981,,,,,,,,,,,,,74,,,,,
MSR,North America,Montserrat,2021-10-04,34,0,0,1,0,0,6826,0,29,201,0,0,,,,,,,,,,,,,,,,,,,,,,,,3,,,,,602,1,0,,4981,,,,,,,,,,,,,74,,,,,
MSR,North America,Montserrat,2021-10-05,40,6,1,1,0,0,8031,1205,201,201,0,0,,,,,,,,,,,,,,,,,,,,,,,,3,,,,,602,1,0,,4981,,,,,,,,,,,,,74,,,,,
MSR,North America,Montserrat,2021-10-06,40,0,1,1,0,0,8031,0,201,201,0,0,,,,,,,,,,,,,,,,,,,,,,,,3,,,,,602,1,0,,4981,,,,,,,,,,,,,74,,,,,
MSR,North America,Montserrat,2021-10-07,40,0,1,1,0,0,8031,0,172,201,0,0,,,,,,,,,,,,,,,,,,,,,,,,3,,,,,602,1,0,,4981,,,,,,,,,,,,,74,,,,,
MSR,North America,Montserrat,2021-10-08,40,0,1,1,0,0,8031,0,172,201,0,0,,,,,,,,,,,,,,,,,,,2911,1502,1409,,,3,58,30,28,,602,1,0,,4981,,,,,,,,,,,,,74,,,,,
MSR,North America,Montserrat,2021-10-09,41,1,1,1,0,0,8231,201,201,201,0,0,,,,,,,,,,,,,,,,,,,,,,,,3,,,,,602,1,0,,4981,,,,,,,,,,,,,74,,,,,
MSR,North America,Montserrat,2021-10-10,41,0,1,1,0,0,8231,0,201,201,0,0,,,,,,,,,,,,,,,,,,,,,,,,2,,,,,402,1,0,,4981,,,,,,,,,,,,,74,,,,,
MSR,North America,Montserrat,2021-10-11,41,0,1,1,0,0,8231,0,201,201,0,0,,,,,,,,,,,,,,,,,,,,,,,,2,,,,,402,1,0,,4981,,,,,,,,,,,,,74,,,,,
MSR,North America,Montserrat,2021-10-12,41,0,0,1,0,0,8231,0,29,201,0,0,,,,,,,,,,,,,,,,,,,,,,,,2,,,,,402,1,0,,4981,,,,,,,,,,,,,74,,,,,
MSR,North America,Montserrat,2021-10-13,41,0,0,1,0,0,8231,0,29,201,0,0,,,,,,,,,,,,,,,,,,,,,,,,2,,,,,402,1,0,,4981,,,,,,,,,,,,,74,,,,,
MSR,North America,Montserrat,2021-10-14,41,0,0,1,0,0,8231,0,29,201,0,0,,,,,,,,,,,,,,,,,,,,,,,,1,,,,,201,1,0,,4981,,,,,,,,,,,,,74,,,,,
MSR,North America,Montserrat,2021-10-15,41,0,0,1,0,0,8231,0,29,201,0,0,,,,,,,,,,,,,,,,,,,,,,,,1,,,,,201,1,0,,4981,,,,,,,,,,,,,74,,,,,
MSR,North America,Montserrat,2021-10-16,41,0,0,1,0,0,8231,0,0,201,0,0,,,,,,,,,,,,,,,,,,,,,,,,1,,,,,201,1,0,,4981,,,,,,,,,,,,,74,,,,,
MSR,North America,Montserrat,2021-10-17,41,0,0,1,0,0,8231,0,0,201,0,0,,,,,,,,,,,,,,,,,,,,,,,,1,,,,,201,1,0,,4981,,,,,,,,,,,,,74,,,,,
MSR,North America,Montserrat,2021-10-18,41,0,0,1,0,0,8231,0,0,201,0,0,,,,,,,,,,,,,,,,,,,,,,,,1,,,,,201,1,0,,4981,,,,,,,,,,,,,74,,,,,
MSR,North America,Montserrat,2021-10-19,41,0,0,1,0,0,8231,0,0,201,0,0,,,,,,,,,,,,,,,,,,,,,,,,1,,,,,201,1,0,,4981,,,,,,,,,,,,,74,,,,,
MSR,North America,Montserrat,2021-10-20,41,0,0,1,0,0,8231,0,0,201,0,0,,,,,,,,,,,,,,,,,,,,,,,,1,,,,,201,1,0,,4981,,,,,,,,,,,,,74,,,,,
MSR,North America,Montserrat,2021-10-21,41,0,0,1,0,0,8231,0,0,201,0,0,,,,,,,,,,,,,,,,,,,,,,,,1,,,,,201,1,0,,4981,,,,,,,,,,,,,74,,,,,
MSR,North America,Montserrat,2021-10-22,41,0,0,1,0,0,8231,0,0,201,0,0,,,,,,,,,,,,,,,,,,,,,,,,1,,,,,201,1,0,,4981,,,,,,,,,,,,,74,,,,,
MSR,North America,Montserrat,2021-10-23,41,0,0,1,0,0,8231,0,0,201,0,0,,,,,,,,,,,,,,,,,,,,,,,,1,,,,,201,1,0,,4981,,,,,,,,,,,,,74,,,,,
MSR,North America,Montserrat,2021-10-24,41,0,0,1,0,0,8231,0,0,201,0,0,,,,,,,,,,,,,,,,,,,,,,,,1,,,,,201,1,0,,4981,,,,,,,,,,,,,74,,,,,
MSR,North America,Montserrat,2021-10-25,41,0,0,1,0,0,8231,0,0,201,0,0,,,,,,,,,,,,,,,,,,,,,,,,1,,,,,201,1,0,,4981,,,,,,,,,,,,,74,,,,,
MSR,North America,Montserrat,2021-10-26,41,0,0,1,0,0,8231,0,0,201,0,0,,,,,,,,,,,,,,,,,,,,,,,,1,,,,,201,1,0,,4981,,,,,,,,,,,,,74,,,,,
MSR,North America,Montserrat,2021-10-27,41,0,0,1,0,0,8231,0,0,201,0,0,,,,,,,,,,,,,,,,,,,,,,,,1,,,,,201,1,0,,4981,,,,,,,,,,,,,74,,,,,
MSR,North America,Montserrat,2021-10-28,41,0,0,1,0,0,8231,0,0,201,0,0,,,,,,,,,,,,,,,,,,,,,,,,1,,,,,201,1,0,,4981,,,,,,,,,,,,,74,,,,,
MSR,North America,Montserrat,2021-10-29,41,0,0,1,0,0,8231,0,0,201,0,0,,,,,,,,,,,,,,,,,,,,,,,,1,,,,,201,1,0,,4981,,,,,,,,,,,,,74,,,,,
MSR,North America,Montserrat,2021-10-30,41,0,0,1,0,0,8231,0,0,201,0,0,,,,,,,,,,,,,,,,,,,,,,,,1,,,,,201,1,0,,4981,,,,,,,,,,,,,74,,,,,
MSR,North America,Montserrat,2021-10-31,41,0,0,1,0,0,8231,0,0,201,0,0,,,,,,,,,,,,,,,,,,,,,,,,1,,,,,201,1,0,,4981,,,,,,,,,,,,,74,,,,,
MSR,North America,Montserrat,2021-11-01,41,0,0,1,0,0,8231,0,0,201,0,0,,,,,,,,,,,,,,,,,,,,,,,,1,,,,,201,1,0,,4981,,,,,,,,,,,,,74,,,,,
MSR,North America,Montserrat,2021-11-02,41,0,0,1,0,0,8231,0,0,201,0,0,,,,,,,,,,,,,,,,,,,,,,,,1,,,,,201,1,0,,4981,,,,,,,,,,,,,74,,,,,
MSR,North America,Montserrat,2021-11-03,41,0,0,1,0,0,8231,0,0,201,0,0,,,,,,,,,,,,,,,,,,,,,,,,1,,,,,201,1,0,,4981,,,,,,,,,,,,,74,,,,,
MSR,North America,Montserrat,2021-11-04,41,0,0,1,0,0,8231,0,0,201,0,0,,,,,,,,,,,,,,,,,,,,,,,,1,,,,,201,1,0,,4981,,,,,,,,,,,,,74,,,,,
MSR,North America,Montserrat,2021-11-05,41,0,0,1,0,0,8231,0,0,201,0,0,,,,,,,,,,,,,,,,,,,,,,,,1,,,,,201,1,0,,4981,,,,,,,,,,,,,74,,,,,
MSR,North America,Montserrat,2021-11-06,41,0,0,1,0,0,8231,0,0,201,0,0,,,,,,,,,,,,,,,,,,,,,,,,1,,,,,201,1,0,,4981,,,,,,,,,,,,,74,,,,,
MSR,North America,Montserrat,2021-11-07,41,0,0,1,0,0,8231,0,0,201,0,0,,,,,,,,,,,,,,,,,,,,,,,,1,,,,,201,1,0,,4981,,,,,,,,,,,,,74,,,,,
MSR,North America,Montserrat,2021-11-08,41,0,0,1,0,0,8231,0,0,201,0,0,,,,,,,,,,,,,,,,,,,,,,,,1,,,,,201,1,0,,4981,,,,,,,,,,,,,74,,,,,
MSR,North America,Montserrat,2021-11-09,41,0,0,1,0,0,8231,0,0,201,0,0,,,,,,,,,,,,,,,,,,,,,,,,1,,,,,201,1,0,,4981,,,,,,,,,,,,,74,,,,,
MSR,North America,Montserrat,2021-11-10,41,0,0,1,0,0,8231,0,0,201,0,0,,,,,,,,,,,,,,,,,,,,,,,,1,,,,,201,1,0,,4981,,,,,,,,,,,,,74,,,,,
MSR,North America,Montserrat,2021-11-11,41,0,0,1,0,0,8231,0,0,201,0,0,,,,,,,,,,,,,,,,,,,,,,,,1,,,,,201,1,0,,4981,,,,,,,,,,,,,74,,,,,
MSR,North America,Montserrat,2021-11-12,41,0,0,1,0,0,8231,0,0,201,0,0,,,,,,,,,,,,,,,,,,,2949,1531,1417,,,1,59,31,28,,201,1,0,,4981,,,,,,,,,,,,,74,,,,,
MSR,North America,Montserrat,2021-11-13,41,0,0,1,0,0,8231,0,0,201,0,0,,,,,,,,,,,,,,,,,,,,,,,,1,,,,,201,1,0,,4981,,,,,,,,,,,,,74,,,,,
MSR,North America,Montserrat,2021-11-14,41,0,0,1,0,0,8231,0,0,201,0,0,,,,,,,,,,,,,,,,,,,,,,,,1,,,,,201,1,0,,4981,,,,,,,,,,,,,74,,,,,
MSR,North America,Montserrat,2021-11-15,41,0,0,1,0,0,8231,0,0,201,0,0,,,,,,,,,,,,,,,,,,,,,,,,1,,,,,201,1,0,,4981,,,,,,,,,,,,,74,,,,,
MSR,North America,Montserrat,2021-11-16,41,0,0,1,0,0,8231,0,0,201,0,0,,,,,,,,,,,,,,,,,,,,,,,,1,,,,,201,1,0,,4981,,,,,,,,,,,,,74,,,,,
MSR,North America,Montserrat,2021-11-17,41,0,0,1,0,0,8231,0,0,201,0,0,,,,,,,,,,,,,,,,,,,,,,,,2,,,,,402,1,0,,4981,,,,,,,,,,,,,74,,,,,
MSR,North America,Montserrat,2021-11-18,41,0,0,1,0,0,8231,0,0,201,0,0,,,,,,,,,,,,,,,,,,,,,,,,2,,,,,402,0,0,,4981,,,,,,,,,,,,,74,,,,,
MSR,North America,Montserrat,2021-11-19,44,3,0,1,0,0,8834,602,86,201,0,0,,,,,,,,,,,,,,,,,,,,,,,,2,,,,,402,0,0,,4981,,,,,,,,,,,,,74,,,,,
MSR,North America,Montserrat,2021-11-20,44,0,0,1,0,0,8834,0,86,201,0,0,,,,,,,,,,,,,,,,,,,,,,,,2,,,,,402,0,0,,4981,,,,,,,,,,,,,74,,,,,
MSR,North America,Montserrat,2021-11-21,44,0,0,1,0,0,8834,0,86,201,0,0,,,,,,,,,,,,,,,,,,,,,,,,2,,,,,402,0,0,,4981,,,,,,,,,,,,,74,,,,,
MSR,North America,Montserrat,2021-11-22,44,0,0,1,0,0,8834,0,86,201,0,0,,,,,,,,,,,,,,,,,,,,,,,,2,,,,,402,0,0,,4981,,,,,,,,,,,,,74,,,,,
MSR,North America,Montserrat,2021-11-23,44,0,0,1,0,0,8834,0,86,201,0,0,,,,,,,,,,,,,,,,,,,,,,,,2,,,,,402,0,0,,4981,,,,,,,,,,,,,74,,,,,
MSR,North America,Montserrat,2021-11-24,44,0,0,1,0,0,8834,0,86,201,0,0,,,,,,,,,,,,,,,,,,,,,,,,2,,,,,402,0,0,,4981,,,,,,,,,,,,,74,,,,,
MSR,North America,Montserrat,2021-11-25,44,0,0,1,0,0,8834,0,86,201,0,0,,,,,,,,,,,,,,,,,,,,,,,,2,,,,,402,0,0,,4981,,,,,,,,,,,,,74,,,,,
MSR,North America,Montserrat,2021-11-26,44,0,0,1,0,0,8834,0,0,201,0,0,,,,,,,,,,,,,,,,,,,,,,,,2,,,,,402,0,0,,4981,,,,,,,,,,,,,74,,,,,
MSR,North America,Montserrat,2021-11-27,44,0,0,1,0,0,8834,0,0,201,0,0,,,,,,,,,,,,,,,,,,,,,,,,2,,,,,402,0,0,,4981,,,,,,,,,,,,,74,,,,,
MSR,North America,Montserrat,2021-11-28,44,0,0,1,0,0,8834,0,0,201,0,0,,,,,,,,,,,,,,,,,,,,,,,,2,,,,,402,0,0,,4981,,,,,,,,,,,,,74,,,,,
MSR,North America,Montserrat,2021-11-29,44,0,0,1,0,0,8834,0,0,201,0,0,,,,,,,,,,,,,,,,,,,,,,,,2,,,,,402,0,0,,4981,,,,,,,,,,,,,74,,,,,
MSR,North America,Montserrat,2021-11-30,44,0,0,1,0,0,8834,0,0,201,0,0,,,,,,,,,,,,,,,,,,,,,,,,2,,,,,402,0,0,,4981,,,,,,,,,,,,,74,,,,,
MSR,North America,Montserrat,2021-12-01,44,0,0,1,0,0,8834,0,0,201,0,0,,,,,,,,,,,,,,,,,,,,,,,,2,,,,,402,0,0,,4981,,,,,,,,,,,,,74,,,,,
MSR,North America,Montserrat,2021-12-02,44,0,0,1,0,0,8834,0,0,201,0,0,,,,,,,,,,,,,,,,,,,,,,,,2,,,,,402,0,0,,4981,,,,,,,,,,,,,74,,,,,
MSR,North America,Montserrat,2021-12-03,44,0,0,1,0,0,8834,0,0,201,0,0,,,,,,,,,,,,,,,,,,,,,,,,2,,,,,402,0,0,,4981,,,,,,,,,,,,,74,,,,,
MSR,North America,Montserrat,2021-12-04,44,0,0,1,0,0,8834,0,0,201,0,0,,,,,,,,,,,,,,,,,,,,,,,,2,,,,,402,0,0,,4981,,,,,,,,,,,,,74,,,,,
MSR,North America,Montserrat,2021-12-05,44,0,0,1,0,0,8834,0,0,201,0,0,,,,,,,,,,,,,,,,,,,,,,,,2,,,,,402,0,0,,4981,,,,,,,,,,,,,74,,,,,
MSR,North America,Montserrat,2021-12-06,44,0,0,1,0,0,8834,0,0,201,0,0,,,,,,,,,,,,,,,,,,,,,,,,2,,,,,402,0,0,,4981,,,,,,,,,,,,,74,,,,,
MSR,North America,Montserrat,2021-12-07,44,0,0,1,0,0,8834,0,0,201,0,0,,,,,,,,,,,,,,,,,,,,,,,,2,,,,,402,0,0,,4981,,,,,,,,,,,,,74,,,,,
MSR,North America,Montserrat,2021-12-08,44,0,0,1,0,0,8834,0,0,201,0,0,,,,,,,,,,,,,,,,,,,,,,,,2,,,,,402,0,0,,4981,,,,,,,,,,,,,74,,,,,
MSR,North America,Montserrat,2021-12-09,44,0,0,1,0,0,8834,0,0,201,0,0,,,,,,,,,,,,,,,,,,,,,,,,2,,,,,402,0,0,,4981,,,,,,,,,,,,,74,,,,,
MSR,North America,Montserrat,2021-12-10,44,0,0,1,0,0,8834,0,0,201,0,0,,,,,,,,,,,,,,,,,,,,,,,,2,,,,,402,0,0,,4981,,,,,,,,,,,,,74,,,,,
MSR,North America,Montserrat,2021-12-11,44,0,0,1,0,0,8834,0,0,201,0,0,,,,,,,,,,,,,,,,,,,,,,,,2,,,,,402,0,0,,4981,,,,,,,,,,,,,74,,,,,
MSR,North America,Montserrat,2021-12-12,44,0,0,1,0,0,8834,0,0,201,0,0,,,,,,,,,,,,,,,,,,,,,,,,2,,,,,402,0,0,,4981,,,,,,,,,,,,,74,,,,,
MSR,North America,Montserrat,2021-12-13,44,0,0,1,0,0,8834,0,0,201,0,0,,,,,,,,,,,,,,,,,,,,,,,,2,,,,,402,0,0,,4981,,,,,,,,,,,,,74,,,,,
MSR,North America,Montserrat,2021-12-14,44,0,0,1,0,0,8834,0,0,201,0,0,,,,,,,,,,,,,,,,,,,,,,,,2,,,,,402,0,0,,4981,,,,,,,,,,,,,74,,,,,
MSR,North America,Montserrat,2021-12-15,44,0,0,1,0,0,8834,0,0,201,0,0,,,,,,,,,,,,,,,,,,,,,,,,2,,,,,402,0,0,,4981,,,,,,,,,,,,,74,,,,,
MSR,North America,Montserrat,2021-12-16,44,0,0,1,0,0,8834,0,0,201,0,0,,,,,,,,,,,,,,,,,,,,,,,,2,,,,,402,0,0,,4981,,,,,,,,,,,,,74,,,,,
MSR,North America,Montserrat,2021-12-17,44,0,0,1,0,0,8834,0,0,201,0,0,,,,,,,,,,,,,,,,,,,,,,,,2,,,,,402,0,0,,4981,,,,,,,,,,,,,74,,,,,
MSR,North America,Montserrat,2021-12-18,44,0,0,1,0,0,8834,0,0,201,0,0,,,,,,,,,,,,,,,,,,,,,,,,2,,,,,402,0,0,,4981,,,,,,,,,,,,,74,,,,,
MSR,North America,Montserrat,2021-12-19,44,0,0,1,0,0,8834,0,0,201,0,0,,,,,,,,,,,,,,,,,,,,,,,,2,,,,,402,0,0,,4981,,,,,,,,,,,,,74,,,,,
MSR,North America,Montserrat,2021-12-20,45,1,0,1,0,0,9034,201,29,201,0,0,,,,,,,,,,,,,,,,,,,,,,,,2,,,,,402,0,0,,4981,,,,,,,,,,,,,74,,,,,
MSR,North America,Montserrat,2021-12-21,45,0,0,1,0,0,9034,0,29,201,0,0,,,,,,,,,,,,,,,,,,,,,,,,2,,,,,402,0,0,,4981,,,,,,,,,,,,,74,,,,,
MSR,North America,Montserrat,2021-12-22,45,0,0,1,0,0,9034,0,29,201,0,0,,,,,,,,,,,,,,,,,,,,,,,,2,,,,,402,0,0,,4981,,,,,,,,,,,,,74,,,,,
MSR,North America,Montserrat,2021-12-23,45,0,0,1,0,0,9034,0,29,201,0,0,,,,,,,,,,,,,,,,,,,3020,1547,1472,,,2,61,31,30,,402,0,0,,4981,,,,,,,,,,,,,74,,,,,
MSR,North America,Montserrat,2021-12-24,45,0,0,1,0,0,9034,0,29,201,0,0,,,,,,,,,,,,,,,,,,,,,,,,,,,,,,,,,4981,,,,,,,,,,,,,74,,,,,
MSR,North America,Montserrat,2021-12-25,45,0,0,1,0,0,9034,0,29,201,0,0,,,,,,,,,,,,,,,,,,,,,,,,,,,,,,,,,4981,,,,,,,,,,,,,74,,,,,
MSR,North America,Montserrat,2021-12-26,45,0,0,1,0,0,9034,0,29,201,0,0,,,,,,,,,,,,,,,,,,,,,,,,,,,,,,,,,4981,,,,,,,,,,,,,74,,,,,
MSR,North America,Montserrat,2021-12-27,45,0,0,1,0,0,9034,0,0,201,0,0,,,,,,,,,,,,,,,,,,,,,,,,,,,,,,,,,4981,,,,,,,,,,,,,74,,,,,
MSR,North America,Montserrat,2021-12-28,45,0,0,1,0,0,9034,0,0,201,0,0,,,,,,,,,,,,,,,,,,,,,,,,,,,,,,,,,4981,,,,,,,,,,,,,74,,,,,
