countryterritoryCode,continentExp,countriesAndTerritories,dateRep,total_cases,cases,new_cases_smoothed,total_deaths,deaths,new_deaths_smoothed,total_cases_per_million,new_cases_per_million,new_cases_smoothed_per_million,total_deaths_per_million,new_deaths_per_million,new_deaths_smoothed_per_million,reproduction_rate,icu_patients,icu_patients_per_million,hosp_patients,hosp_patients_per_million,weekly_icu_admissions,weekly_icu_admissions_per_million,weekly_hosp_admissions,weekly_hosp_admissions_per_million,total_tests,new_tests,total_tests_per_thousand,new_tests_per_thousand,new_tests_smoothed,new_tests_smoothed_per_thousand,positive_rate,tests_per_case,tests_units,total_vaccinations,people_vaccinated,people_fully_vaccinated,total_boosters,new_vaccinations,new_vaccinations_smoothed,total_vaccinations_per_hundred,people_vaccinated_per_hundred,people_fully_vaccinated_per_hundred,total_boosters_per_hundred,new_vaccinations_smoothed_per_million,new_people_vaccinated_smoothed,new_people_vaccinated_smoothed_per_hundred,stringency_index,popData2019,population_density,median_age,aged_65_older,aged_70_older,gdp_per_capita,extreme_poverty,cardiovasc_death_rate,diabetes_prevalence,female_smokers,male_smokers,handwashing_facilities,hospital_beds_per_thousand,life_expectancy,human_development_index,excess_mortality_cumulative_absolute,excess_mortality_cumulative,excess_mortality,excess_mortality_cumulative_per_million
TON,Oceania,Tonga,2021-04-20,,,,,,,,,,,,,,,,,,,,,,,,,,,,,,,2287,2287,,,,,2,2,,,,,,47,106759,150,22,6,4,5426,,227,15,12,44,,3,71,1,,,,
TON,Oceania,Tonga,2021-04-21,,,,,,,,,,,,,,,,,,,,,,,,,,,,,,,,,,,,425,,,,,3981,425,0,47,106759,150,22,6,4,5426,,227,15,12,44,,3,71,1,,,,
TON,Oceania,Tonga,2021-04-22,,,,,,,,,,,,,,,,,,,,,,,,,,,,,,,,,,,,425,,,,,3981,425,0,47,106759,150,22,6,4,5426,,227,15,12,44,,3,71,1,,,,
TON,Oceania,Tonga,2021-04-23,,,,,,,,,,,,,,,,,,,,,,,,,,,,,,,,,,,,425,,,,,3981,425,0,47,106759,150,22,6,4,5426,,227,15,12,44,,3,71,1,,,,
TON,Oceania,Tonga,2021-04-24,,,,,,,,,,,,,,,,,,,,,,,,,,,,,,,,,,,,425,,,,,3981,425,0,47,106759,150,22,6,4,5426,,227,15,12,44,,3,71,1,,,,
TON,Oceania,Tonga,2021-04-25,,,,,,,,,,,,,,,,,,,,,,,,,,,,,,,,,,,,425,,,,,3981,425,0,47,106759,150,22,6,4,5426,,227,15,12,44,,3,71,1,,,,
TON,Oceania,Tonga,2021-04-26,,,,,,,,,,,,,,,,,,,,,,,,,,,,,,,,,,,,425,,,,,3981,425,0,47,106759,150,22,6,4,5426,,227,15,12,44,,3,71,1,,,,
TON,Oceania,Tonga,2021-04-27,,,,,,,,,,,,,,,,,,,,,,,,,,,,,,,,,,,,425,,,,,3981,425,0,47,106759,150,22,6,4,5426,,227,15,12,44,,3,71,1,,,,
TON,Oceania,Tonga,2021-04-28,,,,,,,,,,,,,,,,,,,,,,,,,,,,,,,,,,,,425,,,,,3981,425,0,47,106759,150,22,6,4,5426,,227,15,12,44,,3,71,1,,,,
TON,Oceania,Tonga,2021-04-29,,,,,,,,,,,,,,,,,,,,,,,,,,,,,,,,,,,,425,,,,,3981,425,0,47,106759,150,22,6,4,5426,,227,15,12,44,,3,71,1,,,,
TON,Oceania,Tonga,2021-04-30,,,,,,,,,,,,,,,,,,,,,,,,,,,,,,,,,,,,425,,,,,3981,425,0,47,106759,150,22,6,4,5426,,227,15,12,44,,3,71,1,,,,
TON,Oceania,Tonga,2021-05-01,,,,,,,,,,,,,,,,,,,,,,,,,,,,,,,,,,,,425,,,,,3981,425,0,47,106759,150,22,6,4,5426,,227,15,12,44,,3,71,1,,,,
TON,Oceania,Tonga,2021-05-02,,,,,,,,,,,,,,,,,,,,,,,,,,,,,,,,,,,,425,,,,,3981,425,0,47,106759,150,22,6,4,5426,,227,15,12,44,,3,71,1,,,,
TON,Oceania,Tonga,2021-05-03,,,,,,,,,,,,,,,,,,,,,,,,,,,,,,,,,,,,425,,,,,3981,425,0,47,106759,150,22,6,4,5426,,227,15,12,44,,3,71,1,,,,
TON,Oceania,Tonga,2021-05-04,,,,,,,,,,,,,,,,,,,,,,,,,,,,,,,,,,,,425,,,,,3981,425,0,47,106759,150,22,6,4,5426,,227,15,12,44,,3,71,1,,,,
TON,Oceania,Tonga,2021-05-05,,,,,,,,,,,,,,,,,,,,,,,,,,,,,,,,,,,,425,,,,,3981,425,0,47,106759,150,22,6,4,5426,,227,15,12,44,,3,71,1,,,,
TON,Oceania,Tonga,2021-05-06,,,,,,,,,,,,,,,,,,,,,,,,,,,,,,,,,,,,425,,,,,3981,425,0,47,106759,150,22,6,4,5426,,227,15,12,44,,3,71,1,,,,
TON,Oceania,Tonga,2021-05-07,,,,,,,,,,,,,,,,,,,,,,,,,,,,,,,,,,,,425,,,,,3981,425,0,47,106759,150,22,6,4,5426,,227,15,12,44,,3,71,1,,,,
TON,Oceania,Tonga,2021-05-08,,,,,,,,,,,,,,,,,,,,,,,,,,,,,,,,,,,,425,,,,,3981,425,0,47,106759,150,22,6,4,5426,,227,15,12,44,,3,71,1,,,,
TON,Oceania,Tonga,2021-05-09,,,,,,,,,,,,,,,,,,,,,,,,,,,,,,,,,,,,425,,,,,3981,425,0,47,106759,150,22,6,4,5426,,227,15,12,44,,3,71,1,,,,
TON,Oceania,Tonga,2021-05-10,,,,,,,,,,,,,,,,,,,,,,,,,,,,,,,,,,,,425,,,,,3981,425,0,47,106759,150,22,6,4,5426,,227,15,12,44,,3,71,1,,,,
TON,Oceania,Tonga,2021-05-11,,,,,,,,,,,,,,,,,,,,,,,,,,,,,,,,,,,,425,,,,,3981,425,0,47,106759,150,22,6,4,5426,,227,15,12,44,,3,71,1,,,,
TON,Oceania,Tonga,2021-05-12,,,,,,,,,,,,,,,,,,,,,,,,,,,,,,,,,,,,425,,,,,3981,425,0,47,106759,150,22,6,4,5426,,227,15,12,44,,3,71,1,,,,
TON,Oceania,Tonga,2021-05-13,,,,,,,,,,,,,,,,,,,,,,,,,,,,,,,,,,,,425,,,,,3981,425,0,47,106759,150,22,6,4,5426,,227,15,12,44,,3,71,1,,,,
TON,Oceania,Tonga,2021-05-14,,,,,,,,,,,,,,,,,,,,,,,,,,,,,,,,,,,,425,,,,,3981,425,0,47,106759,150,22,6,4,5426,,227,15,12,44,,3,71,1,,,,
TON,Oceania,Tonga,2021-05-15,,,,,,,,,,,,,,,,,,,,,,,,,,,,,,,,,,,,425,,,,,3981,425,0,47,106759,150,22,6,4,5426,,227,15,12,44,,3,71,1,,,,
TON,Oceania,Tonga,2021-05-16,,,,,,,,,,,,,,,,,,,,,,,,,,,,,,,,,,,,425,,,,,3981,425,0,47,106759,150,22,6,4,5426,,227,15,12,44,,3,71,1,,,,
TON,Oceania,Tonga,2021-05-17,,,,,,,,,,,,,,,,,,,,,,,,,,,,,,,,,,,,425,,,,,3981,425,0,47,106759,150,22,6,4,5426,,227,15,12,44,,3,71,1,,,,
TON,Oceania,Tonga,2021-05-18,,,,,,,,,,,,,,,,,,,,,,,,,,,,,,,,,,,,425,,,,,3981,425,0,47,106759,150,22,6,4,5426,,227,15,12,44,,3,71,1,,,,
TON,Oceania,Tonga,2021-05-19,,,,,,,,,,,,,,,,,,,,,,,,,,,,,,,,,,,,425,,,,,3981,425,0,47,106759,150,22,6,4,5426,,227,15,12,44,,3,71,1,,,,
TON,Oceania,Tonga,2021-05-20,,,,,,,,,,,,,,,,,,,,,,,,,,,,,,,,,,,,425,,,,,3981,425,0,47,106759,150,22,6,4,5426,,227,15,12,44,,3,71,1,,,,
TON,Oceania,Tonga,2021-05-21,,,,,,,,,,,,,,,,,,,,,,,,,,,,,,,,,,,,425,,,,,3981,425,0,47,106759,150,22,6,4,5426,,227,15,12,44,,3,71,1,,,,
TON,Oceania,Tonga,2021-05-22,,,,,,,,,,,,,,,,,,,,,,,,,,,,,,,,,,,,425,,,,,3981,425,0,47,106759,150,22,6,4,5426,,227,15,12,44,,3,71,1,,,,
TON,Oceania,Tonga,2021-05-23,,,,,,,,,,,,,,,,,,,,,,,,,,,,,,,,,,,,425,,,,,3981,425,0,47,106759,150,22,6,4,5426,,227,15,12,44,,3,71,1,,,,
TON,Oceania,Tonga,2021-05-24,,,,,,,,,,,,,,,,,,,,,,,,,,,,,,,,,,,,425,,,,,3981,425,0,47,106759,150,22,6,4,5426,,227,15,12,44,,3,71,1,,,,
TON,Oceania,Tonga,2021-05-25,,,,,,,,,,,,,,,,,,,,,,,,,,,,,,,,,,,,425,,,,,3981,425,0,47,106759,150,22,6,4,5426,,227,15,12,44,,3,71,1,,,,
TON,Oceania,Tonga,2021-05-26,,,,,,,,,,,,,,,,,,,,,,,,,,,,,,,,,,,,425,,,,,3981,425,0,47,106759,150,22,6,4,5426,,227,15,12,44,,3,71,1,,,,
TON,Oceania,Tonga,2021-05-27,,,,,,,,,,,,,,,,,,,,,,,,,,,,,,,,,,,,425,,,,,3981,425,0,47,106759,150,22,6,4,5426,,227,15,12,44,,3,71,1,,,,
TON,Oceania,Tonga,2021-05-28,,,,,,,,,,,,,,,,,,,,,,,,,,,,,,,,,,,,425,,,,,3981,425,0,47,106759,150,22,6,4,5426,,227,15,12,44,,3,71,1,,,,
TON,Oceania,Tonga,2021-05-29,,,,,,,,,,,,,,,,,,,,,,,,,,,,,,,,,,,,425,,,,,3981,425,0,47,106759,150,22,6,4,5426,,227,15,12,44,,3,71,1,,,,
TON,Oceania,Tonga,2021-05-30,,,,,,,,,,,,,,,,,,,,,,,,,,,,,,,,,,,,425,,,,,3981,425,0,47,106759,150,22,6,4,5426,,227,15,12,44,,3,71,1,,,,
TON,Oceania,Tonga,2021-05-31,,,,,,,,,,,,,,,,,,,,,,,,,,,,,,,,,,,,425,,,,,3981,425,0,47,106759,150,22,6,4,5426,,227,15,12,44,,3,71,1,,,,
TON,Oceania,Tonga,2021-06-01,,,,,,,,,,,,,,,,,,,,,,,,,,,,,,,,,,,,425,,,,,3981,425,0,47,106759,150,22,6,4,5426,,227,15,12,44,,3,71,1,,,,
TON,Oceania,Tonga,2021-06-02,,,,,,,,,,,,,,,,,,,,,,,,,,,,,,,,,,,,425,,,,,3981,425,0,47,106759,150,22,6,4,5426,,227,15,12,44,,3,71,1,,,,
TON,Oceania,Tonga,2021-06-03,,,,,,,,,,,,,,,,,,,,,,,,,,,,,,,,,,,,425,,,,,3981,425,0,47,106759,150,22,6,4,5426,,227,15,12,44,,3,71,1,,,,
TON,Oceania,Tonga,2021-06-04,,,,,,,,,,,,,,,,,,,,,,,,,,,,,,,,,,,,425,,,,,3981,425,0,47,106759,150,22,6,4,5426,,227,15,12,44,,3,71,1,,,,
TON,Oceania,Tonga,2021-06-05,,,,,,,,,,,,,,,,,,,,,,,,,,,,,,,,,,,,425,,,,,3981,425,0,47,106759,150,22,6,4,5426,,227,15,12,44,,3,71,1,,,,
TON,Oceania,Tonga,2021-06-06,,,,,,,,,,,,,,,,,,,,,,,,,,,,,,,,,,,,425,,,,,3981,425,0,47,106759,150,22,6,4,5426,,227,15,12,44,,3,71,1,,,,
TON,Oceania,Tonga,2021-06-07,,,,,,,,,,,,,,,,,,,,,,,,,,,,,,,,,,,,425,,,,,3981,425,0,47,106759,150,22,6,4,5426,,227,15,12,44,,3,71,1,,,,
TON,Oceania,Tonga,2021-06-08,,,,,,,,,,,,,,,,,,,,,,,,,,,,,,,,,,,,425,,,,,3981,425,0,47,106759,150,22,6,4,5426,,227,15,12,44,,3,71,1,,,,
TON,Oceania,Tonga,2021-06-09,,,,,,,,,,,,,,,,,,,,,,,,,,,,,,,,,,,,425,,,,,3981,425,0,47,106759,150,22,6,4,5426,,227,15,12,44,,3,71,1,,,,
TON,Oceania,Tonga,2021-06-10,,,,,,,,,,,,,,,,,,,,,,,,,,,,,,,,,,,,425,,,,,3981,425,0,47,106759,150,22,6,4,5426,,227,15,12,44,,3,71,1,,,,
TON,Oceania,Tonga,2021-06-11,,,,,,,,,,,,,,,,,,,,,,,,,,,,,,,,,,,,425,,,,,3981,425,0,47,106759,150,22,6,4,5426,,227,15,12,44,,3,71,1,,,,
TON,Oceania,Tonga,2021-06-12,,,,,,,,,,,,,,,,,,,,,,,,,,,,,,,,,,,,425,,,,,3981,425,0,47,106759,150,22,6,4,5426,,227,15,12,44,,3,71,1,,,,
TON,Oceania,Tonga,2021-06-13,,,,,,,,,,,,,,,,,,,,,,,,,,,,,,,,,,,,425,,,,,3981,425,0,47,106759,150,22,6,4,5426,,227,15,12,44,,3,71,1,,,,
TON,Oceania,Tonga,2021-06-14,,,,,,,,,,,,,,,,,,,,,,,,,,,,,,,,,,,,425,,,,,3981,425,0,47,106759,150,22,6,4,5426,,227,15,12,44,,3,71,1,,,,
TON,Oceania,Tonga,2021-06-15,,,,,,,,,,,,,,,,,,,,,,,,,,,,,,,,,,,,425,,,,,3981,425,0,35,106759,150,22,6,4,5426,,227,15,12,44,,3,71,1,,,,
TON,Oceania,Tonga,2021-06-16,,,,,,,,,,,,,,,,,,,,,,,,,,,,,,,,,,,,425,,,,,3981,425,0,35,106759,150,22,6,4,5426,,227,15,12,44,,3,71,1,,,,
TON,Oceania,Tonga,2021-06-17,,,,,,,,,,,,,,,,,,,,,,,,,,,,,,,,,,,,425,,,,,3981,425,0,35,106759,150,22,6,4,5426,,227,15,12,44,,3,71,1,,,,
TON,Oceania,Tonga,2021-06-18,,,,,,,,,,,,,,,,,,,,,,,,,,,,,,,,,,,,425,,,,,3981,425,0,35,106759,150,22,6,4,5426,,227,15,12,44,,3,71,1,,,,
TON,Oceania,Tonga,2021-06-19,,,,,,,,,,,,,,,,,,,,,,,,,,,,,,,,,,,,425,,,,,3981,425,0,35,106759,150,22,6,4,5426,,227,15,12,44,,3,71,1,,,,
TON,Oceania,Tonga,2021-06-20,,,,,,,,,,,,,,,,,,,,,,,,,,,,,,,,,,,,425,,,,,3981,425,0,35,106759,150,22,6,4,5426,,227,15,12,44,,3,71,1,,,,
TON,Oceania,Tonga,2021-06-21,,,,,,,,,,,,,,,,,,,,,,,,,,,,,,,28667,28667,,,,425,27,27,,,3981,425,0,35,106759,150,22,6,4,5426,,227,15,12,44,,3,71,1,,,,
TON,Oceania,Tonga,2021-06-22,,,,,,,,,,,,,,,,,,,,,,,,,,,,,,,,,,,,399,,,,,3737,365,0,35,106759,150,22,6,4,5426,,227,15,12,44,,3,71,1,,,,
TON,Oceania,Tonga,2021-06-23,,,,,,,,,,,,,,,,,,,,,,,,,,,,,,,,,,,,373,,,,,3494,305,0,35,106759,150,22,6,4,5426,,227,15,12,44,,3,71,1,,,,
TON,Oceania,Tonga,2021-06-24,,,,,,,,,,,,,,,,,,,,,,,,,,,,,,,,,,,,346,,,,,3241,244,0,35,106759,150,22,6,4,5426,,227,15,12,44,,3,71,1,,,,
TON,Oceania,Tonga,2021-06-25,,,,,,,,,,,,,,,,,,,,,,,,,,,,,,,,,,,,320,,,,,2997,184,0,35,106759,150,22,6,4,5426,,227,15,12,44,,3,71,1,,,,
TON,Oceania,Tonga,2021-06-26,,,,,,,,,,,,,,,,,,,,,,,,,,,,,,,,,,,,293,,,,,2744,123,0,35,106759,150,22,6,4,5426,,227,15,12,44,,3,71,1,,,,
TON,Oceania,Tonga,2021-06-27,,,,,,,,,,,,,,,,,,,,,,,,,,,,,,,,,,,,267,,,,,2501,63,0,35,106759,150,22,6,4,5426,,227,15,12,44,,3,71,1,,,,
TON,Oceania,Tonga,2021-06-28,,,,,,,,,,,,,,,,,,,,,,,,,,,,,,,,,,,,240,,,,,2248,2,0,35,106759,150,22,6,4,5426,,227,15,12,44,,3,71,1,,,,
TON,Oceania,Tonga,2021-06-29,,,,,,,,,,,,,,,,,,,,,,,,,,,,,,,,,,,,240,,,,,2248,2,0,35,106759,150,22,6,4,5426,,227,15,12,44,,3,71,1,,,,
TON,Oceania,Tonga,2021-06-30,,,,,,,,,,,,,,,,,,,,,,,,,,,,,,,,,,,,240,,,,,2248,2,0,35,106759,150,22,6,4,5426,,227,15,12,44,,3,71,1,,,,
TON,Oceania,Tonga,2021-07-01,,,,,,,,,,,,,,,,,,,,,,,,,,,,,,,,,,,,240,,,,,2248,2,0,35,106759,150,22,6,4,5426,,227,15,12,44,,3,71,1,,,,
TON,Oceania,Tonga,2021-07-02,,,,,,,,,,,,,,,,,,,,,,,,,,,,,,,,,,,,240,,,,,2248,2,0,35,106759,150,22,6,4,5426,,227,15,12,44,,3,71,1,,,,
TON,Oceania,Tonga,2021-07-03,,,,,,,,,,,,,,,,,,,,,,,,,,,,,,,,,,,,240,,,,,2248,2,0,35,106759,150,22,6,4,5426,,227,15,12,44,,3,71,1,,,,
TON,Oceania,Tonga,2021-07-04,,,,,,,,,,,,,,,,,,,,,,,,,,,,,,,,,,,,240,,,,,2248,2,0,35,106759,150,22,6,4,5426,,227,15,12,44,,3,71,1,,,,
TON,Oceania,Tonga,2021-07-05,,,,,,,,,,,,,,,,,,,,,,,,,,,,,,,,,,,,240,,,,,2248,2,0,35,106759,150,22,6,4,5426,,227,15,12,44,,3,71,1,,,,
TON,Oceania,Tonga,2021-07-06,,,,,,,,,,,,,,,,,,,,,,,,,,,,,,,,,,,,240,,,,,2248,2,0,44,106759,150,22,6,4,5426,,227,15,12,44,,3,71,1,,,,
TON,Oceania,Tonga,2021-07-07,,,,,,,,,,,,,,,,,,,,,,,,,,,,,,,,,,,,240,,,,,2248,2,0,44,106759,150,22,6,4,5426,,227,15,12,44,,3,71,1,,,,
TON,Oceania,Tonga,2021-07-08,,,,,,,,,,,,,,,,,,,,,,,,,,,,,,,,,,,,240,,,,,2248,2,0,44,106759,150,22,6,4,5426,,227,15,12,44,,3,71,1,,,,
TON,Oceania,Tonga,2021-07-09,,,,,,,,,,,,,,,,,,,,,,,,,,,,,,,,,,,,240,,,,,2248,2,0,44,106759,150,22,6,4,5426,,227,15,12,44,,3,71,1,,,,
TON,Oceania,Tonga,2021-07-10,,,,,,,,,,,,,,,,,,,,,,,,,,,,,,,,,,,,240,,,,,2248,2,0,44,106759,150,22,6,4,5426,,227,15,12,44,,3,71,1,,,,
TON,Oceania,Tonga,2021-07-11,,,,,,,,,,,,,,,,,,,,,,,,,,,,,,,,,,,,240,,,,,2248,2,0,44,106759,150,22,6,4,5426,,227,15,12,44,,3,71,1,,,,
TON,Oceania,Tonga,2021-07-12,,,,,,,,,,,,,,,,,,,,,,,,,,,,,,,,,,,,240,,,,,2248,2,0,44,106759,150,22,6,4,5426,,227,15,12,44,,3,71,1,,,,
TON,Oceania,Tonga,2021-07-13,,,,,,,,,,,,,,,,,,,,,,,,,,,,,,,,,,,,240,,,,,2248,2,0,44,106759,150,22,6,4,5426,,227,15,12,44,,3,71,1,,,,
TON,Oceania,Tonga,2021-07-14,,,,,,,,,,,,,,,,,,,,,,,,,,,,,,,,,,,,240,,,,,2248,2,0,44,106759,150,22,6,4,5426,,227,15,12,44,,3,71,1,,,,
TON,Oceania,Tonga,2021-07-15,,,,,,,,,,,,,,,,,,,,,,,,,,,,,,,,,,,,240,,,,,2248,2,0,44,106759,150,22,6,4,5426,,227,15,12,44,,3,71,1,,,,
TON,Oceania,Tonga,2021-07-16,,,,,,,,,,,,,,,,,,,,,,,,,,,,,,,,,,,,240,,,,,2248,2,0,44,106759,150,22,6,4,5426,,227,15,12,44,,3,71,1,,,,
TON,Oceania,Tonga,2021-07-17,,,,,,,,,,,,,,,,,,,,,,,,,,,,,,,,,,,,240,,,,,2248,2,0,44,106759,150,22,6,4,5426,,227,15,12,44,,3,71,1,,,,
TON,Oceania,Tonga,2021-07-18,,,,,,,,,,,,,,,,,,,,,,,,,,,,,,,,,,,,240,,,,,2248,2,0,44,106759,150,22,6,4,5426,,227,15,12,44,,3,71,1,,,,
TON,Oceania,Tonga,2021-07-19,,,,,,,,,,,,,,,,,,,,,,,,,,,,,,,,,,,,240,,,,,2248,2,0,44,106759,150,22,6,4,5426,,227,15,12,44,,3,71,1,,,,
TON,Oceania,Tonga,2021-07-20,,,,,,,,,,,,,,,,,,,,,,,,,,,,,,,35635,28729,6906,,,240,33,27,6,,2248,2,0,44,106759,150,22,6,4,5426,,227,15,12,44,,3,71,1,,,,
TON,Oceania,Tonga,2021-07-21,,,,,,,,,,,,,,,,,,,,,,,,,,,,,,,,,,,,285,,,,,2670,2,0,44,106759,150,22,6,4,5426,,227,15,12,44,,3,71,1,,,,
TON,Oceania,Tonga,2021-07-22,,,,,,,,,,,,,,,,,,,,,,,,,,,,,,,,,,,,330,,,,,3091,3,0,44,106759,150,22,6,4,5426,,227,15,12,44,,3,71,1,,,,
TON,Oceania,Tonga,2021-07-23,,,,,,,,,,,,,,,,,,,,,,,,,,,,,,,,,,,,375,,,,,3513,3,0,44,106759,150,22,6,4,5426,,227,15,12,44,,3,71,1,,,,
TON,Oceania,Tonga,2021-07-24,,,,,,,,,,,,,,,,,,,,,,,,,,,,,,,,,,,,419,,,,,3925,3,0,44,106759,150,22,6,4,5426,,227,15,12,44,,3,71,1,,,,
TON,Oceania,Tonga,2021-07-25,,,,,,,,,,,,,,,,,,,,,,,,,,,,,,,,,,,,464,,,,,4346,3,0,44,106759,150,22,6,4,5426,,227,15,12,44,,3,71,1,,,,
TON,Oceania,Tonga,2021-07-26,,,,,,,,,,,,,,,,,,,,,,,,,,,,,,,,,,,,509,,,,,4768,3,0,44,106759,150,22,6,4,5426,,227,15,12,44,,3,71,1,,,,
TON,Oceania,Tonga,2021-07-27,,,,,,,,,,,,,,,,,,,,,,,,,,,,,,,39511,28753,10758,,,554,37,27,10,,5189,3,0,44,106759,150,22,6,4,5426,,227,15,12,44,,3,71,1,,,,
TON,Oceania,Tonga,2021-07-28,,,,,,,,,,,,,,,,,,,,,,,,,,,,,,,,,,,,666,,,,,6238,5,0,44,106759,150,22,6,4,5426,,227,15,12,44,,3,71,1,,,,
TON,Oceania,Tonga,2021-07-29,,,,,,,,,,,,,,,,,,,,,,,,,,,,,,,,,,,,778,,,,,7287,7,0,44,106759,150,22,6,4,5426,,227,15,12,44,,3,71,1,,,,
TON,Oceania,Tonga,2021-07-30,,,,,,,,,,,,,,,,,,,,,,,,,,,,,,,,,,,,891,,,,,8346,8,0,44,106759,150,22,6,4,5426,,227,15,12,44,,3,71,1,,,,
TON,Oceania,Tonga,2021-07-31,,,,,,,,,,,,,,,,,,,,,,,,,,,,,,,,,,,,1003,,,,,9395,10,0,44,106759,150,22,6,4,5426,,227,15,12,44,,3,71,1,,,,
TON,Oceania,Tonga,2021-08-01,,,,,,,,,,,,,,,,,,,,,,,,,,,,,,,,,,,,1116,,,,,10453,11,0,44,106759,150,22,6,4,5426,,227,15,12,44,,3,71,1,,,,
TON,Oceania,Tonga,2021-08-02,,,,,,,,,,,,,,,,,,,,,,,,,,,,,,,47553,28841,18712,,,1228,45,27,18,,11503,13,0,44,106759,150,22,6,4,5426,,227,15,12,44,,3,71,1,,,,
TON,Oceania,Tonga,2021-08-03,,,,,,,,,,,,,,,,,,,,,,,,,,,,,,,,,,,,1197,,,,,11212,13,0,44,106759,150,22,6,4,5426,,227,15,12,44,,3,71,1,,,,
TON,Oceania,Tonga,2021-08-04,,,,,,,,,,,,,,,,,,,,,,,,,,,,,,,,,,,,1054,,,,,9873,10,0,44,106759,150,22,6,4,5426,,227,15,12,44,,3,71,1,,,,
TON,Oceania,Tonga,2021-08-05,,,,,,,,,,,,,,,,,,,,,,,,,,,,,,,,,,,,910,,,,,8524,8,0,44,106759,150,22,6,4,5426,,227,15,12,44,,3,71,1,,,,
TON,Oceania,Tonga,2021-08-06,,,,,,,,,,,,,,,,,,,,,,,,,,,,,,,,,,,,767,,,,,7184,6,0,44,106759,150,22,6,4,5426,,227,15,12,44,,3,71,1,,,,
TON,Oceania,Tonga,2021-08-07,,,,,,,,,,,,,,,,,,,,,,,,,,,,,,,,,,,,623,,,,,5836,4,0,44,106759,150,22,6,4,5426,,227,15,12,44,,3,71,1,,,,
TON,Oceania,Tonga,2021-08-08,,,,,,,,,,,,,,,,,,,,,,,,,,,,,,,,,,,,480,,,,,4496,2,0,44,106759,150,22,6,4,5426,,227,15,12,44,,3,71,1,,,,
TON,Oceania,Tonga,2021-08-09,,,,,,,,,,,,,,,,,,,,,,,,,,,,,,,,,,,,336,,,,,3147,0,0,44,106759,150,22,6,4,5426,,227,15,12,44,,3,71,1,,,,
TON,Oceania,Tonga,2021-08-10,,,,,,,,,,,,,,,,,,,,,,,,,,,,,,,,,,,,336,,,,,3147,0,0,44,106759,150,22,6,4,5426,,227,15,12,44,,3,71,1,,,,
TON,Oceania,Tonga,2021-08-11,,,,,,,,,,,,,,,,,,,,,,,,,,,,,,,,,,,,336,,,,,3147,0,0,44,106759,150,22,6,4,5426,,227,15,12,44,,3,71,1,,,,
TON,Oceania,Tonga,2021-08-12,,,,,,,,,,,,,,,,,,,,,,,,,,,,,,,,,,,,336,,,,,3147,0,0,44,106759,150,22,6,4,5426,,227,15,12,44,,3,71,1,,,,
TON,Oceania,Tonga,2021-08-13,,,,,,,,,,,,,,,,,,,,,,,,,,,,,,,,,,,,336,,,,,3147,0,0,44,106759,150,22,6,4,5426,,227,15,12,44,,3,71,1,,,,
TON,Oceania,Tonga,2021-08-14,,,,,,,,,,,,,,,,,,,,,,,,,,,,,,,,,,,,336,,,,,3147,0,0,44,106759,150,22,6,4,5426,,227,15,12,44,,3,71,1,,,,
TON,Oceania,Tonga,2021-08-15,,,,,,,,,,,,,,,,,,,,,,,,,,,,,,,,,,,,336,,,,,3147,0,0,44,106759,150,22,6,4,5426,,227,15,12,44,,3,71,1,,,,
TON,Oceania,Tonga,2021-08-16,,,,,,,,,,,,,,,,,,,,,,,,,,,,,,,,,,,,336,,,,,3147,0,0,44,106759,150,22,6,4,5426,,227,15,12,44,,3,71,1,,,,
TON,Oceania,Tonga,2021-08-17,,,,,,,,,,,,,,,,,,,,,,,,,,,,,,,,,,,,336,,,,,3147,0,0,44,106759,150,22,6,4,5426,,227,15,12,44,,3,71,1,,,,
TON,Oceania,Tonga,2021-08-18,,,,,,,,,,,,,,,,,,,,,,,,,,,,,,,,,,,,336,,,,,3147,0,0,44,106759,150,22,6,4,5426,,227,15,12,44,,3,71,1,,,,
TON,Oceania,Tonga,2021-08-19,,,,,,,,,,,,,,,,,,,,,,,,,,,,,,,,,,,,336,,,,,3147,0,0,44,106759,150,22,6,4,5426,,227,15,12,44,,3,71,1,,,,
TON,Oceania,Tonga,2021-08-20,,,,,,,,,,,,,,,,,,,,,,,,,,,,,,,,,,,,336,,,,,3147,0,0,44,106759,150,22,6,4,5426,,227,15,12,44,,3,71,1,,,,
TON,Oceania,Tonga,2021-08-21,,,,,,,,,,,,,,,,,,,,,,,,,,,,,,,,,,,,336,,,,,3147,0,0,44,106759,150,22,6,4,5426,,227,15,12,44,,3,71,1,,,,
TON,Oceania,Tonga,2021-08-22,,,,,,,,,,,,,,,,,,,,,,,,,,,,,,,,,,,,336,,,,,3147,0,0,44,106759,150,22,6,4,5426,,227,15,12,44,,3,71,1,,,,
TON,Oceania,Tonga,2021-08-23,,,,,,,,,,,,,,,,,,,,,,,,,,,,,,,54619,28841,25778,,,336,51,27,24,,3147,0,0,44,106759,150,22,6,4,5426,,227,15,12,44,,3,71,1,,,,
TON,Oceania,Tonga,2021-08-24,,,,,,,,,,,,,,,,,,,,,,,,,,,,,,,,,,,,535,,,,,5011,219,0,44,106759,150,22,6,4,5426,,227,15,12,44,,3,71,1,,,,
TON,Oceania,Tonga,2021-08-25,,,,,,,,,,,,,,,,,,,,,,,,,,,,,,,,,,,,733,,,,,6866,439,0,44,106759,150,22,6,4,5426,,227,15,12,44,,3,71,1,,,,
TON,Oceania,Tonga,2021-08-26,,,,,,,,,,,,,,,,,,,,,,,,,,,,,,,,,,,,931,,,,,8721,658,1,44,106759,150,22,6,4,5426,,227,15,12,44,,3,71,1,,,,
TON,Oceania,Tonga,2021-08-27,,,,,,,,,,,,,,,,,,,,,,,,,,,,,,,,,,,,1129,,,,,10575,878,1,44,106759,150,22,6,4,5426,,227,15,12,44,,3,71,1,,,,
TON,Oceania,Tonga,2021-08-28,,,,,,,,,,,,,,,,,,,,,,,,,,,,,,,,,,,,1327,,,,,12430,1097,1,44,106759,150,22,6,4,5426,,227,15,12,44,,3,71,1,,,,
TON,Oceania,Tonga,2021-08-29,,,,,,,,,,,,,,,,,,,,,,,,,,,,,,,,,,,,1525,,,,,14285,1317,1,44,106759,150,22,6,4,5426,,227,15,12,44,,3,71,1,,,,
TON,Oceania,Tonga,2021-08-30,,,,,,,,,,,,,,,,,,,,,,,,,,,,,,,,,,,,1723,,,,,16139,1536,1,44,106759,150,22,6,4,5426,,227,15,12,44,,3,71,1,,,,
TON,Oceania,Tonga,2021-08-31,,,,,,,,,,,,,,,,,,,,,,,,,,,,,,,68404,41130,27274,,,1723,64,39,26,,16139,1536,1,44,106759,150,22,6,4,5426,,227,15,12,44,,3,71,1,,,,
TON,Oceania,Tonga,2021-09-01,,,,,,,,,,,,,,,,,,,,,,,,,,,,,,,,,,,,1512,,,,,14163,1351,1,44,106759,150,22,6,4,5426,,227,15,12,44,,3,71,1,,,,
TON,Oceania,Tonga,2021-09-02,,,,,,,,,,,,,,,,,,,,,,,,,,,,,,,,,,,,1302,,,,,12196,1165,1,44,106759,150,22,6,4,5426,,227,15,12,44,,3,71,1,,,,
TON,Oceania,Tonga,2021-09-03,,,,,,,,,,,,,,,,,,,,,,,,,,,,,,,,,,,,1091,,,,,10219,980,1,44,106759,150,22,6,4,5426,,227,15,12,44,,3,71,1,,,,
TON,Oceania,Tonga,2021-09-04,,,,,,,,,,,,,,,,,,,,,,,,,,,,,,,,,,,,880,,,,,8243,794,1,44,106759,150,22,6,4,5426,,227,15,12,44,,3,71,1,,,,
TON,Oceania,Tonga,2021-09-05,,,,,,,,,,,,,,,,,,,,,,,,,,,,,,,,,,,,669,,,,,6266,609,1,44,106759,150,22,6,4,5426,,227,15,12,44,,3,71,1,,,,
TON,Oceania,Tonga,2021-09-06,,,,,,,,,,,,,,,,,,,,,,,,,,,,,,,,,,,,458,,,,,4290,423,0,44,106759,150,22,6,4,5426,,227,15,12,44,,3,71,1,,,,
TON,Oceania,Tonga,2021-09-07,,,,,,,,,,,,,,,,,,,,,,,,,,,,,,,,,,,,248,,,,,2323,238,0,44,106759,150,22,6,4,5426,,227,15,12,44,,3,71,1,,,,
TON,Oceania,Tonga,2021-09-08,,,,,,,,,,,,,,,,,,,,,,,,,,,,,,,,,,,,248,,,,,2323,238,0,44,106759,150,22,6,4,5426,,227,15,12,44,,3,71,1,,,,
TON,Oceania,Tonga,2021-09-09,,,,,,,,,,,,,,,,,,,,,,,,,,,,,,,,,,,,248,,,,,2323,238,0,44,106759,150,22,6,4,5426,,227,15,12,44,,3,71,1,,,,
TON,Oceania,Tonga,2021-09-10,,,,,,,,,,,,,,,,,,,,,,,,,,,,,,,,,,,,248,,,,,2323,238,0,44,106759,150,22,6,4,5426,,227,15,12,44,,3,71,1,,,,
TON,Oceania,Tonga,2021-09-11,,,,,,,,,,,,,,,,,,,,,,,,,,,,,,,,,,,,248,,,,,2323,238,0,44,106759,150,22,6,4,5426,,227,15,12,44,,3,71,1,,,,
TON,Oceania,Tonga,2021-09-12,,,,,,,,,,,,,,,,,,,,,,,,,,,,,,,,,,,,248,,,,,2323,238,0,44,106759,150,22,6,4,5426,,227,15,12,44,,3,71,1,,,,
TON,Oceania,Tonga,2021-09-13,,,,,,,,,,,,,,,,,,,,,,,,,,,,,,,,,,,,248,,,,,2323,238,0,44,106759,150,22,6,4,5426,,227,15,12,44,,3,71,1,,,,
TON,Oceania,Tonga,2021-09-14,,,,,,,,,,,,,,,,,,,,,,,,,,,,,,,,,,,,248,,,,,2323,238,0,44,106759,150,22,6,4,5426,,227,15,12,44,,3,71,1,,,,
TON,Oceania,Tonga,2021-09-15,,,,,,,,,,,,,,,,,,,,,,,,,,,,,,,,,,,,248,,,,,2323,238,0,44,106759,150,22,6,4,5426,,227,15,12,44,,3,71,1,,,,
TON,Oceania,Tonga,2021-09-16,,,,,,,,,,,,,,,,,,,,,,,,,,,,,,,,,,,,248,,,,,2323,238,0,44,106759,150,22,6,4,5426,,227,15,12,44,,3,71,1,,,,
TON,Oceania,Tonga,2021-09-17,,,,,,,,,,,,,,,,,,,,,,,,,,,,,,,,,,,,248,,,,,2323,238,0,44,106759,150,22,6,4,5426,,227,15,12,44,,3,71,1,,,,
TON,Oceania,Tonga,2021-09-18,,,,,,,,,,,,,,,,,,,,,,,,,,,,,,,,,,,,248,,,,,2323,238,0,44,106759,150,22,6,4,5426,,227,15,12,44,,3,71,1,,,,
TON,Oceania,Tonga,2021-09-19,,,,,,,,,,,,,,,,,,,,,,,,,,,,,,,,,,,,248,,,,,2323,238,0,44,106759,150,22,6,4,5426,,227,15,12,44,,3,71,1,,,,
TON,Oceania,Tonga,2021-09-20,,,,,,,,,,,,,,,,,,,,,,,,,,,,,,,,,,,,248,,,,,2323,238,0,44,106759,150,22,6,4,5426,,227,15,12,44,,3,71,1,,,,
TON,Oceania,Tonga,2021-09-21,,,,,,,,,,,,,,,,,,,,,,,,,,,,,,,73603,46126,27477,,,248,69,43,26,,2323,238,0,44,106759,150,22,6,4,5426,,227,15,12,44,,3,71,1,,,,
TON,Oceania,Tonga,2021-09-22,,,,,,,,,,,,,,,,,,,,,,,,,,,,,,,,,,,,221,,,,,2070,213,0,44,106759,150,22,6,4,5426,,227,15,12,44,,3,71,1,,,,
TON,Oceania,Tonga,2021-09-23,,,,,,,,,,,,,,,,,,,,,,,,,,,,,,,,,,,,195,,,,,1827,187,0,44,106759,150,22,6,4,5426,,227,15,12,44,,3,71,1,,,,
TON,Oceania,Tonga,2021-09-24,,,,,,,,,,,,,,,,,,,,,,,,,,,,,,,,,,,,169,,,,,1583,162,0,44,106759,150,22,6,4,5426,,227,15,12,44,,3,71,1,,,,
TON,Oceania,Tonga,2021-09-25,,,,,,,,,,,,,,,,,,,,,,,,,,,,,,,,,,,,143,,,,,1339,137,0,44,106759,150,22,6,4,5426,,227,15,12,44,,3,71,1,,,,
TON,Oceania,Tonga,2021-09-26,,,,,,,,,,,,,,,,,,,,,,,,,,,,,,,,,,,,117,,,,,1096,112,0,44,106759,150,22,6,4,5426,,227,15,12,44,,3,71,1,,,,
TON,Oceania,Tonga,2021-09-27,,,,,,,,,,,,,,,,,,,,,,,,,,,,,,,,,,,,90,,,,,843,87,0,44,106759,150,22,6,4,5426,,227,15,12,44,,3,71,1,,,,
TON,Oceania,Tonga,2021-09-28,,,,,,,,,,,,,,,,,,,,,,,,,,,,,,,,,,,,64,,,,,599,61,0,44,106759,150,22,6,4,5426,,227,15,12,44,,3,71,1,,,,
TON,Oceania,Tonga,2021-09-29,,,,,,,,,,,,,,,,,,,,,,,,,,,,,,,,,,,,64,,,,,599,61,0,44,106759,150,22,6,4,5426,,227,15,12,44,,3,71,1,,,,
TON,Oceania,Tonga,2021-09-30,,,,,,,,,,,,,,,,,,,,,,,,,,,,,,,,,,,,64,,,,,599,61,0,44,106759,150,22,6,4,5426,,227,15,12,44,,3,71,1,,,,
TON,Oceania,Tonga,2021-10-01,,,,,,,,,,,,,,,,,,,,,,,,,,,,,,,,,,,,64,,,,,599,61,0,44,106759,150,22,6,4,5426,,227,15,12,44,,3,71,1,,,,
TON,Oceania,Tonga,2021-10-02,,,,,,,,,,,,,,,,,,,,,,,,,,,,,,,,,,,,64,,,,,599,61,0,44,106759,150,22,6,4,5426,,227,15,12,44,,3,71,1,,,,
TON,Oceania,Tonga,2021-10-03,,,,,,,,,,,,,,,,,,,,,,,,,,,,,,,,,,,,64,,,,,599,61,0,44,106759,150,22,6,4,5426,,227,15,12,44,,3,71,1,,,,
TON,Oceania,Tonga,2021-10-04,,,,,,,,,,,,,,,,,,,,,,,,,,,,,,,,,,,,64,,,,,599,61,0,44,106759,150,22,6,4,5426,,227,15,12,44,,3,71,1,,,,
TON,Oceania,Tonga,2021-10-05,,,,,,,,,,,,,,,,,,,,,,,,,,,,,,,74503,46985,27518,,,64,70,44,26,,599,61,0,44,106759,150,22,6,4,5426,,227,15,12,44,,3,71,1,,,,
TON,Oceania,Tonga,2021-10-06,,,,,,,,,,,,,,,,,,,,,,,,,,,,,,,,,,,,116,,,,,1087,84,0,44,106759,150,22,6,4,5426,,227,15,12,44,,3,71,1,,,,
TON,Oceania,Tonga,2021-10-07,,,,,,,,,,,,,,,,,,,,,,,,,,,,,,,,,,,,168,,,,,1574,106,0,44,106759,150,22,6,4,5426,,227,15,12,44,,3,71,1,,,,
TON,Oceania,Tonga,2021-10-08,,,,,,,,,,,,,,,,,,,,,,,,,,,,,,,,,,,,220,,,,,2061,128,0,44,106759,150,22,6,4,5426,,227,15,12,44,,3,71,1,,,,
TON,Oceania,Tonga,2021-10-09,,,,,,,,,,,,,,,,,,,,,,,,,,,,,,,,,,,,272,,,,,2548,151,0,44,106759,150,22,6,4,5426,,227,15,12,44,,3,71,1,,,,
TON,Oceania,Tonga,2021-10-10,,,,,,,,,,,,,,,,,,,,,,,,,,,,,,,,,,,,324,,,,,3035,173,0,44,106759,150,22,6,4,5426,,227,15,12,44,,3,71,1,,,,
TON,Oceania,Tonga,2021-10-11,,,,,,,,,,,,,,,,,,,,,,,,,,,,,,,,,,,,376,,,,,3522,195,0,44,106759,150,22,6,4,5426,,227,15,12,44,,3,71,1,,,,
TON,Oceania,Tonga,2021-10-12,,,,,,,,,,,,,,,,,,,,,,,,,,,,,,,,,,,,428,,,,,4009,218,0,44,106759,150,22,6,4,5426,,227,15,12,44,,3,71,1,,,,
TON,Oceania,Tonga,2021-10-13,,,,,,,,,,,,,,,,,,,,,,,,,,,,,,,,,,,,428,,,,,4009,218,0,44,106759,150,22,6,4,5426,,227,15,12,44,,3,71,1,,,,
TON,Oceania,Tonga,2021-10-14,,,,,,,,,,,,,,,,,,,,,,,,,,,,,,,,,,,,428,,,,,4009,218,0,44,106759,150,22,6,4,5426,,227,15,12,44,,3,71,1,,,,
TON,Oceania,Tonga,2021-10-15,,,,,,,,,,,,,,,,,,,,,,,,,,,,,,,,,,,,428,,,,,4009,218,0,44,106759,150,22,6,4,5426,,227,15,12,44,,3,71,1,,,,
TON,Oceania,Tonga,2021-10-16,,,,,,,,,,,,,,,,,,,,,,,,,,,,,,,,,,,,428,,,,,4009,218,0,44,106759,150,22,6,4,5426,,227,15,12,44,,3,71,1,,,,
TON,Oceania,Tonga,2021-10-17,,,,,,,,,,,,,,,,,,,,,,,,,,,,,,,,,,,,428,,,,,4009,218,0,44,106759,150,22,6,4,5426,,227,15,12,44,,3,71,1,,,,
TON,Oceania,Tonga,2021-10-18,,,,,,,,,,,,,,,,,,,,,,,,,,,,,,,80062,49817,30245,,,428,75,47,28,,4009,218,0,44,106759,150,22,6,4,5426,,227,15,12,44,,3,71,1,,,,
TON,Oceania,Tonga,2021-10-19,,,,,,,,,,,,,,,,,,,,,,,,,,,,,,,,,,,,457,,,,,4281,212,0,44,106759,150,22,6,4,5426,,227,15,12,44,,3,71,1,,,,
TON,Oceania,Tonga,2021-10-20,,,,,,,,,,,,,,,,,,,,,,,,,,,,,,,,,,,,487,,,,,4562,206,0,44,106759,150,22,6,4,5426,,227,15,12,44,,3,71,1,,,,
TON,Oceania,Tonga,2021-10-21,,,,,,,,,,,,,,,,,,,,,,,,,,,,,,,,,,,,516,,,,,4833,200,0,44,106759,150,22,6,4,5426,,227,15,12,44,,3,71,1,,,,
TON,Oceania,Tonga,2021-10-22,,,,,,,,,,,,,,,,,,,,,,,,,,,,,,,,,,,,546,,,,,5114,194,0,44,106759,150,22,6,4,5426,,227,15,12,44,,3,71,1,,,,
TON,Oceania,Tonga,2021-10-23,,,,,,,,,,,,,,,,,,,,,,,,,,,,,,,,,,,,576,,,,,5395,188,0,44,106759,150,22,6,4,5426,,227,15,12,44,,3,71,1,,,,
TON,Oceania,Tonga,2021-10-24,,,,,,,,,,,,,,,,,,,,,,,,,,,,,,,,,,,,605,,,,,5667,182,0,44,106759,150,22,6,4,5426,,227,15,12,44,,3,71,1,,,,
TON,Oceania,Tonga,2021-10-25,,,,,,,,,,,,,,,,,,,,,,,,,,,,,,,84506,51048,33458,,,635,79,48,31,,5948,176,0,44,106759,150,22,6,4,5426,,227,15,12,44,,3,71,1,,,,
TON,Oceania,Tonga,2021-10-26,,,,,,,,,,,,,,,,,,,,,,,,,,,,,,,,,,,,691,,,,,6473,222,0,44,106759,150,22,6,4,5426,,227,15,12,44,,3,71,1,,,,
TON,Oceania,Tonga,2021-10-27,,,,,,,,,,,,,,,,,,,,,,,,,,,,,,,,,,,,747,,,,,6997,268,0,44,106759,150,22,6,4,5426,,227,15,12,44,,3,71,1,,,,
TON,Oceania,Tonga,2021-10-28,,,,,,,,,,,,,,,,,,,,,,,,,,,,,,,,,,,,804,,,,,7531,314,0,44,106759,150,22,6,4,5426,,227,15,12,44,,3,71,1,,,,
TON,Oceania,Tonga,2021-10-29,1,1,,,,,9,9,,,,,,,,,,,,,,,,,,,,,,,,,,,,860,,,,,8056,360,0,44,106759,150,22,6,4,5426,,227,15,12,44,,3,71,1,,,,
TON,Oceania,Tonga,2021-10-30,1,0,,,,,9,0,,,,,,,,,,,,,,,,,,,,,,,,,,,,916,,,,,8580,405,0,44,106759,150,22,6,4,5426,,227,15,12,44,,3,71,1,,,,
TON,Oceania,Tonga,2021-10-31,1,0,,,,,9,0,,,,,,,,,,,,,,,,,,,,,,,,,,,,972,,,,,9105,451,0,44,106759,150,22,6,4,5426,,227,15,12,44,,3,71,1,,,,
TON,Oceania,Tonga,2021-11-01,1,0,,,,,9,0,,,,,,,,,,,,,,,,,,,,,,,91707,54529,37178,,,1029,86,51,35,,9639,497,0,44,106759,150,22,6,4,5426,,227,15,12,44,,3,71,1,,,,
TON,Oceania,Tonga,2021-11-02,1,0,,,,,9,0,,,,,,,,,,,,,,,,,,,,,,,,,,,,993,,,,,9301,515,0,83,106759,150,22,6,4,5426,,227,15,12,44,,3,71,1,,,,
TON,Oceania,Tonga,2021-11-03,1,0,0,,,,9,0,1,,,,,,,,,,,,,,,,,,,,,,,,,,,956,,,,,8955,533,0,83,106759,150,22,6,4,5426,,227,15,12,44,,3,71,1,,,,
TON,Oceania,Tonga,2021-11-04,1,0,0,,,,9,0,1,,,,,,,,,,,,,,,,,,,,,,,,,,,920,,,,,8618,551,1,83,106759,150,22,6,4,5426,,227,15,12,44,,3,71,1,,,,
TON,Oceania,Tonga,2021-11-05,1,0,0,,,,9,0,0,,,,,,,,,,,,,,,,,,,,,,,,,,,884,,,,,8280,569,1,83,106759,150,22,6,4,5426,,227,15,12,44,,3,71,1,,,,
TON,Oceania,Tonga,2021-11-06,1,0,0,,,,9,0,0,,,,,,,,,,,,,,,,,,,,,,,,,,,848,,,,,7943,587,1,83,106759,150,22,6,4,5426,,227,15,12,44,,3,71,1,,,,
TON,Oceania,Tonga,2021-11-07,1,0,0,,,,9,0,0,,,,,,,,,,,,,,,,,,,,,,,,,,,812,,,,,7606,606,1,83,106759,150,22,6,4,5426,,227,15,12,44,,3,71,1,,,,
TON,Oceania,Tonga,2021-11-08,1,0,0,,,,9,0,0,,,,,,,,,,,,,,,,,,,,,,,,,,,776,,,,,7269,624,1,83,106759,150,22,6,4,5426,,227,15,12,44,,3,71,1,,,,
TON,Oceania,Tonga,2021-11-09,1,0,0,,,,9,0,0,,,,,,,,,,,,,,,,,,,,,,,,,,,776,,,,,7269,624,1,47,106759,150,22,6,4,5426,,227,15,12,44,,3,71,1,,,,
TON,Oceania,Tonga,2021-11-10,1,0,0,,,,9,0,0,,,,,,,,,,,,,,,,,,,,,,,,,,,776,,,,,7269,624,1,47,106759,150,22,6,4,5426,,227,15,12,44,,3,71,1,,,,
TON,Oceania,Tonga,2021-11-11,1,0,0,,,,9,0,0,,,,,,,,,,,,,,,,,,,,,,,,,,,776,,,,,7269,624,1,47,106759,150,22,6,4,5426,,227,15,12,44,,3,71,1,,,,
TON,Oceania,Tonga,2021-11-12,1,0,0,,,,9,0,0,,,,,,,,,,,,,,,,,,,,,,,,,,,776,,,,,7269,624,1,47,106759,150,22,6,4,5426,,227,15,12,44,,3,71,1,,,,
TON,Oceania,Tonga,2021-11-13,1,0,0,,,,9,0,0,,,,,,,,,,,,,,,,,,,,,,,,,,,776,,,,,7269,624,1,47,106759,150,22,6,4,5426,,227,15,12,44,,3,71,1,,,,
TON,Oceania,Tonga,2021-11-14,1,0,0,,,,9,0,0,,,,,,,,,,,,,,,,,,,,,,,,,,,776,,,,,7269,624,1,47,106759,150,22,6,4,5426,,227,15,12,44,,3,71,1,,,,
TON,Oceania,Tonga,2021-11-15,1,0,0,,,,9,0,0,,,,,,,,,,,,,,,,,,,,,,102568,63259,39309,,,776,96,59,37,,7269,624,1,47,106759,150,22,6,4,5426,,227,15,12,44,,3,71,1,,,,
TON,Oceania,Tonga,2021-11-16,1,0,0,,,,9,0,0,,,,,,,,,,,,,,,,,,,,,,,,,,,954,,,,,8936,727,1,47,106759,150,22,6,4,5426,,227,15,12,44,,3,71,1,,,,
TON,Oceania,Tonga,2021-11-17,1,0,0,,,,9,0,0,,,,,,,,,,,,,,,,,,,,,,,,,,,1133,,,,,10613,831,1,47,106759,150,22,6,4,5426,,227,15,12,44,,3,71,1,,,,
TON,Oceania,Tonga,2021-11-18,1,0,0,,,,9,0,0,,,,,,,,,,,,,,,,,,,,,,,,,,,1312,,,,,12289,934,1,47,106759,150,22,6,4,5426,,227,15,12,44,,3,71,1,,,,
TON,Oceania,Tonga,2021-11-19,1,0,0,,,,9,0,0,,,,,,,,,,,,,,,,,,,,,,,,,,,1490,,,,,13957,1038,1,47,106759,150,22,6,4,5426,,227,15,12,44,,3,71,1,,,,
TON,Oceania,Tonga,2021-11-20,1,0,0,,,,9,0,0,,,,,,,,,,,,,,,,,,,,,,,,,,,1669,,,,,15633,1141,1,47,106759,150,22,6,4,5426,,227,15,12,44,,3,71,1,,,,
TON,Oceania,Tonga,2021-11-21,1,0,0,,,,9,0,0,,,,,,,,,,,,,,,,,,,,,,,,,,,1848,,,,,17310,1245,1,47,106759,150,22,6,4,5426,,227,15,12,44,,3,71,1,,,,
TON,Oceania,Tonga,2021-11-22,1,0,0,,,,9,0,0,,,,,,,,,,,,,,,,,,,,,,116753,72695,44058,,,2026,109,68,41,,18977,1348,1,47,106759,150,22,6,4,5426,,227,15,12,44,,3,71,1,,,,
TON,Oceania,Tonga,2021-11-23,1,0,0,,,,9,0,0,,,,,,,,,,,,,,,,,,,,,,,,,,,1763,,,,,16514,1164,1,47,106759,150,22,6,4,5426,,227,15,12,44,,3,71,1,,,,
TON,Oceania,Tonga,2021-11-24,1,0,0,,,,9,0,0,,,,,,,,,,,,,,,,,,,,,,,,,,,1499,,,,,14041,980,1,47,106759,150,22,6,4,5426,,227,15,12,44,,3,71,1,,,,
TON,Oceania,Tonga,2021-11-25,1,0,0,,,,9,0,0,,,,,,,,,,,,,,,,,,,,,,,,,,,1235,,,,,11568,796,1,47,106759,150,22,6,4,5426,,227,15,12,44,,3,71,1,,,,
TON,Oceania,Tonga,2021-11-26,1,0,0,,,,9,0,0,,,,,,,,,,,,,,,,,,,,,,,,,,,971,,,,,9095,613,1,47,106759,150,22,6,4,5426,,227,15,12,44,,3,71,1,,,,
TON,Oceania,Tonga,2021-11-27,1,0,0,,,,9,0,0,,,,,,,,,,,,,,,,,,,,,,,,,,,707,,,,,6622,429,0,47,106759,150,22,6,4,5426,,227,15,12,44,,3,71,1,,,,
TON,Oceania,Tonga,2021-11-28,1,0,0,,,,9,0,0,,,,,,,,,,,,,,,,,,,,,,,,,,,443,,,,,4150,245,0,47,106759,150,22,6,4,5426,,227,15,12,44,,3,71,1,,,,
TON,Oceania,Tonga,2021-11-29,1,0,0,,,,9,0,0,,,,,,,,,,,,,,,,,,,,,,,,,,,179,,,,,1677,61,0,47,106759,150,22,6,4,5426,,227,15,12,44,,3,71,1,,,,
TON,Oceania,Tonga,2021-11-30,1,0,0,,,,9,0,0,,,,,,,,,,,,,,,,,,,,,,118185,73183,45002,,,179,111,69,42,,1677,61,0,47,106759,150,22,6,4,5426,,227,15,12,44,,3,71,1,,,,
TON,Oceania,Tonga,2021-12-01,1,0,0,,,,9,0,0,,,,,,,,,,,,,,,,,,,,,,,,,,,186,,,,,1742,55,0,47,106759,150,22,6,4,5426,,227,15,12,44,,3,71,1,,,,
TON,Oceania,Tonga,2021-12-02,1,0,0,,,,9,0,0,,,,,,,,,,,,,,,,,,,,,,,,,,,192,,,,,1798,49,0,47,106759,150,22,6,4,5426,,227,15,12,44,,3,71,1,,,,
TON,Oceania,Tonga,2021-12-03,1,0,0,,,,9,0,0,,,,,,,,,,,,,,,,,,,,,,,,,,,199,,,,,1864,43,0,47,106759,150,22,6,4,5426,,227,15,12,44,,3,71,1,,,,
TON,Oceania,Tonga,2021-12-04,1,0,0,,,,9,0,0,,,,,,,,,,,,,,,,,,,,,,,,,,,205,,,,,1920,37,0,47,106759,150,22,6,4,5426,,227,15,12,44,,3,71,1,,,,
TON,Oceania,Tonga,2021-12-05,1,0,0,,,,9,0,0,,,,,,,,,,,,,,,,,,,,,,,,,,,212,,,,,1986,31,0,47,106759,150,22,6,4,5426,,227,15,12,44,,3,71,1,,,,
TON,Oceania,Tonga,2021-12-06,1,0,0,,,,9,0,0,,,,,,,,,,,,,,,,,,,,,,119535,73296,46239,,,218,112,69,43,,2042,25,0,53,106759,150,22,6,4,5426,,227,15,12,44,,3,71,1,,,,
TON,Oceania,Tonga,2021-12-07,1,0,0,,,,9,0,0,,,,,,,,,,,,,,,,,,,,,,,,,,,302,,,,,2829,19,0,53,106759,150,22,6,4,5426,,227,15,12,44,,3,71,1,,,,
TON,Oceania,Tonga,2021-12-08,1,0,0,,,,9,0,0,,,,,,,,,,,,,,,,,,,,,,,,,,,379,,,,,3550,20,0,47,106759,150,22,6,4,5426,,227,15,12,44,,3,71,1,,,,
TON,Oceania,Tonga,2021-12-09,1,0,0,,,,9,0,0,,,,,,,,,,,,,,,,,,,,,,,,,,,456,,,,,4271,20,0,47,106759,150,22,6,4,5426,,227,15,12,44,,3,71,1,,,,
TON,Oceania,Tonga,2021-12-10,1,0,0,,,,9,0,0,,,,,,,,,,,,,,,,,,,,,,,,,,,533,,,,,4993,21,0,47,106759,150,22,6,4,5426,,227,15,12,44,,3,71,1,,,,
TON,Oceania,Tonga,2021-12-11,1,0,0,,,,9,0,0,,,,,,,,,,,,,,,,,,,,,,,,,,,610,,,,,5714,21,0,47,106759,150,22,6,4,5426,,227,15,12,44,,3,71,1,,,,
TON,Oceania,Tonga,2021-12-12,1,0,0,,,,9,0,0,,,,,,,,,,,,,,,,,,,,,,,,,,,687,,,,,6435,22,0,47,106759,150,22,6,4,5426,,227,15,12,44,,3,71,1,,,,
TON,Oceania,Tonga,2021-12-13,1,0,0,,,,9,0,0,,,,,,,,,,,,,,,,,,,,,,,,,,,764,,,,,7156,22,0,47,106759,150,22,6,4,5426,,227,15,12,44,,3,71,1,,,,
TON,Oceania,Tonga,2021-12-14,1,0,0,,,,9,0,0,,,,,,,,,,,,,,,,,,,,,,,,,,,764,,,,,7156,22,0,47,106759,150,22,6,4,5426,,227,15,12,44,,3,71,1,,,,
TON,Oceania,Tonga,2021-12-15,1,0,0,,,,9,0,0,,,,,,,,,,,,,,,,,,,,,,,,,,,764,,,,,7156,22,0,47,106759,150,22,6,4,5426,,227,15,12,44,,3,71,1,,,,
TON,Oceania,Tonga,2021-12-16,1,0,0,,,,9,0,0,,,,,,,,,,,,,,,,,,,,,,,,,,,764,,,,,7156,22,0,47,106759,150,22,6,4,5426,,227,15,12,44,,3,71,1,,,,
TON,Oceania,Tonga,2021-12-17,1,0,0,,,,9,0,0,,,,,,,,,,,,,,,,,,,,,,,,,,,764,,,,,7156,22,0,47,106759,150,22,6,4,5426,,227,15,12,44,,3,71,1,,,,
TON,Oceania,Tonga,2021-12-18,1,0,0,,,,9,0,0,,,,,,,,,,,,,,,,,,,,,,,,,,,764,,,,,7156,22,0,47,106759,150,22,6,4,5426,,227,15,12,44,,3,71,1,,,,
TON,Oceania,Tonga,2021-12-19,1,0,0,,,,9,0,0,,,,,,,,,,,,,,,,,,,,,,,,,,,764,,,,,7156,22,0,47,106759,150,22,6,4,5426,,227,15,12,44,,3,71,1,,,,
TON,Oceania,Tonga,2021-12-20,1,0,0,,,,9,0,0,,,,,,,,,,,,,,,,,,,,,,130236,73609,56627,,,764,122,69,53,,7156,22,0,47,106759,150,22,6,4,5426,,227,15,12,44,,3,71,1,,,,
TON,Oceania,Tonga,2021-12-21,1,0,0,,,,9,0,0,,,,,,,,,,,,,,,,,,,,,,,,,,,717,,,,,6716,22,0,47,106759,150,22,6,4,5426,,227,15,12,44,,3,71,1,,,,
TON,Oceania,Tonga,2021-12-22,1,0,0,,,,9,0,0,,,,,,,,,,,,,,,,,,,,,,,,,,,670,,,,,6276,21,0,47,106759,150,22,6,4,5426,,227,15,12,44,,3,71,1,,,,
TON,Oceania,Tonga,2021-12-23,1,0,0,,,,9,0,0,,,,,,,,,,,,,,,,,,,,,,,,,,,624,,,,,5845,21,0,47,106759,150,22,6,4,5426,,227,15,12,44,,3,71,1,,,,
TON,Oceania,Tonga,2021-12-24,1,0,0,,,,9,0,0,,,,,,,,,,,,,,,,,,,,,,,,,,,577,,,,,5405,20,0,47,106759,150,22,6,4,5426,,227,15,12,44,,3,71,1,,,,
TON,Oceania,Tonga,2021-12-25,1,0,0,,,,9,0,0,,,,,,,,,,,,,,,,,,,,,,,,,,,530,,,,,4964,20,0,47,106759,150,22,6,4,5426,,227,15,12,44,,3,71,1,,,,
TON,Oceania,Tonga,2021-12-26,1,0,0,,,,9,0,0,,,,,,,,,,,,,,,,,,,,,,,,,,,483,,,,,4524,19,0,47,106759,150,22,6,4,5426,,227,15,12,44,,3,71,1,,,,
TON,Oceania,Tonga,2021-12-27,1,0,0,,,,9,0,0,,,,,,,,,,,,,,,,,,,,,,,,,,,436,,,,,4084,18,0,47,106759,150,22,6,4,5426,,227,15,12,44,,3,71,1,,,,
TON,Oceania,Tonga,2021-12-28,1,0,0,,,,9,0,0,,,,,,,,,,,,,,,,,,,,,,,,,,,436,,,,,4084,18,0,47,106759,150,22,6,4,5426,,227,15,12,44,,3,71,1,,,,
TON,Oceania,Tonga,2021-12-29,1,0,0,,,,9,0,0,,,,,,,,,,,,,,,,,,,,,,,,,,,436,,,,,4084,18,0,47,106759,150,22,6,4,5426,,227,15,12,44,,3,71,1,,,,
TON,Oceania,Tonga,2021-12-30,1,0,0,,,,9,0,0,,,,,,,,,,,,,,,,,,,,,,,,,,,436,,,,,4084,18,0,47,106759,150,22,6,4,5426,,227,15,12,44,,3,71,1,,,,
TON,Oceania,Tonga,2021-12-31,1,0,0,,,,9,0,0,,,,,,,,,,,,,,,,,,,,,,,,,,,436,,,,,4084,18,0,47,106759,150,22,6,4,5426,,227,15,12,44,,3,71,1,,,,
TON,Oceania,Tonga,2022-01-01,1,0,0,,,,9,0,0,,,,,,,,,,,,,,,,,,,,,,,,,,,436,,,,,4084,18,0,47,106759,150,22,6,4,5426,,227,15,12,44,,3,71,1,,,,
TON,Oceania,Tonga,2022-01-02,1,0,0,,,,9,0,0,,,,,,,,,,,,,,,,,,,,,,,,,,,436,,,,,4084,18,0,47,106759,150,22,6,4,5426,,227,15,12,44,,3,71,1,,,,
TON,Oceania,Tonga,2022-01-03,1,0,0,,,,9,0,0,,,,,,,,,,,,,,,,,,,,,,,,,,,436,,,,,4084,18,0,47,106759,150,22,6,4,5426,,227,15,12,44,,3,71,1,,,,
TON,Oceania,Tonga,2022-01-04,1,0,0,,,,9,0,0,,,,,,,,,,,,,,,,,,,,,,136773,73886,62887,,,436,128,69,59,,4084,18,0,47,106759,150,22,6,4,5426,,227,15,12,44,,3,71,1,,,,
TON,Oceania,Tonga,2022-01-05,1,0,0,,,,9,0,0,,,,,,,,,,,,,,,,,,,,,,,,,,,402,,,,,3765,17,0,47,106759,150,22,6,4,5426,,227,15,12,44,,3,71,1,,,,
TON,Oceania,Tonga,2022-01-06,1,0,0,,,,9,0,0,,,,,,,,,,,,,,,,,,,,,,,,,,,367,,,,,3438,16,0,47,106759,150,22,6,4,5426,,227,15,12,44,,3,71,1,,,,
TON,Oceania,Tonga,2022-01-07,1,0,0,,,,9,0,0,,,,,,,,,,,,,,,,,,,,,,,,,,,333,,,,,3119,15,0,47,106759,150,22,6,4,5426,,227,15,12,44,,3,71,1,,,,
TON,Oceania,Tonga,2022-01-08,1,0,0,,,,9,0,0,,,,,,,,,,,,,,,,,,,,,,,,,,,299,,,,,2801,14,0,47,106759,150,22,6,4,5426,,227,15,12,44,,3,71,1,,,,
TON,Oceania,Tonga,2022-01-09,1,0,0,,,,9,0,0,,,,,,,,,,,,,,,,,,,,,,,,,,,265,,,,,2482,12,0,47,106759,150,22,6,4,5426,,227,15,12,44,,3,71,1,,,,
TON,Oceania,Tonga,2022-01-10,1,0,0,,,,9,0,0,,,,,,,,,,,,,,,,,,,,,,,,,,,231,,,,,2164,11,0,47,106759,150,22,6,4,5426,,227,15,12,44,,3,71,1,,,,
TON,Oceania,Tonga,2022-01-11,1,0,0,,,,9,0,0,,,,,,,,,,,,,,,,,,,,,,138148,73956,64192,,,196,129,69,60,,1836,10,0,47,106759,150,22,6,4,5426,,227,15,12,44,,3,71,1,,,,
TON,Oceania,Tonga,2022-01-12,1,0,0,,,,9,0,0,,,,,,,,,,,,,,,,,,,,,,,,,,,179,,,,,1677,10,0,47,106759,150,22,6,4,5426,,227,15,12,44,,3,71,1,,,,
TON,Oceania,Tonga,2022-01-13,1,0,0,,,,9,0,0,,,,,,,,,,,,,,,,,,,,,,,,,,,162,,,,,1517,9,0,47,106759,150,22,6,4,5426,,227,15,12,44,,3,71,1,,,,
TON,Oceania,Tonga,2022-01-14,1,0,0,,,,9,0,0,,,,,,,,,,,,,,,,,,,,,,,,,,,145,,,,,1358,9,0,47,106759,150,22,6,4,5426,,227,15,12,44,,3,71,1,,,,
TON,Oceania,Tonga,2022-01-15,1,0,0,,,,9,0,0,,,,,,,,,,,,,,,,,,,,,,,,,,,128,,,,,1199,8,0,47,106759,150,22,6,4,5426,,227,15,12,44,,3,71,1,,,,
TON,Oceania,Tonga,2022-01-16,1,0,0,,,,9,0,0,,,,,,,,,,,,,,,,,,,,,,,,,,,111,,,,,1040,8,0,47,106759,150,22,6,4,5426,,227,15,12,44,,3,71,1,,,,
TON,Oceania,Tonga,2022-01-17,1,0,0,,,,9,0,0,,,,,,,,,,,,,,,,,,,,,,,,,,,94,,,,,880,7,0,47,106759,150,22,6,4,5426,,227,15,12,44,,3,71,1,,,,
TON,Oceania,Tonga,2022-01-18,1,0,0,,,,9,0,0,,,,,,,,,,,,,,,,,,,,,,138684,74004,64680,,,77,130,69,61,,721,7,0,47,106759,150,22,6,4,5426,,227,15,12,44,,3,71,1,,,,
TON,Oceania,Tonga,2022-01-19,1,0,0,,,,9,0,0,,,,,,,,,,,,,,,,,,,,,,,,,,,92,,,,,862,14,0,47,106759,150,22,6,4,5426,,227,15,12,44,,3,71,1,,,,
TON,Oceania,Tonga,2022-01-20,1,0,0,,,,9,0,0,,,,,,,,,,,,,,,,,,,,,,,,,,,107,,,,,1002,21,0,47,106759,150,22,6,4,5426,,227,15,12,44,,3,71,1,,,,
TON,Oceania,Tonga,2022-01-21,1,0,0,,,,9,0,0,,,,,,,,,,,,,,,,,,,,,,,,,,,123,,,,,1152,27,0,47,106759,150,22,6,4,5426,,227,15,12,44,,3,71,1,,,,
TON,Oceania,Tonga,2022-01-22,1,0,0,,,,9,0,0,,,,,,,,,,,,,,,,,,,,,,,,,,,138,,,,,1293,34,0,47,106759,150,22,6,4,5426,,227,15,12,44,,3,71,1,,,,
TON,Oceania,Tonga,2022-01-23,1,0,0,,,,9,0,0,,,,,,,,,,,,,,,,,,,,,,,,,,,154,,,,,1443,41,0,47,106759,150,22,6,4,5426,,227,15,12,44,,3,71,1,,,,
TON,Oceania,Tonga,2022-01-24,1,0,0,,,,9,0,0,,,,,,,,,,,,,,,,,,,,,,,,,,,169,,,,,1583,48,0,47,106759,150,22,6,4,5426,,227,15,12,44,,3,71,1,,,,
TON,Oceania,Tonga,2022-01-25,1,0,0,,,,9,0,0,,,,,,,,,,,,,,,,,,,,,,,,,,,185,,,,,1733,55,0,47,106759,150,22,6,4,5426,,227,15,12,44,,3,71,1,,,,
TON,Oceania,Tonga,2022-01-26,1,0,0,,,,9,0,0,,,,,,,,,,,,,,,,,,,,,,,,,,,185,,,,,1733,55,0,47,106759,150,22,6,4,5426,,227,15,12,44,,3,71,1,,,,
TON,Oceania,Tonga,2022-01-27,1,0,0,,,,9,0,0,,,,,,,,,,,,,,,,,,,,,,,,,,,185,,,,,1733,55,0,47,106759,150,22,6,4,5426,,227,15,12,44,,3,71,1,,,,
TON,Oceania,Tonga,2022-01-28,1,0,0,,,,9,0,0,,,,,,,,,,,,,,,,,,,,,,,,,,,185,,,,,1733,55,0,47,106759,150,22,6,4,5426,,227,15,12,44,,3,71,1,,,,
TON,Oceania,Tonga,2022-01-29,1,0,0,,,,9,0,0,,,,,,,,,,,,,,,,,,,,,,,,,,,185,,,,,1733,55,0,47,106759,150,22,6,4,5426,,227,15,12,44,,3,71,1,,,,
TON,Oceania,Tonga,2022-01-30,1,0,0,,,,9,0,0,,,,,,,,,,,,,,,,,,,,,,,,,,,185,,,,,1733,55,0,47,106759,150,22,6,4,5426,,227,15,12,44,,3,71,1,,,,
TON,Oceania,Tonga,2022-01-31,1,0,0,,,,9,0,0,,,,,,,,,,,,,,,,,,,,,,,,,,,185,,,,,1733,55,0,47,106759,150,22,6,4,5426,,227,15,12,44,,3,71,1,,,,
TON,Oceania,Tonga,2022-02-01,1,0,0,,,,9,0,0,,,,,,,,,,,,,,,,,,,,,,,,,,,185,,,,,1733,55,0,53,106759,150,22,6,4,5426,,227,15,12,44,,3,71,1,,,,
TON,Oceania,Tonga,2022-02-02,5,4,1,,,,47,37,5,,,,,,,,,,,,,,,,,,,,,,,,,,,185,,,,,1733,55,0,96,106759,150,22,6,4,5426,,227,15,12,44,,3,71,1,,,,
TON,Oceania,Tonga,2022-02-03,6,1,1,,,,56,9,7,,,,,,,,,,,,,,,,,,,,,,,,,,,185,,,,,1733,55,0,96,106759,150,22,6,4,5426,,227,15,12,44,,3,71,1,,,,
TON,Oceania,Tonga,2022-02-04,7,1,1,,,,66,9,8,,,,,,,,,,,,,,,,,,,,,,,,,,,185,,,,,1733,55,0,96,106759,150,22,6,4,5426,,227,15,12,44,,3,71,1,,,,
TON,Oceania,Tonga,2022-02-05,7,0,1,,,,66,0,8,,,,,,,,,,,,,,,,,,,,,,,,,,,185,,,,,1733,55,0,96,106759,150,22,6,4,5426,,227,15,12,44,,3,71,1,,,,
TON,Oceania,Tonga,2022-02-06,7,0,1,,,,66,0,8,,,,,,,,,,,,,,,,,,,,,,,,,,,185,,,,,1733,55,0,96,106759,150,22,6,4,5426,,227,15,12,44,,3,71,1,,,,
TON,Oceania,Tonga,2022-02-07,9,2,1,,,,84,19,11,,,,,,,,,,,,,,,,,,,,,,,,,,,185,,,,,1733,55,0,96,106759,150,22,6,4,5426,,227,15,12,44,,3,71,1,,,,
TON,Oceania,Tonga,2022-02-08,15,6,2,,,,141,56,19,,,,,,,,,,,,,,,,,,,,,,,,,,,185,,,,,1733,55,0,96,106759,150,22,6,4,5426,,227,15,12,44,,3,71,1,,,,
TON,Oceania,Tonga,2022-02-09,35,20,4,,,,328,187,40,,,,,,,,,,,,,,,,,,,,,,,,,,,185,,,,,1733,55,0,96,106759,150,22,6,4,5426,,227,15,12,44,,3,71,1,,,,
TON,Oceania,Tonga,2022-02-10,66,31,9,,,,618,290,80,,,,,,,,,,,,,,,,,,,,,,,,,,,185,,,,,1733,55,0,96,106759,150,22,6,4,5426,,227,15,12,44,,3,71,1,,,,
TON,Oceania,Tonga,2022-02-11,73,7,9,,,,684,66,88,,,,,,,,,,,,,,,,,,,,,,,,,,,185,,,,,1733,55,0,96,106759,150,22,6,4,5426,,227,15,12,44,,3,71,1,,,,
TON,Oceania,Tonga,2022-02-12,73,0,9,,,,684,0,88,,,,,,,,,,,,,,,,,,,,,,,,,,,185,,,,,1733,55,0,96,106759,150,22,6,4,5426,,227,15,12,44,,3,71,1,,,,
TON,Oceania,Tonga,2022-02-13,141,68,19,,,,1321,637,179,,,,,,,,,,,,,,,,,,,,,,,,,,,185,,,,,1733,55,0,96,106759,150,22,6,4,5426,,227,15,12,44,,3,71,1,,,,
TON,Oceania,Tonga,2022-02-14,141,0,19,,,,1321,0,177,,,,1,,,,,,,,,,,,,,,,,,,,,,,185,,,,,1733,55,0,96,106759,150,22,6,4,5426,,227,15,12,44,,3,71,1,,,,
TON,Oceania,Tonga,2022-02-15,141,0,18,,,,1321,0,169,,,,1,,,,,,,,,,,,,,,,,,,,,,,185,,,,,1733,55,0,96,106759,150,22,6,4,5426,,227,15,12,44,,3,71,1,,,,
TON,Oceania,Tonga,2022-02-16,141,0,15,,,,1321,0,142,,,,1,,,,,,,,,,,,,,,,,,,,,,,185,,,,,1733,55,0,96,106759,150,22,6,4,5426,,227,15,12,44,,3,71,1,,,,
TON,Oceania,Tonga,2022-02-17,210,69,21,,,,1967,646,193,,,,1,,,,,,,,,,,,,,,,,,,,,,,185,,,,,1733,55,0,96,106759,150,22,6,4,5426,,227,15,12,44,,3,71,1,,,,
TON,Oceania,Tonga,2022-02-18,234,24,23,,,,2192,225,215,,,,1,,,,,,,,,,,,,,,,,,,,,,,185,,,,,1733,55,0,96,106759,150,22,6,4,5426,,227,15,12,44,,3,71,1,,,,
TON,Oceania,Tonga,2022-02-19,234,0,23,,,,2192,0,215,,,,1,,,,,,,,,,,,,,,,,,,,,,,185,,,,,1733,55,0,96,106759,150,22,6,4,5426,,227,15,12,44,,3,71,1,,,,
TON,Oceania,Tonga,2022-02-20,234,0,13,,,,2192,0,124,,,,1,,,,,,,,,,,,,,,,,,,,,,,185,,,,,1733,55,0,96,106759,150,22,6,4,5426,,227,15,12,44,,3,71,1,,,,
TON,Oceania,Tonga,2022-02-21,234,0,13,,,,2192,0,124,,,,1,,,,,,,,,,,,,,,,,,144960,75868,69092,,,185,136,71,65,,1733,55,0,93,106759,150,22,6,4,5426,,227,15,12,44,,3,71,1,,,,
TON,Oceania,Tonga,2022-02-22,254,20,16,,,,2379,187,151,,,,1,,,,,,,,,,,,,,,,,,,,,,,204,,,,,1911,68,0,93,106759,150,22,6,4,5426,,227,15,12,44,,3,71,1,,,,
TON,Oceania,Tonga,2022-02-23,289,35,21,,,,2707,328,198,,,,1,,,,,,,,,,,,,,,,,,,,,,,223,,,,,2089,82,0,93,106759,150,22,6,4,5426,,227,15,12,44,,3,71,1,,,,
TON,Oceania,Tonga,2022-02-24,289,0,11,,,,2707,0,106,,,,1,,,,,,,,,,,,,,,,,,,,,,,242,,,,,2267,95,0,93,106759,150,22,6,4,5426,,227,15,12,44,,3,71,1,,,,
TON,Oceania,Tonga,2022-02-25,355,66,17,,,,3325,618,162,,,,1,,,,,,,,,,,,,,,,,,,,,,,261,,,,,2445,109,0,93,106759,150,22,6,4,5426,,227,15,12,44,,3,71,1,,,,
TON,Oceania,Tonga,2022-02-26,355,0,17,,,,3325,0,162,,,,1,,,,,,,,,,,,,,,,,,,,,,,281,,,,,2632,122,0,93,106759,150,22,6,4,5426,,227,15,12,44,,3,71,1,,,,
TON,Oceania,Tonga,2022-02-27,355,0,17,,,,3325,0,162,,,,1,,,,,,,,,,,,,,,,,,,,,,,300,,,,,2810,135,0,93,106759,150,22,6,4,5426,,227,15,12,44,,3,71,1,,,,
TON,Oceania,Tonga,2022-02-28,355,0,17,,,,3325,0,162,,,,1,,,,,,,,,,,,,,,,,,147193,76910,70283,,,319,138,72,66,,2988,149,0,79,106759,150,22,6,4,5426,,227,15,12,44,,3,71,1,,,,
TON,Oceania,Tonga,2022-03-01,355,0,14,,,,3325,0,135,,,,1,,,,,,,,,,,,,,,,,,,,,,,355,,,,,3325,128,0,79,106759,150,22,6,4,5426,,227,15,12,44,,3,71,1,,,,
TON,Oceania,Tonga,2022-03-02,355,0,9,,,,3325,0,88,,,,1,,,,,,,,,,,,,,,,,,,,,,,391,,,,,3662,106,0,79,106759,150,22,6,4,5426,,227,15,12,44,,3,71,1,,,,
TON,Oceania,Tonga,2022-03-03,645,290,51,,,,6042,2716,476,,,,1,,,,,,,,,,,,,,,,,,,,,,,426,,,,,3990,85,0,79,106759,150,22,6,4,5426,,227,15,12,44,,3,71,1,,,,
TON,Oceania,Tonga,2022-03-04,715,70,51,,,,6697,656,482,,,,1,,,,,,,,,,,,,,,,,,,,,,,462,,,,,4328,64,0,79,106759,150,22,6,4,5426,,227,15,12,44,,3,71,1,,,,
TON,Oceania,Tonga,2022-03-05,898,183,78,,,,8411,1714,727,,,,1,,,,,,,,,,,,,,,,,,,,,,,498,,,,,4665,43,0,79,106759,150,22,6,4,5426,,227,15,12,44,,3,71,1,,,,
TON,Oceania,Tonga,2022-03-06,898,0,78,,,,8411,0,727,,,,1,,,,,,,,,,,,,,,,,,,,,,,534,,,,,5002,21,0,79,106759,150,22,6,4,5426,,227,15,12,44,,3,71,1,,,,
TON,Oceania,Tonga,2022-03-07,1059,161,101,,,,9920,1508,942,,,,1,,,,,,,,,,,,,,,,,,,,,,,569,,,,,5330,0,0,76,106759,150,22,6,4,5426,,227,15,12,44,,3,71,1,,,,
TON,Oceania,Tonga,2022-03-08,1059,0,101,,,,9920,0,942,,,,1,,,,,,,,,,,,,,,,,,,,,,,569,,,,,5330,0,0,76,106759,150,22,6,4,5426,,227,15,12,44,,3,71,1,,,,
TON,Oceania,Tonga,2022-03-09,1220,161,124,,,,11428,1508,1157,,,,1,,,,,,,,,,,,,,,,,,,,,,,569,,,,,5330,0,0,76,106759,150,22,6,4,5426,,227,15,12,44,,3,71,1,,,,
TON,Oceania,Tonga,2022-03-10,1320,100,96,,,,12364,937,903,,,,1,,,,,,,,,,,,,,,,,,,,,,,569,,,,,5330,0,0,76,106759,150,22,6,4,5426,,227,15,12,44,,3,71,1,,,,
TON,Oceania,Tonga,2022-03-11,1320,0,86,,,,12364,0,810,,,,1,,,,,,,,,,,,,,,,,,,,,,,569,,,,,5330,0,0,76,106759,150,22,6,4,5426,,227,15,12,44,,3,71,1,,,,
TON,Oceania,Tonga,2022-03-12,1513,193,88,2,2,,14172,1808,823,19,19,,1,,,,,,,,,,,,,,,,,,,,,,,569,,,,,5330,0,0,76,106759,150,22,6,4,5426,,227,15,12,44,,3,71,1,,,,
TON,Oceania,Tonga,2022-03-13,1708,195,116,2,0,,15999,1827,1084,19,0,,1,,,,,,,,,,,,,,,,,,,,,,,569,,,,,5330,0,0,76,106759,150,22,6,4,5426,,227,15,12,44,,3,71,1,,,,
TON,Oceania,Tonga,2022-03-14,1875,167,117,2,0,,17563,1564,1092,19,0,,1,,,,,,,,,,,,,,,,,,,,,,,569,,,,,5330,0,0,76,106759,150,22,6,4,5426,,227,15,12,44,,3,71,1,,,,
TON,Oceania,Tonga,2022-03-15,2072,197,145,2,0,,19408,1845,1356,19,0,,1,,,,,,,,,,,,,,,,,,,,,,,569,,,,,5330,0,0,76,106759,150,22,6,4,5426,,227,15,12,44,,3,71,1,,,,
TON,Oceania,Tonga,2022-03-16,2072,0,122,2,0,,19408,0,1140,19,0,,1,,,,,,,,,,,,,,,,,,,,,,,569,,,,,5330,0,0,76,106759,150,22,6,4,5426,,227,15,12,44,,3,71,1,,,,
TON,Oceania,Tonga,2022-03-17,2530,458,173,2,0,0,23698,4290,1619,19,0,3,1,,,,,,,,,,,,,,,,,,,,,,,569,,,,,5330,0,0,76,106759,150,22,6,4,5426,,227,15,12,44,,3,71,1,,,,
TON,Oceania,Tonga,2022-03-18,2788,258,210,2,0,0,26115,2417,1964,19,0,3,1,,,,,,,,,,,,,,,,,,,,,,,569,,,,,5330,0,0,76,106759,150,22,6,4,5426,,227,15,12,44,,3,71,1,,,,
TON,Oceania,Tonga,2022-03-19,2788,0,182,2,0,0,26115,0,1706,19,0,0,1,,,,,,,,,,,,,,,,,,,,,,,569,,,,,5330,0,0,76,106759,150,22,6,4,5426,,227,15,12,44,,3,71,1,,,,
TON,Oceania,Tonga,2022-03-20,3232,444,218,2,0,0,30274,4159,2039,19,0,0,1,,,,,,,,,,,,,,,,,,,,,,,569,,,,,5330,0,0,81,106759,150,22,6,4,5426,,227,15,12,44,,3,71,1,,,,
TON,Oceania,Tonga,2022-03-21,3418,186,220,2,0,0,32016,1742,2065,19,0,0,1,,,,,,,,,,,,,,,,,,,,,,,569,,,,,5330,0,0,81,106759,150,22,6,4,5426,,227,15,12,44,,3,71,1,,,,
TON,Oceania,Tonga,2022-03-22,3784,366,245,2,0,0,35444,3428,2291,19,0,0,1,,,,,,,,,,,,,,,,,,,,,,,569,,,,,5330,0,0,81,106759,150,22,6,4,5426,,227,15,12,44,,3,71,1,,,,
TON,Oceania,Tonga,2022-03-23,3784,0,245,2,0,0,35444,0,2291,19,0,0,1,,,,,,,,,,,,,,,,,,,,,,,569,,,,,5330,0,0,81,106759,150,22,6,4,5426,,227,15,12,44,,3,71,1,,,,
TON,Oceania,Tonga,2022-03-24,4537,753,287,2,0,0,42498,7053,2686,19,0,0,1,,,,,,,,,,,,,,,,,,,,,,,569,,,,,5330,0,0,81,106759,150,22,6,4,5426,,227,15,12,44,,3,71,1,,,,
TON,Oceania,Tonga,2022-03-25,4872,335,298,2,0,0,45635,3138,2789,19,0,0,1,,,,,,,,,,,,,,,,,,,,,,,569,,,,,5330,0,0,81,106759,150,22,6,4,5426,,227,15,12,44,,3,71,1,,,,
TON,Oceania,Tonga,2022-03-26,5332,460,363,2,0,0,49944,4309,3404,19,0,0,1,,,,,,,,,,,,,,,,,,,,,,,569,,,,,5330,0,0,81,106759,150,22,6,4,5426,,227,15,12,44,,3,71,1,,,,
TON,Oceania,Tonga,2022-03-27,5591,259,337,2,0,0,52370,2426,3157,19,0,0,1,,,,,,,,,,,,,,,,,,,,,,,569,,,,,5330,0,0,81,106759,150,22,6,4,5426,,227,15,12,44,,3,71,1,,,,
TON,Oceania,Tonga,2022-03-28,5591,0,310,2,0,0,52370,0,2908,19,0,0,1,,,,,,,,,,,,,,,,,,,,,,,569,,,,,5330,0,0,81,106759,150,22,6,4,5426,,227,15,12,44,,3,71,1,,,,
TON,Oceania,Tonga,2022-03-29,5591,0,258,2,0,0,52370,0,2418,19,0,0,1,,,,,,,,,,,,,,,,,,,,,,,569,,,,,5330,0,0,81,106759,150,22,6,4,5426,,227,15,12,44,,3,71,1,,,,
TON,Oceania,Tonga,2022-03-30,6423,832,377,6,4,1,60164,7793,3531,56,37,5,1,,,,,,,,,,,,,,,,,,,,,,,569,,,,,5330,0,0,81,106759,150,22,6,4,5426,,227,15,12,44,,3,71,1,,,,
TON,Oceania,Tonga,2022-03-31,6423,0,269,6,0,1,60164,0,2524,56,0,5,1,,,,,,,,,,,,,,,,,,,,,,,569,,,,,5330,0,0,81,106759,150,22,6,4,5426,,227,15,12,44,,3,71,1,,,,
TON,Oceania,Tonga,2022-04-01,6546,123,239,6,0,1,61316,1152,2240,56,0,5,1,,,,,,,,,,,,,,,,,,,,,,,569,,,,,5330,0,0,81,106759,150,22,6,4,5426,,227,15,12,44,,3,71,1,,,,
TON,Oceania,Tonga,2022-04-02,6996,450,238,9,3,1,65531,4215,2227,84,28,9,1,,,,,,,,,,,,,,,,,,,,,,,569,,,,,5330,0,0,81,106759,150,22,6,4,5426,,227,15,12,44,,3,71,1,,,,
TON,Oceania,Tonga,2022-04-03,7127,131,219,9,0,1,66758,1227,2055,84,0,9,1,,,,,,,,,,,,,,,,,,,,,,,569,,,,,5330,0,0,81,106759,150,22,6,4,5426,,227,15,12,44,,3,71,1,,,,
TON,Oceania,Tonga,2022-04-04,7234,107,235,9,0,1,67760,1002,2199,84,0,9,1,,,,,,,,,,,,,,,,,,167123,76910,70283,,,569,157,72,66,,5330,0,0,81,106759,150,22,6,4,5426,,227,15,12,44,,3,71,1,,,,
TON,Oceania,Tonga,2022-04-05,7385,151,256,9,0,1,69174,1414,2401,84,0,9,1,,,,,,,,,,,,,,,,,,,,,,,776,,,,,7269,22,0,81,106759,150,22,6,4,5426,,227,15,12,44,,3,71,1,,,,
TON,Oceania,Tonga,2022-04-06,7528,143,158,9,0,0,70514,1339,1479,84,0,4,1,,,,,,,,,,,,,,,,,,,,,,,982,,,,,9198,44,0,81,106759,150,22,6,4,5426,,227,15,12,44,,3,71,1,,,,
TON,Oceania,Tonga,2022-04-07,7665,137,177,9,0,0,71797,1283,1662,84,0,4,1,,,,,,,,,,,,,,,,,,,,,,,1188,,,,,11128,66,0,81,106759,150,22,6,4,5426,,227,15,12,44,,3,71,1,,,,
TON,Oceania,Tonga,2022-04-08,7931,266,198,9,0,0,74289,2492,1853,84,0,4,1,,,,,,,,,,,,,,,,,,,,,,,1395,,,,,13067,88,0,81,106759,150,22,6,4,5426,,227,15,12,44,,3,71,1,,,,
TON,Oceania,Tonga,2022-04-09,7931,0,134,9,0,0,74289,0,1251,84,0,0,1,,,,,,,,,,,,,,,,,,,,,,,1601,,,,,14996,111,0,81,106759,150,22,6,4,5426,,227,15,12,44,,3,71,1,,,,
TON,Oceania,Tonga,2022-04-10,7931,0,115,9,0,0,74289,0,1076,84,0,0,1,,,,,,,,,,,,,,,,,,,,,,,1808,,,,,16935,133,0,81,106759,150,22,6,4,5426,,227,15,12,44,,3,71,1,,,,
TON,Oceania,Tonga,2022-04-11,8444,513,173,9,0,0,79094,4805,1619,84,0,0,1,,,,,,,,,,,,,,,,,,181220,77994,71854,,,2014,170,73,67,,18865,155,0,,106759,150,22,6,4,5426,,227,15,12,44,,3,71,1,,,,
TON,Oceania,Tonga,2022-04-12,8559,115,168,11,2,0,80171,1077,1571,103,19,3,1,,,,,,,,,,,,,,,,,,,,,,,,,,,,,,,,106759,150,22,6,4,5426,,227,15,12,44,,3,71,1,,,,
TON,Oceania,Tonga,2022-04-13,8761,202,176,11,0,0,82063,1892,1650,103,0,3,1,,,,,,,,,,,,,,,,,,,,,,,,,,,,,,,,106759,150,22,6,4,5426,,227,15,12,44,,3,71,1,,,,
TON,Oceania,Tonga,2022-04-14,8842,81,168,11,0,0,82822,759,1575,103,0,3,1,,,,,,,,,,,,,,,,,,,,,,,,,,,,,,,,106759,150,22,6,4,5426,,227,15,12,44,,3,71,1,,,,
TON,Oceania,Tonga,2022-04-15,8842,0,130,11,0,0,82822,0,1219,103,0,3,1,,,,,,,,,,,,,,,,,,,,,,,,,,,,,,,,106759,150,22,6,4,5426,,227,15,12,44,,3,71,1,,,,
TON,Oceania,Tonga,2022-04-16,8922,80,142,11,0,0,83571,749,1326,103,0,3,1,,,,,,,,,,,,,,,,,,,,,,,,,,,,,,,,106759,150,22,6,4,5426,,227,15,12,44,,3,71,1,,,,
TON,Oceania,Tonga,2022-04-17,9025,103,156,11,0,0,84536,965,1464,103,0,3,1,,,,,,,,,,,,,,,,,,,,,,,,,,,,,,,,106759,150,22,6,4,5426,,227,15,12,44,,3,71,1,,,,
TON,Oceania,Tonga,2022-04-18,9025,0,83,11,0,0,84536,0,777,103,0,3,1,,,,,,,,,,,,,,,,,,,,,,,,,,,,,,,,106759,150,22,6,4,5426,,227,15,12,44,,3,71,1,,,,
TON,Oceania,Tonga,2022-04-19,9106,81,78,11,0,0,85295,759,732,103,0,0,1,,,,,,,,,,,,,,,,,,,,,,,,,,,,,,,,106759,150,22,6,4,5426,,227,15,12,44,,3,71,1,,,,
TON,Oceania,Tonga,2022-04-20,9220,114,66,11,0,0,86363,1068,614,103,0,0,,,,,,,,,,,,,,,,,,,,,,,,,,,,,,,,,106759,150,22,6,4,5426,,227,15,12,44,,3,71,1,,,,
