date,iso,province,city,place_type,cases,deaths,recovered
2020-01-25,NL,Newfoundland and Labrador,,province,0,,
2020-01-26,NL,Newfoundland and Labrador,,province,0,,
2020-01-27,NL,Newfoundland and Labrador,,province,0,,
2020-01-28,NL,Newfoundland and Labrador,,province,0,,
2020-01-29,NL,Newfoundland and Labrador,,province,0,,
2020-01-30,NL,Newfoundland and Labrador,,province,0,,
2020-01-31,NL,Newfoundland and Labrador,,province,0,,
2020-02-01,NL,Newfoundland and Labrador,,province,0,,
2020-02-02,NL,Newfoundland and Labrador,,province,0,,
2020-02-03,NL,Newfoundland and Labrador,,province,0,,
2020-02-04,NL,Newfoundland and Labrador,,province,0,,
2020-02-05,NL,Newfoundland and Labrador,,province,0,,
2020-02-06,NL,Newfoundland and Labrador,,province,0,,
2020-02-07,NL,Newfoundland and Labrador,,province,0,,
2020-02-08,NL,Newfoundland and Labrador,,province,0,,
2020-02-09,NL,Newfoundland and Labrador,,province,0,,
2020-02-10,NL,Newfoundland and Labrador,,province,0,,
2020-02-11,NL,Newfoundland and Labrador,,province,0,,
2020-02-12,NL,Newfoundland and Labrador,,province,0,,0
2020-02-13,NL,Newfoundland and Labrador,,province,0,,0
2020-02-14,NL,Newfoundland and Labrador,,province,0,,0
2020-02-15,NL,Newfoundland and Labrador,,province,0,,0
2020-02-16,NL,Newfoundland and Labrador,,province,0,,0
2020-02-17,NL,Newfoundland and Labrador,,province,0,,0
2020-02-18,NL,Newfoundland and Labrador,,province,0,,0
2020-02-19,NL,Newfoundland and Labrador,,province,0,,0
2020-02-20,NL,Newfoundland and Labrador,,province,0,,0
2020-02-21,NL,Newfoundland and Labrador,,province,0,,0
2020-02-22,NL,Newfoundland and Labrador,,province,0,,0
2020-02-23,NL,Newfoundland and Labrador,,province,0,,0
2020-02-24,NL,Newfoundland and Labrador,,province,0,,0
2020-02-25,NL,Newfoundland and Labrador,,province,0,,0
2020-02-26,NL,Newfoundland and Labrador,,province,0,,0
2020-02-27,NL,Newfoundland and Labrador,,province,0,,0
2020-02-28,NL,Newfoundland and Labrador,,province,0,,0
2020-02-29,NL,Newfoundland and Labrador,,province,0,,0
2020-03-01,NL,Newfoundland and Labrador,,province,0,,0
2020-03-02,NL,Newfoundland and Labrador,,province,0,,0
2020-03-03,NL,Newfoundland and Labrador,,province,0,,0
2020-03-04,NL,Newfoundland and Labrador,,province,0,,0
2020-03-05,NL,Newfoundland and Labrador,,province,0,,0
2020-03-06,NL,Newfoundland and Labrador,,province,0,,0
2020-03-07,NL,Newfoundland and Labrador,,province,0,,0
2020-03-08,NL,Newfoundland and Labrador,,province,0,0,0
2020-03-09,NL,Newfoundland and Labrador,,province,0,0,0
2020-03-10,NL,Newfoundland and Labrador,,province,0,0,0
2020-03-11,NL,Newfoundland and Labrador,,province,0,0,0
2020-03-12,NL,Newfoundland and Labrador,,province,0,0,0
2020-03-13,NL,Newfoundland and Labrador,,province,0,0,0
2020-03-14,NL,Newfoundland and Labrador,,province,1,0,0
2020-03-15,NL,Newfoundland and Labrador,,province,1,0,0
2020-03-16,NL,Newfoundland and Labrador,,province,1,0,0
2020-03-17,NL,Newfoundland and Labrador,,province,3,0,0
2020-03-18,NL,Newfoundland and Labrador,,province,3,0,0
2020-03-19,NL,Newfoundland and Labrador,,province,3,0,0
2020-03-20,NL,Newfoundland and Labrador,,province,4,0,0
2020-03-21,NL,Newfoundland and Labrador,,province,6,0,0
2020-03-22,NL,Newfoundland and Labrador,,province,9,0,0
2020-03-23,NL,Newfoundland and Labrador,,province,24,0,0
2020-03-24,NL,Newfoundland and Labrador,,province,35,0,0
2020-03-25,NL,Newfoundland and Labrador,,province,67,0,0
2020-03-26,NL,Newfoundland and Labrador,,province,82,0,0
2020-03-27,NL,Newfoundland and Labrador,,province,102,0,1
2020-03-28,NL,Newfoundland and Labrador,,province,120,0,4
2020-03-29,NL,Newfoundland and Labrador,,province,135,0,4
2020-03-30,NL,Newfoundland and Labrador,,province,148,1,7
2020-03-31,NL,Newfoundland and Labrador,,province,152,1,7
2020-04-01,NL,Newfoundland and Labrador,,province,175,1,10
2020-04-02,NL,Newfoundland and Labrador,,province,183,1,10
2020-04-03,NL,Newfoundland and Labrador,,province,195,1,11
2020-04-04,NL,Newfoundland and Labrador,,province,203,1,18
2020-04-05,NL,Newfoundland and Labrador,,province,217,1,28
2020-04-06,NL,Newfoundland and Labrador,,province,226,2,32
2020-04-07,NL,Newfoundland and Labrador,,province,228,2,49
2020-04-08,NL,Newfoundland and Labrador,,province,232,2,74
2020-04-09,NL,Newfoundland and Labrador,,province,236,2,96
2020-04-10,NL,Newfoundland and Labrador,,province,239,3,103
2020-04-11,NL,Newfoundland and Labrador,,province,241,3,120
2020-04-12,NL,Newfoundland and Labrador,,province,242,3,129
2020-04-13,NL,Newfoundland and Labrador,,province,244,3,133
2020-04-14,NL,Newfoundland and Labrador,,province,244,3,149
2020-04-15,NL,Newfoundland and Labrador,,province,247,3,159
2020-04-16,NL,Newfoundland and Labrador,,province,252,3,170
2020-04-17,NL,Newfoundland and Labrador,,province,256,3,176
2020-04-18,NL,Newfoundland and Labrador,,province,256,3,189
2020-04-19,NL,Newfoundland and Labrador,,province,256,3,191
2020-04-20,NL,Newfoundland and Labrador,,province,256,3,191
2020-04-21,NL,Newfoundland and Labrador,,province,256,3,194
2020-04-22,NL,Newfoundland and Labrador,,province,256,3,199
2020-04-23,NL,Newfoundland and Labrador,,province,256,3,205
2020-04-24,NL,Newfoundland and Labrador,,province,256,3,207
2020-04-25,NL,Newfoundland and Labrador,,province,257,3,208
2020-04-26,NL,Newfoundland and Labrador,,province,258,3,219
2020-04-27,NL,Newfoundland and Labrador,,province,258,3,221
2020-04-28,NL,Newfoundland and Labrador,,province,258,3,222
2020-04-29,NL,Newfoundland and Labrador,,province,258,3,225
2020-04-30,NL,Newfoundland and Labrador,,province,258,3,225
2020-05-01,NL,Newfoundland and Labrador,,province,259,3,230
2020-05-02,NL,Newfoundland and Labrador,,province,259,3,231
2020-05-03,NL,Newfoundland and Labrador,,province,259,3,232
2020-05-04,NL,Newfoundland and Labrador,,province,259,3,233
2020-05-05,NL,Newfoundland and Labrador,,province,259,3,241
2020-05-06,NL,Newfoundland and Labrador,,province,259,3,244
2020-05-07,NL,Newfoundland and Labrador,,province,260,3,244
2020-05-08,NL,Newfoundland and Labrador,,province,260,3,244
2020-05-09,NL,Newfoundland and Labrador,,province,260,3,244
2020-05-10,NL,Newfoundland and Labrador,,province,260,3,244
2020-05-11,NL,Newfoundland and Labrador,,province,260,3,244
2020-05-12,NL,Newfoundland and Labrador,,province,260,3,247
2020-05-13,NL,Newfoundland and Labrador,,province,260,3,247
2020-05-14,NL,Newfoundland and Labrador,,province,260,3,248
2020-05-15,NL,Newfoundland and Labrador,,province,260,3,248
2020-05-16,NL,Newfoundland and Labrador,,province,260,3,249
2020-05-17,NL,Newfoundland and Labrador,,province,260,3,249
2020-05-18,NL,Newfoundland and Labrador,,province,260,3,249
2020-05-19,NL,Newfoundland and Labrador,,province,260,3,250
2020-05-20,NL,Newfoundland and Labrador,,province,260,3,253
2020-05-21,NL,Newfoundland and Labrador,,province,260,3,253
2020-05-22,NL,Newfoundland and Labrador,,province,260,3,253
2020-05-23,NL,Newfoundland and Labrador,,province,260,3,254
2020-05-24,NL,Newfoundland and Labrador,,province,260,3,254
2020-05-25,NL,Newfoundland and Labrador,,province,260,3,254
2020-05-26,NL,Newfoundland and Labrador,,province,260,3,255
2020-05-27,NL,Newfoundland and Labrador,,province,260,3,255
2020-05-28,NL,Newfoundland and Labrador,,province,261,3,255
2020-05-29,NL,Newfoundland and Labrador,,province,261,3,255
2020-05-30,NL,Newfoundland and Labrador,,province,261,3,255
2020-05-31,NL,Newfoundland and Labrador,,province,261,3,255
2020-06-01,NL,Newfoundland and Labrador,,province,261,3,255
2020-06-02,NL,Newfoundland and Labrador,,province,261,3,256
2020-06-03,NL,Newfoundland and Labrador,,province,261,3,256
2020-06-04,NL,Newfoundland and Labrador,,province,261,3,256
2020-06-05,NL,Newfoundland and Labrador,,province,261,3,256
2020-06-06,NL,Newfoundland and Labrador,,province,261,3,256
2020-06-07,NL,Newfoundland and Labrador,,province,261,3,256
2020-06-08,NL,Newfoundland and Labrador,,province,261,3,256
2020-06-09,NL,Newfoundland and Labrador,,province,261,3,256
2020-06-10,NL,Newfoundland and Labrador,,province,261,3,256
2020-06-11,NL,Newfoundland and Labrador,,province,261,3,256
2020-06-12,NL,Newfoundland and Labrador,,province,261,3,256
2020-06-13,NL,Newfoundland and Labrador,,province,261,3,256
2020-06-14,NL,Newfoundland and Labrador,,province,261,3,256
2020-06-15,NL,Newfoundland and Labrador,,province,261,3,257
2020-06-16,NL,Newfoundland and Labrador,,province,261,3,257
2020-06-17,NL,Newfoundland and Labrador,,province,261,3,257
2020-06-18,NL,Newfoundland and Labrador,,province,261,3,258
2020-06-19,NL,Newfoundland and Labrador,,province,261,3,258
2020-06-20,NL,Newfoundland and Labrador,,province,261,3,258
2020-06-21,NL,Newfoundland and Labrador,,province,261,3,258
2020-06-22,NL,Newfoundland and Labrador,,province,261,3,258
2020-06-23,NL,Newfoundland and Labrador,,province,261,3,258
2020-06-24,NL,Newfoundland and Labrador,,province,261,3,258
2020-06-25,NL,Newfoundland and Labrador,,province,261,3,258
2020-06-26,NL,Newfoundland and Labrador,,province,261,3,258
2020-06-27,NL,Newfoundland and Labrador,,province,261,3,258
2020-06-28,NL,Newfoundland and Labrador,,province,261,3,258
2020-06-29,NL,Newfoundland and Labrador,,province,261,3,258
2020-06-30,NL,Newfoundland and Labrador,,province,261,3,258
2020-07-01,NL,Newfoundland and Labrador,,province,261,3,258
2020-07-02,NL,Newfoundland and Labrador,,province,261,3,258
2020-07-03,NL,Newfoundland and Labrador,,province,261,3,258
2020-07-04,NL,Newfoundland and Labrador,,province,261,3,258
2020-07-05,NL,Newfoundland and Labrador,,province,261,3,258
2020-07-06,NL,Newfoundland and Labrador,,province,261,3,258
2020-07-07,NL,Newfoundland and Labrador,,province,261,3,258
2020-07-08,NL,Newfoundland and Labrador,,province,261,3,258
2020-07-09,NL,Newfoundland and Labrador,,province,261,3,258
2020-07-10,NL,Newfoundland and Labrador,,province,262,3,258
2020-07-11,NL,Newfoundland and Labrador,,province,262,3,258
2020-07-12,NL,Newfoundland and Labrador,,province,262,3,258
2020-07-13,NL,Newfoundland and Labrador,,province,262,3,258
2020-07-14,NL,Newfoundland and Labrador,,province,262,3,258
2020-07-15,NL,Newfoundland and Labrador,,province,262,3,258
2020-07-16,NL,Newfoundland and Labrador,,province,262,3,258
2020-07-17,NL,Newfoundland and Labrador,,province,262,3,259
2020-07-18,NL,Newfoundland and Labrador,,province,262,3,259
2020-07-19,NL,Newfoundland and Labrador,,province,262,3,259
2020-07-20,NL,Newfoundland and Labrador,,province,262,3,259
2020-07-21,NL,Newfoundland and Labrador,,province,263,3,259
2020-07-22,NL,Newfoundland and Labrador,,province,264,3,259
2020-07-23,NL,Newfoundland and Labrador,,province,264,3,259
2020-07-24,NL,Newfoundland and Labrador,,province,265,3,259
2020-07-25,NL,Newfoundland and Labrador,,province,265,3,259
2020-07-26,NL,Newfoundland and Labrador,,province,266,3,259
2020-07-27,NL,Newfoundland and Labrador,,province,266,3,259
2020-07-28,NL,Newfoundland and Labrador,,province,266,3,259
2020-07-29,NL,Newfoundland and Labrador,,province,266,3,259
2020-07-30,NL,Newfoundland and Labrador,,province,266,3,259
2020-07-31,NL,Newfoundland and Labrador,,province,266,3,259
2020-08-01,NL,Newfoundland and Labrador,,province,266,3,259
2020-08-02,NL,Newfoundland and Labrador,,province,266,3,259
2020-08-03,NL,Newfoundland and Labrador,,province,266,3,259
2020-08-04,NL,Newfoundland and Labrador,,province,266,3,260
2020-08-05,NL,Newfoundland and Labrador,,province,266,3,263
2020-08-06,NL,Newfoundland and Labrador,,province,266,3,263
2020-08-07,NL,Newfoundland and Labrador,,province,267,3,263
2020-08-08,NL,Newfoundland and Labrador,,province,267,3,263
2020-08-09,NL,Newfoundland and Labrador,,province,267,3,263
2020-08-10,NL,Newfoundland and Labrador,,province,268,3,263
2020-08-11,NL,Newfoundland and Labrador,,province,268,3,263
2020-08-12,NL,Newfoundland and Labrador,,province,268,3,263
2020-08-13,NL,Newfoundland and Labrador,,province,268,3,263
2020-08-14,NL,Newfoundland and Labrador,,province,268,3,263
2020-08-15,NL,Newfoundland and Labrador,,province,268,3,263
2020-08-16,NL,Newfoundland and Labrador,,province,268,3,263
2020-08-17,NL,Newfoundland and Labrador,,province,268,3,263
2020-08-18,NL,Newfoundland and Labrador,,province,268,3,263
2020-08-19,NL,Newfoundland and Labrador,,province,268,3,263
2020-08-20,NL,Newfoundland and Labrador,,province,268,3,263
2020-08-21,NL,Newfoundland and Labrador,,province,268,3,265
2020-08-22,NL,Newfoundland and Labrador,,province,268,3,265
2020-08-23,NL,Newfoundland and Labrador,,province,268,3,265
2020-08-24,NL,Newfoundland and Labrador,,province,268,3,265
2020-08-25,NL,Newfoundland and Labrador,,province,268,3,265
2020-08-26,NL,Newfoundland and Labrador,,province,268,3,265
2020-08-27,NL,Newfoundland and Labrador,,province,268,3,265
2020-08-28,NL,Newfoundland and Labrador,,province,269,3,265
2020-08-29,NL,Newfoundland and Labrador,,province,269,3,265
2020-08-30,NL,Newfoundland and Labrador,,province,269,3,265
2020-08-31,NL,Newfoundland and Labrador,,province,269,3,265
2020-09-01,NL,Newfoundland and Labrador,,province,269,3,265
2020-09-02,NL,Newfoundland and Labrador,,province,269,3,265
2020-09-03,NL,Newfoundland and Labrador,,province,269,3,265
2020-09-04,NL,Newfoundland and Labrador,,province,269,3,265
2020-09-05,NL,Newfoundland and Labrador,,province,270,3,265
2020-09-06,NL,Newfoundland and Labrador,,province,270,3,265
2020-09-07,NL,Newfoundland and Labrador,,province,270,3,265
2020-09-08,NL,Newfoundland and Labrador,,province,270,3,265
2020-09-09,NL,Newfoundland and Labrador,,province,270,3,266
2020-09-10,NL,Newfoundland and Labrador,,province,270,3,266
2020-09-11,NL,Newfoundland and Labrador,,province,270,3,266
2020-09-12,NL,Newfoundland and Labrador,,province,271,3,266
2020-09-13,NL,Newfoundland and Labrador,,province,271,3,266
2020-09-14,NL,Newfoundland and Labrador,,province,271,3,266
2020-09-15,NL,Newfoundland and Labrador,,province,271,3,266
2020-09-16,NL,Newfoundland and Labrador,,province,271,3,267
2020-09-17,NL,Newfoundland and Labrador,,province,271,3,267
2020-09-18,NL,Newfoundland and Labrador,,province,272,3,267
2020-09-19,NL,Newfoundland and Labrador,,province,272,3,267
2020-09-20,NL,Newfoundland and Labrador,,province,272,3,268
2020-09-21,NL,Newfoundland and Labrador,,province,272,3,268
2020-09-22,NL,Newfoundland and Labrador,,province,272,3,268
2020-09-23,NL,Newfoundland and Labrador,,province,272,3,268
2020-09-24,NL,Newfoundland and Labrador,,province,272,3,268
2020-09-25,NL,Newfoundland and Labrador,,province,272,3,268
2020-09-26,NL,Newfoundland and Labrador,,province,272,3,268
2020-09-27,NL,Newfoundland and Labrador,,province,273,3,268
2020-09-28,NL,Newfoundland and Labrador,,province,273,3,268
2020-09-29,NL,Newfoundland and Labrador,,province,273,3,268
2020-09-30,NL,Newfoundland and Labrador,,province,274,3,269
2020-10-01,NL,Newfoundland and Labrador,,province,275,3,269
2020-10-02,NL,Newfoundland and Labrador,,province,275,3,269
2020-10-03,NL,Newfoundland and Labrador,,province,276,4,269
2020-10-04,NL,Newfoundland and Labrador,,province,277,4,269
2020-10-05,NL,Newfoundland and Labrador,,province,277,4,269
2020-10-06,NL,Newfoundland and Labrador,,province,277,4,269
2020-10-07,NL,Newfoundland and Labrador,,province,277,4,269
2020-10-08,NL,Newfoundland and Labrador,,province,277,4,269
2020-10-09,NL,Newfoundland and Labrador,,province,279,4,269
2020-10-10,NL,Newfoundland and Labrador,,province,282,4,269
2020-10-11,NL,Newfoundland and Labrador,,province,282,4,269
2020-10-12,NL,Newfoundland and Labrador,,province,283,4,270
2020-10-13,NL,Newfoundland and Labrador,,province,283,4,271
2020-10-14,NL,Newfoundland and Labrador,,province,283,4,271
2020-10-15,NL,Newfoundland and Labrador,,province,284,4,271
2020-10-16,NL,Newfoundland and Labrador,,province,287,4,271
2020-10-17,NL,Newfoundland and Labrador,,province,287,4,272
2020-10-18,NL,Newfoundland and Labrador,,province,287,4,272
2020-10-19,NL,Newfoundland and Labrador,,province,287,4,272
2020-10-20,NL,Newfoundland and Labrador,,province,287,4,272
2020-10-21,NL,Newfoundland and Labrador,,province,287,4,274
2020-10-22,NL,Newfoundland and Labrador,,province,288,4,275
2020-10-23,NL,Newfoundland and Labrador,,province,288,4,275
2020-10-24,NL,Newfoundland and Labrador,,province,289,4,275
2020-10-25,NL,Newfoundland and Labrador,,province,290,4,275
2020-10-26,NL,Newfoundland and Labrador,,province,291,4,282
2020-10-27,NL,Newfoundland and Labrador,,province,291,4,283
2020-10-28,NL,Newfoundland and Labrador,,province,291,4,283
2020-10-29,NL,Newfoundland and Labrador,,province,291,4,283
2020-10-30,NL,Newfoundland and Labrador,,province,291,4,284
2020-10-31,NL,Newfoundland and Labrador,,province,291,4,284
2020-11-01,NL,Newfoundland and Labrador,,province,291,4,284
2020-11-02,NL,Newfoundland and Labrador,,province,291,4,284
2020-11-03,NL,Newfoundland and Labrador,,province,291,4,284
2020-11-04,NL,Newfoundland and Labrador,,province,292,4,285
2020-11-05,NL,Newfoundland and Labrador,,province,294,4,285
2020-11-06,NL,Newfoundland and Labrador,,province,294,4,285
2020-11-07,NL,Newfoundland and Labrador,,province,296,4,286
2020-11-08,NL,Newfoundland and Labrador,,province,296,4,286
2020-11-09,NL,Newfoundland and Labrador,,province,296,4,286
2020-11-10,NL,Newfoundland and Labrador,,province,296,4,286
2020-11-11,NL,Newfoundland and Labrador,,province,298,4,287
2020-11-12,NL,Newfoundland and Labrador,,province,298,4,287
2020-11-13,NL,Newfoundland and Labrador,,province,299,4,289
2020-11-14,NL,Newfoundland and Labrador,,province,301,4,289
2020-11-15,NL,Newfoundland and Labrador,,province,303,4,289
2020-11-16,NL,Newfoundland and Labrador,,province,303,4,289
2020-11-17,NL,Newfoundland and Labrador,,province,305,4,292
2020-11-18,NL,Newfoundland and Labrador,,province,307,4,294
2020-11-19,NL,Newfoundland and Labrador,,province,308,4,294
2020-11-20,NL,Newfoundland and Labrador,,province,311,4,294
2020-11-21,NL,Newfoundland and Labrador,,province,316,4,294
2020-11-22,NL,Newfoundland and Labrador,,province,319,4,294
2020-11-23,NL,Newfoundland and Labrador,,province,321,4,294
2020-11-24,NL,Newfoundland and Labrador,,province,323,4,295
2020-11-25,NL,Newfoundland and Labrador,,province,324,4,295
2020-11-26,NL,Newfoundland and Labrador,,province,327,4,295
2020-11-27,NL,Newfoundland and Labrador,,province,331,4,296
2020-11-28,NL,Newfoundland and Labrador,,province,333,4,297
2020-11-29,NL,Newfoundland and Labrador,,province,337,4,297
2020-11-30,NL,Newfoundland and Labrador,,province,338,4,298
2020-12-01,NL,Newfoundland and Labrador,,province,339,4,302
2020-12-02,NL,Newfoundland and Labrador,,province,340,4,306
2020-12-03,NL,Newfoundland and Labrador,,province,340,4,307
2020-12-04,NL,Newfoundland and Labrador,,province,343,4,312
2020-12-05,NL,Newfoundland and Labrador,,province,347,4,317
2020-12-06,NL,Newfoundland and Labrador,,province,351,4,317
2020-12-07,NL,Newfoundland and Labrador,,province,351,4,319
2020-12-08,NL,Newfoundland and Labrador,,province,352,4,320
2020-12-09,NL,Newfoundland and Labrador,,province,353,4,329
2020-12-10,NL,Newfoundland and Labrador,,province,354,4,330
2020-12-11,NL,Newfoundland and Labrador,,province,355,4,331
2020-12-12,NL,Newfoundland and Labrador,,province,357,4,331
2020-12-13,NL,Newfoundland and Labrador,,province,357,4,332
2020-12-14,NL,Newfoundland and Labrador,,province,358,4,332
2020-12-15,NL,Newfoundland and Labrador,,province,359,4,335
2020-12-16,NL,Newfoundland and Labrador,,province,364,4,337
2020-12-17,NL,Newfoundland and Labrador,,province,367,4,339
2020-12-18,NL,Newfoundland and Labrador,,province,372,4,341
2020-12-19,NL,Newfoundland and Labrador,,province,380,4,342
2020-12-20,NL,Newfoundland and Labrador,,province,382,4,344
2020-12-21,NL,Newfoundland and Labrador,,province,382,4,347
2020-12-22,NL,Newfoundland and Labrador,,province,383,4,347
2020-12-23,NL,Newfoundland and Labrador,,province,384,4,354
2020-12-24,NL,Newfoundland and Labrador,,province,384,4,356
2020-12-25,NL,Newfoundland and Labrador,,province,384,4,356
2020-12-26,NL,Newfoundland and Labrador,,province,384,4,356
2020-12-27,NL,Newfoundland and Labrador,,province,387,4,359
2020-12-28,NL,Newfoundland and Labrador,,province,389,4,363
2020-12-29,NL,Newfoundland and Labrador,,province,390,4,364
2020-12-30,NL,Newfoundland and Labrador,,province,390,4,365
2020-12-31,NL,Newfoundland and Labrador,,province,390,4,366
2021-01-01,NL,Newfoundland and Labrador,,province,390,4,366
2021-01-02,NL,Newfoundland and Labrador,,province,390,4,372
2021-01-03,NL,Newfoundland and Labrador,,province,390,4,374
2021-01-04,NL,Newfoundland and Labrador,,province,391,4,374
2021-01-05,NL,Newfoundland and Labrador,,province,392,4,374
2021-01-06,NL,Newfoundland and Labrador,,province,392,4,376
2021-01-07,NL,Newfoundland and Labrador,,province,392,4,376
2021-01-08,NL,Newfoundland and Labrador,,province,392,4,376
2021-01-09,NL,Newfoundland and Labrador,,province,392,4,381
2021-01-10,NL,Newfoundland and Labrador,,province,393,4,381
2021-01-11,NL,Newfoundland and Labrador,,province,393,4,381
2021-01-12,NL,Newfoundland and Labrador,,province,393,4,382
2021-01-13,NL,Newfoundland and Labrador,,province,393,4,383
2021-01-14,NL,Newfoundland and Labrador,,province,394,4,383
2021-01-15,NL,Newfoundland and Labrador,,province,395,4,383
2021-01-16,NL,Newfoundland and Labrador,,province,395,4,383
2021-01-17,NL,Newfoundland and Labrador,,province,396,4,383
2021-01-18,NL,Newfoundland and Labrador,,province,396,4,383
2021-01-19,NL,Newfoundland and Labrador,,province,396,4,384
2021-01-20,NL,Newfoundland and Labrador,,province,396,4,384
2021-01-21,NL,Newfoundland and Labrador,,province,397,4,384
2021-01-22,NL,Newfoundland and Labrador,,province,398,4,384
2021-01-23,NL,Newfoundland and Labrador,,province,398,4,386
2021-01-24,NL,Newfoundland and Labrador,,province,398,4,386
2021-01-25,NL,Newfoundland and Labrador,,province,398,4,386
2021-01-26,NL,Newfoundland and Labrador,,province,398,4,388
2021-01-27,NL,Newfoundland and Labrador,,province,400,4,388
2021-01-28,NL,Newfoundland and Labrador,,province,404,4,388
2021-01-29,NL,Newfoundland and Labrador,,province,408,4,388
2021-01-30,NL,Newfoundland and Labrador,,province,408,4,388
2021-01-31,NL,Newfoundland and Labrador,,province,408,4,388
2021-02-01,NL,Newfoundland and Labrador,,province,408,4,388
2021-02-02,NL,Newfoundland and Labrador,,province,408,4,388
2021-02-03,NL,Newfoundland and Labrador,,province,410,4,389
2021-02-04,NL,Newfoundland and Labrador,,province,411,4,390
2021-02-05,NL,Newfoundland and Labrador,,province,412,4,391
2021-02-06,NL,Newfoundland and Labrador,,province,415,4,391
2021-02-07,NL,Newfoundland and Labrador,,province,416,4,393
2021-02-08,NL,Newfoundland and Labrador,,province,427,4,393
2021-02-09,NL,Newfoundland and Labrador,,province,457,4,393
2021-02-10,NL,Newfoundland and Labrador,,province,510,4,393
2021-02-11,NL,Newfoundland and Labrador,,province,610,4,393
2021-02-12,NL,Newfoundland and Labrador,,province,660,4,393
2021-02-13,NL,Newfoundland and Labrador,,province,686,4,394
2021-02-14,NL,Newfoundland and Labrador,,province,697,4,394
2021-02-15,NL,Newfoundland and Labrador,,province,704,4,399
2021-02-16,NL,Newfoundland and Labrador,,province,711,4,407
2021-02-17,NL,Newfoundland and Labrador,,province,755,4,410
2021-02-18,NL,Newfoundland and Labrador,,province,803,4,416
2021-02-19,NL,Newfoundland and Labrador,,province,863,4,439
2021-02-20,NL,Newfoundland and Labrador,,province,901,4,460
2021-02-21,NL,Newfoundland and Labrador,,province,926,4,489
2021-02-22,NL,Newfoundland and Labrador,,province,939,4,526
2021-02-23,NL,Newfoundland and Labrador,,province,954,4,576
2021-02-24,NL,Newfoundland and Labrador,,province,962,5,610
2021-02-25,NL,Newfoundland and Labrador,,province,972,5,630
2021-02-26,NL,Newfoundland and Labrador,,province,976,5,682
2021-02-27,NL,Newfoundland and Labrador,,province,980,6,701
2021-02-28,NL,Newfoundland and Labrador,,province,987,6,716
2021-03-01,NL,Newfoundland and Labrador,,province,989,6,743
2021-03-02,NL,Newfoundland and Labrador,,province,994,6,781
2021-03-03,NL,Newfoundland and Labrador,,province,997,6,838
2021-03-04,NL,Newfoundland and Labrador,,province,1002,6,871
2021-03-05,NL,Newfoundland and Labrador,,province,1003,6,880
2021-03-06,NL,Newfoundland and Labrador,,province,1005,6,908
2021-03-07,NL,Newfoundland and Labrador,,province,1006,6,909
2021-03-08,NL,Newfoundland and Labrador,,province,1009,6,915
2021-03-09,NL,Newfoundland and Labrador,,province,1010,6,920
2021-03-10,NL,Newfoundland and Labrador,,province,1010,6,926
2021-03-11,NL,Newfoundland and Labrador,,province,1011,6,933
2021-03-12,NL,Newfoundland and Labrador,,province,1012,6,945
2021-03-13,NL,Newfoundland and Labrador,,province,1012,6,949
2021-03-14,NL,Newfoundland and Labrador,,province,1012,6,950
2021-03-15,NL,Newfoundland and Labrador,,province,1012,6,952
2021-03-16,NL,Newfoundland and Labrador,,province,1013,6,958
2021-03-17,NL,Newfoundland and Labrador,,province,1013,6,967
2021-03-18,NL,Newfoundland and Labrador,,province,1014,6,970
2021-03-19,NL,Newfoundland and Labrador,,province,1014,6,978
2021-03-20,NL,Newfoundland and Labrador,,province,1014,6,999
2021-03-21,NL,Newfoundland and Labrador,,province,1014,6,999
2021-03-22,NL,Newfoundland and Labrador,,province,1014,6,1000
2021-03-23,NL,Newfoundland and Labrador,,province,1014,6,1002
2021-03-24,NL,Newfoundland and Labrador,,province,1015,6,1002
2021-03-25,NL,Newfoundland and Labrador,,province,1015,6,1004
2021-03-26,NL,Newfoundland and Labrador,,province,1015,6,1004
2021-03-27,NL,Newfoundland and Labrador,,province,1015,6,1004
2021-03-28,NL,Newfoundland and Labrador,,province,1016,6,1004
2021-03-29,NL,Newfoundland and Labrador,,province,1016,6,1004
2021-03-30,NL,Newfoundland and Labrador,,province,1018,6,1004
2021-03-31,NL,Newfoundland and Labrador,,province,1019,6,1006
2021-04-01,NL,Newfoundland and Labrador,,province,1020,6,1006
2021-04-02,NL,Newfoundland and Labrador,,province,1020,6,1006
2021-04-03,NL,Newfoundland and Labrador,,province,1020,6,1006
2021-04-04,NL,Newfoundland and Labrador,,province,1020,6,1006
2021-04-05,NL,Newfoundland and Labrador,,province,1020,6,1006
2021-04-06,NL,Newfoundland and Labrador,,province,1020,6,1007
2021-04-07,NL,Newfoundland and Labrador,,province,1021,6,1007
2021-04-08,NL,Newfoundland and Labrador,,province,1022,6,1007
2021-04-09,NL,Newfoundland and Labrador,,province,1025,6,1007
2021-04-10,NL,Newfoundland and Labrador,,province,1029,6,1009
2021-04-11,NL,Newfoundland and Labrador,,province,1030,6,1009
2021-04-12,NL,Newfoundland and Labrador,,province,1030,6,1010
2021-04-13,NL,Newfoundland and Labrador,,province,1031,6,1010
2021-04-14,NL,Newfoundland and Labrador,,province,1034,6,1010
2021-04-15,NL,Newfoundland and Labrador,,province,1036,6,1011
2021-04-16,NL,Newfoundland and Labrador,,province,1039,6,1011
2021-04-17,NL,Newfoundland and Labrador,,province,1042,6,1011
2021-04-18,NL,Newfoundland and Labrador,,province,1043,6,1011
2021-04-19,NL,Newfoundland and Labrador,,province,1046,6,1011
2021-04-20,NL,Newfoundland and Labrador,,province,1048,6,1011
2021-04-21,NL,Newfoundland and Labrador,,province,1049,6,1012
2021-04-22,NL,Newfoundland and Labrador,,province,1052,6,1016
2021-04-23,NL,Newfoundland and Labrador,,province,1053,6,1020
2021-04-24,NL,Newfoundland and Labrador,,province,1056,6,1023
2021-04-25,NL,Newfoundland and Labrador,,province,1058,6,1023
2021-04-26,NL,Newfoundland and Labrador,,province,1062,6,1024
2021-04-27,NL,Newfoundland and Labrador,,province,1062,6,1028
2021-04-28,NL,Newfoundland and Labrador,,province,1066,6,1029
2021-04-29,NL,Newfoundland and Labrador,,province,1068,6,1031
2021-04-30,NL,Newfoundland and Labrador,,province,1076,6,1033
2021-05-01,NL,Newfoundland and Labrador,,province,1081,6,1038
2021-05-02,NL,Newfoundland and Labrador,,province,1099,6,1038
2021-05-03,NL,Newfoundland and Labrador,,province,1104,6,1038
2021-05-04,NL,Newfoundland and Labrador,,province,1108,6,1042
2021-05-05,NL,Newfoundland and Labrador,,province,1114,6,1046
2021-05-06,NL,Newfoundland and Labrador,,province,1120,6,1052
2021-05-07,NL,Newfoundland and Labrador,,province,1127,6,1054
2021-05-08,NL,Newfoundland and Labrador,,province,1133,6,1056
2021-05-09,NL,Newfoundland and Labrador,,province,1138,6,1061
2021-05-10,NL,Newfoundland and Labrador,,province,1141,6,1064
2021-05-11,NL,Newfoundland and Labrador,,province,1156,6,1069
2021-05-12,NL,Newfoundland and Labrador,,province,1166,6,1075
2021-05-13,NL,Newfoundland and Labrador,,province,1173,6,1081
2021-05-14,NL,Newfoundland and Labrador,,province,1179,6,1083
2021-05-15,NL,Newfoundland and Labrador,,province,1184,6,1096
2021-05-16,NL,Newfoundland and Labrador,,province,1193,6,1098
2021-05-17,NL,Newfoundland and Labrador,,province,1203,6,1100
2021-05-18,NL,Newfoundland and Labrador,,province,1209,6,1116
2021-05-19,NL,Newfoundland and Labrador,,province,1212,6,1124
2021-05-20,NL,Newfoundland and Labrador,,province,1216,6,1134
2021-05-21,NL,Newfoundland and Labrador,,province,1226,6,1146
2021-05-22,NL,Newfoundland and Labrador,,province,1230,6,1155
2021-05-23,NL,Newfoundland and Labrador,,province,1253,6,1156
2021-05-24,NL,Newfoundland and Labrador,,province,1258,6,1159
2021-05-25,NL,Newfoundland and Labrador,,province,1269,6,1166
2021-05-26,NL,Newfoundland and Labrador,,province,1273,6,1170
2021-05-27,NL,Newfoundland and Labrador,,province,1279,6,1180
2021-05-28,NL,Newfoundland and Labrador,,province,1293,6,1187
2021-05-29,NL,Newfoundland and Labrador,,province,1302,6,1192
2021-05-30,NL,Newfoundland and Labrador,,province,1309,6,1195
2021-05-31,NL,Newfoundland and Labrador,,province,1311,6,1200
2021-06-01,NL,Newfoundland and Labrador,,province,1317,6,1217
2021-06-02,NL,Newfoundland and Labrador,,province,1334,6,1234
2021-06-03,NL,Newfoundland and Labrador,,province,1340,6,1240
2021-06-04,NL,Newfoundland and Labrador,,province,1342,6,1252
2021-06-05,NL,Newfoundland and Labrador,,province,1347,6,1266
2021-06-06,NL,Newfoundland and Labrador,,province,1352,6,1274
2021-06-07,NL,Newfoundland and Labrador,,province,1354,6,1274
2021-06-08,NL,Newfoundland and Labrador,,province,1357,7,1284
2021-06-09,NL,Newfoundland and Labrador,,province,1360,7,1296
2021-06-10,NL,Newfoundland and Labrador,,province,1365,7,1303
2021-06-11,NL,Newfoundland and Labrador,,province,1368,7,1303
2021-06-12,NL,Newfoundland and Labrador,,province,1374,7,1323
2021-06-13,NL,Newfoundland and Labrador,,province,1375,7,1329
2021-06-14,NL,Newfoundland and Labrador,,province,1379,7,1329
2021-06-15,NL,Newfoundland and Labrador,,province,1381,7,1329
2021-06-16,NL,Newfoundland and Labrador,,province,1382,7,1336
2021-06-17,NL,Newfoundland and Labrador,,province,1383,7,1340
2021-06-18,NL,Newfoundland and Labrador,,province,1383,7,1350
2021-06-19,NL,Newfoundland and Labrador,,province,1383,7,1350
2021-06-20,NL,Newfoundland and Labrador,,province,1383,7,1350
2021-06-21,NL,Newfoundland and Labrador,,province,1383,7,1350
2021-06-22,NL,Newfoundland and Labrador,,province,1384,7,1360
2021-06-23,NL,Newfoundland and Labrador,,province,1384,7,1360
2021-06-24,NL,Newfoundland and Labrador,,province,1384,7,1366
2021-06-25,NL,Newfoundland and Labrador,,province,1384,7,1366
2021-06-26,NL,Newfoundland and Labrador,,province,1384,7,1366
2021-06-27,NL,Newfoundland and Labrador,,province,1384,7,1366
2021-06-28,NL,Newfoundland and Labrador,,province,1385,7,1368
2021-06-29,NL,Newfoundland and Labrador,,province,1385,7,1369
2021-06-30,NL,Newfoundland and Labrador,,province,1386,7,1370
2021-07-01,NL,Newfoundland and Labrador,,province,1386,7,1370
2021-07-02,NL,Newfoundland and Labrador,,province,1387,7,1372
2021-07-03,NL,Newfoundland and Labrador,,province,1387,7,1372
2021-07-04,NL,Newfoundland and Labrador,,province,1387,7,1372
2021-07-05,NL,Newfoundland and Labrador,,province,1400,7,1372
2021-07-06,NL,Newfoundland and Labrador,,province,1400,7,1373
2021-07-07,NL,Newfoundland and Labrador,,province,1400,7,1375
2021-07-08,NL,Newfoundland and Labrador,,province,1400,7,1375
2021-07-09,NL,Newfoundland and Labrador,,province,1402,7,1375
2021-07-10,NL,Newfoundland and Labrador,,province,1402,7,1375
2021-07-11,NL,Newfoundland and Labrador,,province,1402,7,1375
2021-07-12,NL,Newfoundland and Labrador,,province,1402,7,1375
2021-07-13,NL,Newfoundland and Labrador,,province,1407,7,1376
2021-07-14,NL,Newfoundland and Labrador,,province,1410,7,1376
2021-07-15,NL,Newfoundland and Labrador,,province,1433,7,1376
2021-07-16,NL,Newfoundland and Labrador,,province,1433,7,1376
2021-07-17,NL,Newfoundland and Labrador,,province,1433,7,1376
2021-07-18,NL,Newfoundland and Labrador,,province,1433,7,1376
2021-07-19,NL,Newfoundland and Labrador,,province,1437,7,1376
2021-07-20,NL,Newfoundland and Labrador,,province,1437,7,1377
2021-07-21,NL,Newfoundland and Labrador,,province,1437,7,1377
2021-07-22,NL,Newfoundland and Labrador,,province,1437,7,1377
2021-07-23,NL,Newfoundland and Labrador,,province,1437,7,1391
2021-07-24,NL,Newfoundland and Labrador,,province,1437,7,1391
2021-07-25,NL,Newfoundland and Labrador,,province,1437,7,1391
2021-07-26,NL,Newfoundland and Labrador,,province,1437,7,1391
2021-07-27,NL,Newfoundland and Labrador,,province,1437,7,1391
2021-07-28,NL,Newfoundland and Labrador,,province,1437,7,1421
2021-07-29,NL,Newfoundland and Labrador,,province,1437,7,1421
2021-07-30,NL,Newfoundland and Labrador,,province,1437,7,1421
2021-07-31,NL,Newfoundland and Labrador,,province,1437,7,1421
2021-08-01,NL,Newfoundland and Labrador,,province,1437,7,1421
2021-08-02,NL,Newfoundland and Labrador,,province,1440,7,1421
2021-08-03,NL,Newfoundland and Labrador,,province,1440,7,1421
2021-08-04,NL,Newfoundland and Labrador,,province,1441,7,1421
2021-08-05,NL,Newfoundland and Labrador,,province,1441,7,1421
2021-08-06,NL,Newfoundland and Labrador,,province,1443,7,1422
2021-08-07,NL,Newfoundland and Labrador,,province,1443,7,1422
2021-08-08,NL,Newfoundland and Labrador,,province,1443,7,1422
2021-08-09,NL,Newfoundland and Labrador,,province,1443,7,1423
2021-08-10,NL,Newfoundland and Labrador,,province,1443,7,1423
2021-08-11,NL,Newfoundland and Labrador,,province,1443,7,1424
2021-08-12,NL,Newfoundland and Labrador,,province,1443,7,1424
2021-08-13,NL,Newfoundland and Labrador,,province,1447,7,1426
2021-08-14,NL,Newfoundland and Labrador,,province,1447,7,1426
2021-08-15,NL,Newfoundland and Labrador,,province,1447,7,1426
2021-08-16,NL,Newfoundland and Labrador,,province,1450,7,1427
2021-08-17,NL,Newfoundland and Labrador,,province,1450,7,1427
2021-08-18,NL,Newfoundland and Labrador,,province,1456,7,1430
2021-08-19,NL,Newfoundland and Labrador,,province,1456,7,1430
2021-08-20,NL,Newfoundland and Labrador,,province,1458,7,1430
2021-08-21,NL,Newfoundland and Labrador,,province,1458,7,1430
2021-08-22,NL,Newfoundland and Labrador,,province,1458,7,1430
2021-08-23,NL,Newfoundland and Labrador,,province,1460,8,1431
2021-08-24,NL,Newfoundland and Labrador,,province,1460,8,1431
2021-08-25,NL,Newfoundland and Labrador,,province,1462,7,1435
2021-08-26,NL,Newfoundland and Labrador,,province,1462,7,1435
2021-08-27,NL,Newfoundland and Labrador,,province,1469,7,1441
2021-08-28,NL,Newfoundland and Labrador,,province,1469,7,1441
2021-08-29,NL,Newfoundland and Labrador,,province,1469,7,1441
2021-08-30,NL,Newfoundland and Labrador,,province,1478,7,1443
2021-08-31,NL,Newfoundland and Labrador,,province,1478,7,1443
2021-09-01,NL,Newfoundland and Labrador,,province,1486,7,1445
2021-09-02,NL,Newfoundland and Labrador,,province,1486,7,1445
2021-09-03,NL,Newfoundland and Labrador,,province,1491,7,1448
2021-09-04,NL,Newfoundland and Labrador,,province,1491,7,1448
2021-09-05,NL,Newfoundland and Labrador,,province,1491,7,1448
2021-09-06,NL,Newfoundland and Labrador,,province,1506,7,1459
2021-09-07,NL,Newfoundland and Labrador,,province,1511,7,1462
2021-09-08,NL,Newfoundland and Labrador,,province,1520,7,1466
2021-09-09,NL,Newfoundland and Labrador,,province,1520,7,1466
2021-09-10,NL,Newfoundland and Labrador,,province,1532,7,1473
2021-09-11,NL,Newfoundland and Labrador,,province,1532,7,1473
2021-09-12,NL,Newfoundland and Labrador,,province,1532,7,1473
2021-09-13,NL,Newfoundland and Labrador,,province,1541,7,1487
2021-09-14,NL,Newfoundland and Labrador,,province,1541,7,1487
2021-09-15,NL,Newfoundland and Labrador,,province,1551,7,1488
2021-09-16,NL,Newfoundland and Labrador,,province,1551,7,1488
2021-09-17,NL,Newfoundland and Labrador,,province,1555,7,1503
2021-09-18,NL,Newfoundland and Labrador,,province,1555,7,1503
2021-09-19,NL,Newfoundland and Labrador,,province,1555,7,1503
2021-09-20,NL,Newfoundland and Labrador,,province,1570,7,1510
2021-09-21,NL,Newfoundland and Labrador,,province,1586,7,1515
2021-09-22,NL,Newfoundland and Labrador,,province,1609,7,1518
2021-09-23,NL,Newfoundland and Labrador,,province,1609,7,1518
2021-09-24,NL,Newfoundland and Labrador,,province,1654,7,1531
2021-09-25,NL,Newfoundland and Labrador,,province,1668,7,1538
2021-09-26,NL,Newfoundland and Labrador,,province,1692,7,1544
2021-09-27,NL,Newfoundland and Labrador,,province,1717,8,1547
2021-09-28,NL,Newfoundland and Labrador,,province,1731,8,1557
2021-09-29,NL,Newfoundland and Labrador,,province,1747,8,1568
2021-09-30,NL,Newfoundland and Labrador,,province,1747,8,1568
2021-10-01,NL,Newfoundland and Labrador,,province,1788,10,1591
2021-10-02,NL,Newfoundland and Labrador,,province,1796,10,1610
2021-10-03,NL,Newfoundland and Labrador,,province,1804,10,1638
2021-10-04,NL,Newfoundland and Labrador,,province,1819,10,1642
2021-10-05,NL,Newfoundland and Labrador,,province,1824,10,1654
2021-10-06,NL,Newfoundland and Labrador,,province,1833,10,1684
2021-10-07,NL,Newfoundland and Labrador,,province,1840,10,1705
2021-10-08,NL,Newfoundland and Labrador,,province,1848,11,1718
2021-10-09,NL,Newfoundland and Labrador,,province,1848,11,1718
2021-10-10,NL,Newfoundland and Labrador,,province,1848,11,1718
2021-10-11,NL,Newfoundland and Labrador,,province,1848,11,1718
2021-10-12,NL,Newfoundland and Labrador,,province,1869,13,1780
2021-10-13,NL,Newfoundland and Labrador,,province,1873,13,1791
2021-10-14,NL,Newfoundland and Labrador,,province,1877,13,1797
2021-10-15,NL,Newfoundland and Labrador,,province,1881,13,1808
2021-10-16,NL,Newfoundland and Labrador,,province,1881,13,1808
2021-10-17,NL,Newfoundland and Labrador,,province,1881,13,1808
2021-10-18,NL,Newfoundland and Labrador,,province,1889,15,1820
2021-10-19,NL,Newfoundland and Labrador,,province,1889,15,1820
2021-10-20,NL,Newfoundland and Labrador,,province,1898,15,1830
2021-10-21,NL,Newfoundland and Labrador,,province,1898,15,1830
2021-10-22,NL,Newfoundland and Labrador,,province,1928,15,1844
2021-10-23,NL,Newfoundland and Labrador,,province,1928,15,1844
2021-10-24,NL,Newfoundland and Labrador,,province,1928,15,1844
2021-10-25,NL,Newfoundland and Labrador,,province,1964,15,1852
2021-10-26,NL,Newfoundland and Labrador,,province,1964,15,1852
2021-10-27,NL,Newfoundland and Labrador,,province,1984,16,1860
2021-10-28,NL,Newfoundland and Labrador,,province,1984,16,1860
2021-10-29,NL,Newfoundland and Labrador,,province,1992,16,1870
2021-10-30,NL,Newfoundland and Labrador,,province,1992,16,1870
2021-10-31,NL,Newfoundland and Labrador,,province,1992,16,1870
2021-11-01,NL,Newfoundland and Labrador,,province,1994,16,1880
2021-11-02,NL,Newfoundland and Labrador,,province,1994,16,1880
2021-11-03,NL,Newfoundland and Labrador,,province,1995,16,1912
2021-11-04,NL,Newfoundland and Labrador,,province,1995,16,1912
2021-11-05,NL,Newfoundland and Labrador,,province,2003,16,1928
2021-11-06,NL,Newfoundland and Labrador,,province,2003,16,1928
2021-11-07,NL,Newfoundland and Labrador,,province,2003,16,1928
2021-11-08,NL,Newfoundland and Labrador,,province,2012,16,1953
2021-11-09,NL,Newfoundland and Labrador,,province,2012,16,1953
2021-11-10,NL,Newfoundland and Labrador,,province,2019,16,1955
2021-11-11,NL,Newfoundland and Labrador,,province,2019,16,1955
2021-11-12,NL,Newfoundland and Labrador,,province,2025,16,1962
2021-11-13,NL,Newfoundland and Labrador,,province,2025,16,1962
2021-11-14,NL,Newfoundland and Labrador,,province,2025,16,1962
2021-11-15,NL,Newfoundland and Labrador,,province,2027,17,1972
2021-11-16,NL,Newfoundland and Labrador,,province,2027,17,1972
2021-11-17,NL,Newfoundland and Labrador,,province,2031,17,1985
2021-11-18,NL,Newfoundland and Labrador,,province,2031,17,1985
2021-11-19,NL,Newfoundland and Labrador,,province,2035,17,1992
2021-11-20,NL,Newfoundland and Labrador,,province,2035,17,1992
2021-11-21,NL,Newfoundland and Labrador,,province,2035,17,1992
2021-11-22,NL,Newfoundland and Labrador,,province,2038,17,2002
2021-11-23,NL,Newfoundland and Labrador,,province,2038,17,2002
2021-11-24,NL,Newfoundland and Labrador,,province,2042,18,2004
2021-11-25,NL,Newfoundland and Labrador,,province,2042,18,2004
2021-11-26,NL,Newfoundland and Labrador,,province,2048,18,2009
2021-11-27,NL,Newfoundland and Labrador,,province,2048,18,2009
2021-11-28,NL,Newfoundland and Labrador,,province,2048,18,2009
2021-11-29,NL,Newfoundland and Labrador,,province,2057,18,2011
2021-11-30,NL,Newfoundland and Labrador,,province,2057,18,2011
2021-12-01,NL,Newfoundland and Labrador,,province,2059,18,2012
2021-12-02,NL,Newfoundland and Labrador,,province,2059,18,2012
2021-12-03,NL,Newfoundland and Labrador,,province,2064,18,2019
2021-12-04,NL,Newfoundland and Labrador,,province,2064,18,2019
2021-12-05,NL,Newfoundland and Labrador,,province,2064,18,2019
2021-12-06,NL,Newfoundland and Labrador,,province,2064,18,2019
2021-12-07,NL,Newfoundland and Labrador,,province,2071,18,2033
2021-12-08,NL,Newfoundland and Labrador,,province,2076,18,2034
2021-12-09,NL,Newfoundland and Labrador,,province,2076,18,2034
2021-12-10,NL,Newfoundland and Labrador,,province,2078,18,2040
2021-12-11,NL,Newfoundland and Labrador,,province,2078,18,2040
2021-12-12,NL,Newfoundland and Labrador,,province,2078,18,2040
2021-12-13,NL,Newfoundland and Labrador,,province,2093,18,2045
2021-12-14,NL,Newfoundland and Labrador,,province,2093,18,2045
